DateKey,ProductKey,SupplierKey,StockReceived,StockSold,StockOnHand
1,1,1,475,127,348
2,21,15,487,243,244
3,3,3,341,188,153
730,4,4,500,124,376
4,1,1,429,351,78
5,21,4,79,61,18
6,5,4,339,296,43
7,21,5,305,53,252
8,7,6,440,338,102
9,21,7,260,254,6
730,9,8,238,161,77
10,5,9,121,13,108
11,17,10,290,147,143
12,11,11,319,94,225
13,21,12,232,3,229
14,11,3,250,130,120
15,13,11,214,113,101
16,14,12,412,41,371
17,15,12,295,93,202
18,11,11,356,147,209
19,16,6,457,133,324
20,17,14,346,269,77
21,36,15,321,104,217
22,21,24,210,10,200
23,43,7,457,181,276
24,4,11,253,65,188
25,43,6,409,46,363
26,3,17,486,26,460
3,21,7,209,47,162
27,22,8,100,40,60
28,14,18,327,170,157
29,23,5,427,169,258
30,24,17,58,38,20
31,4,7,349,161,188
32,9,9,225,192,33
730,21,9,312,194,118
33,16,19,160,157,3
34,1,5,147,69,78
35,3,11,322,259,63
730,22,19,154,35,119
36,21,24,55,26,29
37,30,21,438,22,416
38,16,21,280,134,146
39,1,8,223,168,55
40,17,5,441,107,334
41,5,17,143,42,101
42,14,12,154,151,3
43,9,5,479,105,374
44,4,3,210,18,192
45,3,8,142,20,122
46,23,7,211,51,160
47,28,7,427,49,378
48,21,19,422,187,235
49,13,21,471,357,114
730,7,6,500,355,145
730,30,7,157,35,122
50,31,23,394,346,48
730,13,11,330,100,230
51,13,21,175,163,12
52,3,24,260,158,102
53,30,25,491,140,351
54,9,10,254,116,138
55,7,18,67,52,15
730,21,11,484,395,89
56,14,6,374,177,197
57,24,4,193,102,91
58,11,18,220,73,147
730,28,18,286,222,64
59,22,4,332,223,109
60,43,21,125,6,119
61,36,21,481,72,409
62,1,7,281,111,170
63,7,11,202,38,164
64,28,18,71,11,60
65,16,3,372,189,183
66,31,3,66,35,31
67,13,7,264,200,64
68,21,23,332,301,31
69,21,9,128,40,88
70,5,6,432,346,86
71,31,23,112,82,30
39,21,6,487,104,383
72,28,8,224,211,13
73,9,18,243,235,8
74,11,23,144,44,100
75,3,8,282,191,91
76,5,14,496,214,282
4,21,10,484,281,203
77,16,4,225,138,87
78,1,11,474,5,469
730,28,10,483,102,381
79,28,6,405,114,291
80,7,25,340,34,306
730,15,24,134,43,91
81,17,1,221,159,62
67,23,5,365,122,243
730,14,19,463,121,342
82,36,24,417,272,145
83,36,6,55,40,15
84,11,18,381,78,303
85,15,14,71,37,34
86,16,3,400,90,310
87,7,8,106,24,82
88,30,4,358,162,196
56,22,11,104,92,12
89,23,14,247,43,204
90,22,23,488,459,29
91,36,14,411,304,107
92,21,17,140,114,26
730,7,25,293,126,167
93,30,24,175,99,76
94,24,8,500,380,120
730,14,23,411,274,137
95,1,7,151,115,36
96,16,6,151,61,90
97,30,10,362,212,150
98,23,17,57,18,39
99,28,5,414,305,109
730,21,17,299,27,272
100,4,7,396,272,124
101,3,8,313,95,218
102,4,11,311,28,283
103,13,18,457,445,12
104,11,23,148,98,50
105,21,24,452,293,159
730,21,8,276,107,169
730,7,24,488,106,382
730,9,14,380,137,243
106,22,7,439,352,87
107,36,10,302,29,273
9,21,1,170,1,169
108,9,4,266,29,237
109,36,23,259,8,251
110,28,14,73,31,42
111,14,24,102,9,93
112,23,23,422,159,263
113,43,10,67,52,15
114,28,25,284,240,44
115,22,8,72,57,15
116,15,3,131,57,74
78,31,24,140,90,50
7,22,15,415,83,332
117,43,10,210,159,51
118,11,15,486,358,128
109,28,18,378,86,292
119,11,15,263,101,162
120,9,18,122,50,72
121,23,12,372,76,296
730,5,12,270,170,100
122,7,10,371,62,309
14,30,7,262,153,109
123,13,3,369,313,56
124,17,24,113,28,85
730,17,7,216,164,52
125,31,5,147,12,135
30,14,9,291,153,138
126,11,17,222,42,180
127,4,14,228,38,190
128,5,5,490,301,189
129,24,21,440,54,386
123,21,14,163,126,37
110,1,10,369,165,204
130,13,3,455,37,418
131,21,7,121,23,98
132,4,1,403,340,63
730,22,9,333,156,177
35,7,8,430,410,20
133,7,9,258,248,10
134,31,24,282,166,116
135,14,7,312,5,307
34,15,18,262,183,79
136,16,14,439,31,408
137,24,10,59,10,49
138,15,14,354,131,223
139,23,3,106,24,82
140,4,23,460,426,34
141,5,8,185,173,12
142,28,3,420,31,389
63,4,9,371,56,315
143,31,25,222,208,14
144,17,6,244,78,166
145,30,12,93,29,64
146,9,21,224,82,142
26,22,11,267,157,110
730,21,8,220,194,26
147,17,14,207,197,10
148,7,19,319,226,93
730,5,11,392,189,203
730,13,17,488,322,166
149,30,23,307,288,19
150,22,9,449,291,158
151,14,19,118,51,67
152,11,10,122,8,114
153,15,1,380,221,159
154,4,6,106,22,84
155,16,19,143,66,77
156,3,10,156,122,34
157,16,10,380,251,129
158,22,21,231,223,8
159,23,7,289,71,218
160,14,25,228,158,70
161,24,7,387,335,52
98,9,21,257,180,77
18,22,23,92,8,84
730,16,15,417,28,389
74,21,8,157,36,121
162,31,17,338,179,159
163,43,6,239,62,177
137,3,12,423,402,21
164,22,11,290,239,51
165,9,3,132,49,83
166,1,14,335,88,247
167,22,5,382,159,223
168,1,3,484,65,419
169,7,12,362,258,104
170,5,10,333,231,102
139,24,5,307,246,61
171,4,12,182,168,14
60,21,24,465,201,264
730,5,25,137,8,129
172,30,3,133,25,108
106,21,21,168,65,103
173,13,9,68,15,53
28,22,23,356,55,301
730,15,6,167,36,131
174,43,17,183,70,113
75,17,1,433,374,59
175,22,8,376,229,147
176,13,18,347,324,23
730,21,7,479,241,238
161,31,8,260,65,195
174,28,12,271,218,53
177,24,6,182,160,22
51,1,23,450,365,85
178,15,12,78,49,29
179,17,21,315,200,115
160,3,6,477,447,30
172,3,7,53,14,39
29,14,17,115,85,30
730,31,1,162,55,107
180,9,23,497,319,178
181,15,12,154,9,145
182,31,5,400,15,385
133,21,25,357,210,147
183,3,23,271,178,93
184,9,21,386,226,160
730,30,24,166,33,133
185,3,14,438,90,348
186,7,17,285,82,203
187,13,21,79,29,50
188,23,23,279,150,129
189,21,24,492,234,258
190,3,17,263,47,216
115,31,10,114,91,23
174,23,21,258,213,45
191,24,18,143,133,10
189,31,17,307,47,260
56,4,23,234,42,192
192,31,7,178,119,59
193,4,24,120,7,113
194,15,9,367,52,315
182,14,3,318,58,260
195,9,9,424,118,306
196,21,12,125,33,92
730,13,11,435,124,311
197,13,12,244,145,99
730,17,11,390,160,230
154,30,3,458,330,128
198,21,3,285,269,16
730,36,23,202,133,69
199,36,17,435,419,16
200,31,11,444,428,16
131,22,24,462,22,440
201,4,1,302,6,296
202,24,4,447,131,316
203,3,11,342,300,42
113,1,8,163,96,67
204,31,3,184,118,66
205,4,19,338,4,334
206,1,24,72,65,7
207,21,5,110,99,11
208,43,17,339,88,251
209,24,8,291,175,116
730,3,25,281,150,131
210,15,18,282,89,193
70,3,17,176,133,43
211,11,1,99,68,31
134,31,12,470,397,73
212,5,7,334,114,220
213,11,4,157,58,99
65,16,6,312,275,37
159,11,18,391,385,6
109,31,17,362,25,337
214,5,3,210,85,125
215,24,7,112,27,85
216,43,10,351,343,8
217,31,19,260,97,163
218,4,9,316,257,59
219,22,18,446,439,7
220,24,11,223,47,176
221,28,24,375,273,102
195,3,15,63,46,17
222,15,7,113,103,10
86,15,7,401,260,141
223,43,6,339,112,227
123,5,10,53,52,1
18,14,1,428,200,228
224,21,11,152,6,146
225,24,14,131,2,129
226,16,15,393,28,365
227,3,11,333,246,87
228,5,11,75,38,37
229,3,4,256,170,86
230,28,15,290,195,95
231,17,15,457,436,21
14,5,15,339,171,168
730,24,5,248,74,174
232,21,10,120,75,45
233,11,17,141,39,102
234,9,11,142,64,78
235,23,10,472,332,140
80,21,9,351,118,233
236,4,14,120,78,42
32,30,7,416,390,26
730,28,11,270,181,89
237,24,19,483,442,41
170,17,1,171,87,84
238,28,14,398,232,166
239,15,12,55,53,2
240,11,21,194,178,16
87,11,24,293,116,177
241,30,12,299,235,64
242,4,19,333,181,152
243,1,6,168,134,34
210,15,12,70,5,65
133,1,17,105,36,69
730,1,23,220,146,74
218,21,5,336,196,140
244,21,14,205,88,117
245,3,14,101,45,56
246,16,6,207,47,160
247,7,14,97,7,90
248,13,4,278,99,179
730,13,1,265,78,187
111,3,25,271,129,142
206,4,25,290,130,160
249,3,8,348,152,196
250,11,21,219,46,173
251,3,15,90,35,55
252,21,3,138,31,107
253,31,11,239,144,95
38,15,1,449,191,258
254,43,8,410,177,233
255,1,8,188,176,12
256,7,4,50,20,30
257,28,18,332,82,250
258,7,11,462,102,360
259,3,6,132,24,108
260,7,25,163,131,32
125,21,7,306,84,222
261,21,18,374,288,86
53,23,8,455,304,151
262,24,23,219,164,55
167,21,10,341,56,285
263,22,21,454,177,277
62,1,4,345,229,116
165,15,18,163,160,3
264,15,15,473,311,162
235,15,18,440,321,119
265,28,24,410,190,220
730,16,5,198,140,58
226,17,25,247,43,204
266,14,1,421,177,244
267,43,15,366,316,50
268,13,1,127,93,34
269,28,15,94,27,67
151,5,25,156,40,116
270,15,10,186,43,143
271,4,15,295,201,94
272,9,10,296,25,271
273,30,21,445,265,180
274,24,19,154,133,21
275,36,7,465,247,218
276,43,8,362,67,295
134,22,5,257,129,128
277,13,3,468,134,334
730,11,6,290,61,229
175,7,5,110,4,106
278,22,7,79,78,1
98,3,1,340,317,23
730,30,23,386,67,319
279,7,14,376,288,88
259,36,11,316,312,4
280,9,11,337,92,245
167,3,1,195,154,41
97,14,18,273,8,265
166,23,10,131,2,129
730,1,15,189,187,2
730,15,17,403,395,8
281,22,19,177,26,151
211,43,14,58,39,19
730,11,12,495,230,265
730,7,11,233,46,187
282,28,24,471,75,396
283,3,19,182,149,33
63,24,1,367,8,359
284,36,10,480,395,85
285,14,17,321,131,190
65,21,1,428,288,140
286,13,8,405,377,28
287,1,18,63,25,38
288,5,19,211,50,161
289,4,19,262,195,67
290,24,8,407,64,343
291,31,17,428,44,384
292,13,14,482,267,215
293,24,4,469,110,359
294,30,15,349,128,221
19,13,6,434,340,94
295,15,24,70,55,15
296,15,3,423,351,72
730,30,1,345,235,110
297,15,18,324,216,108
220,28,11,427,256,171
298,21,1,330,321,9
299,36,17,130,55,75
220,11,12,421,333,88
84,21,4,177,70,107
300,4,23,252,223,29
301,5,11,109,38,71
272,11,7,98,67,31
274,9,12,363,141,222
302,23,3,81,62,19
250,5,9,420,372,48
303,11,18,355,156,199
304,21,6,465,69,396
166,22,3,159,100,59
106,21,11,333,233,100
305,21,14,396,7,389
306,23,5,57,23,34
307,7,7,323,178,145
192,24,5,297,293,4
308,43,19,92,79,13
730,22,10,313,216,97
309,23,5,401,3,398
730,23,17,448,299,149
730,24,21,395,154,241
310,5,23,496,187,309
311,23,9,340,200,140
312,21,5,183,165,18
313,3,18,325,99,226
280,15,1,62,10,52
730,1,21,184,158,26
314,16,24,262,173,89
730,23,1,93,67,26
315,28,23,104,21,83
312,28,5,404,4,400
316,23,10,77,62,15
317,4,8,199,175,24
48,23,17,198,43,155
318,4,15,351,93,258
319,43,12,333,307,26
320,17,5,87,64,23
321,15,5,118,104,14
322,5,5,361,187,174
134,14,21,152,68,84
22,14,8,160,115,45
265,31,9,436,237,199
9,14,21,464,25,439
140,17,11,126,119,7
323,4,11,496,80,416
21,22,9,324,307,17
144,24,4,454,30,424
324,15,25,122,12,110
4,24,18,325,142,183
233,1,5,430,43,387
325,5,4,341,239,102
326,22,14,190,20,170
327,3,23,312,10,302
149,21,12,77,69,8
299,36,8,107,81,26
328,7,11,84,2,82
72,23,23,148,81,67
127,3,3,51,42,9
329,13,7,366,211,155
330,28,12,53,26,27
258,31,19,183,182,1
30,21,3,468,418,50
17,28,14,230,147,83
251,1,9,74,8,66
281,22,10,164,55,109
331,5,5,364,362,2
332,7,3,443,84,359
101,16,3,283,157,126
144,28,18,141,52,89
730,22,8,388,370,18
333,7,7,364,249,115
213,43,5,70,39,31
334,1,14,447,108,339
122,43,6,133,98,35
332,30,9,317,99,218
335,30,18,338,307,31
89,24,9,379,98,281
32,31,23,402,11,391
730,30,17,312,7,305
127,31,24,227,94,133
286,3,14,173,102,71
336,17,19,366,290,76
325,43,5,348,18,330
337,28,10,290,96,194
314,13,6,239,129,110
141,21,4,148,71,77
338,15,17,337,82,255
285,43,19,232,79,153
339,43,9,252,200,52
65,15,12,211,177,34
340,28,15,324,280,44
341,11,7,103,28,75
261,7,25,360,345,15
730,13,4,157,58,99
342,14,19,478,439,39
292,7,10,147,143,4
343,22,25,380,355,25
730,24,3,86,83,3
730,22,1,207,162,45
23,22,18,439,430,9
344,17,3,206,85,121
345,43,18,131,126,5
62,5,5,161,130,31
346,9,17,258,245,13
347,13,11,71,7,64
200,9,12,127,42,85
287,21,19,191,46,145
348,16,1,81,14,67
349,13,15,482,473,9
350,22,6,92,6,86
351,1,1,409,211,198
339,13,12,397,162,235
85,30,14,270,9,261
352,13,24,258,167,91
16,17,11,225,38,187
353,30,6,458,151,307
354,24,23,108,14,94
355,24,24,472,325,147
356,7,4,303,76,227
243,9,19,262,220,42
357,31,3,287,105,182
314,16,25,183,79,104
171,30,25,104,7,97
11,24,18,499,54,445
358,11,23,307,94,213
359,22,4,188,17,171
360,43,25,303,7,296
285,28,10,237,237,0
68,17,3,437,245,192
261,15,10,74,36,38
361,16,12,200,166,34
283,11,17,443,203,240
286,21,7,214,9,205
362,14,3,150,128,22
189,11,10,195,143,52
281,14,19,351,252,99
107,5,25,490,14,476
242,7,14,337,231,106
363,9,4,148,114,34
124,13,12,233,87,146
208,5,7,482,27,455
364,43,15,67,56,11
730,11,4,333,86,247
37,31,8,378,249,129
195,36,8,352,97,255
365,4,21,489,90,399
324,4,7,196,15,181
94,30,9,466,213,253
366,24,12,320,34,286
195,43,8,128,74,54
367,21,10,352,159,193
368,21,3,432,173,259
369,28,1,326,211,115
370,36,24,313,39,274
730,9,7,384,188,196
83,14,10,487,341,146
371,24,7,81,53,28
68,31,12,168,6,162
372,7,17,372,173,199
104,24,1,206,172,34
373,11,23,205,35,170
210,43,5,175,127,48
93,23,24,336,75,261
327,17,15,262,240,22
374,21,25,452,236,216
160,3,14,419,151,268
320,1,21,269,8,261
187,16,25,428,238,190
375,1,10,67,39,28
8,4,8,118,110,8
376,9,4,60,16,44
259,21,11,79,71,8
346,43,17,60,15,45
377,43,11,209,190,19
131,30,8,120,67,53
110,21,19,448,21,427
378,31,25,130,129,1
160,15,23,185,21,164
147,7,4,106,65,41
153,4,15,146,80,66
379,21,21,337,190,147
219,13,11,159,145,14
730,21,14,125,49,76
380,14,25,141,77,64
730,22,21,57,50,7
730,14,10,159,159,0
256,28,21,498,270,228
234,22,9,204,204,0
381,1,7,332,48,284
382,3,24,203,126,77
104,24,7,412,230,182
382,30,18,274,201,73
383,36,6,122,38,84
119,28,9,238,80,158
384,9,17,188,150,38
385,3,3,210,187,23
386,21,15,414,409,5
255,22,6,247,122,125
318,3,7,56,52,4
387,28,4,219,154,65
170,24,6,305,232,73
388,17,9,221,221,0
389,23,19,230,217,13
390,7,9,352,113,239
391,15,23,270,150,120
392,14,24,73,63,10
306,30,6,222,50,172
393,11,24,331,17,314
394,5,8,465,294,171
157,15,11,442,152,290
395,15,11,348,248,100
730,36,24,213,55,158
22,17,8,384,357,27
6,28,23,252,245,7
152,23,11,306,305,1
227,23,24,354,332,22
730,1,4,295,167,128
80,14,1,294,209,85
396,43,8,370,349,21
397,31,14,281,190,91
258,15,7,185,67,118
199,5,7,378,354,24
320,21,21,251,131,120
151,4,24,134,19,115
163,3,8,334,142,192
398,22,11,477,420,57
399,21,15,176,33,143
211,3,24,364,17,347
125,17,24,270,130,140
54,4,23,441,369,72
400,13,1,197,87,110
59,16,7,118,90,28
284,22,15,332,249,83
377,1,7,376,270,106
362,1,1,294,37,257
287,21,18,377,18,359
401,17,18,233,167,66
177,11,9,489,87,402
402,3,15,346,131,215
288,4,4,114,7,107
204,3,11,497,281,216
15,1,21,403,259,144
403,7,8,210,85,125
404,9,1,332,66,266
367,5,9,60,60,0
269,7,17,432,372,60
405,13,11,252,146,106
406,13,6,158,65,93
407,21,6,479,214,265
408,3,8,296,260,36
343,11,24,324,86,238
255,21,21,463,167,296
132,15,24,454,334,120
409,9,12,63,50,13
410,21,19,491,351,140
411,28,7,79,55,24
412,7,17,78,5,73
413,15,24,105,22,83
51,21,21,265,77,188
95,28,23,211,84,127
73,9,7,268,115,153
414,36,1,406,375,31
730,14,11,227,99,128
415,7,25,459,400,59
240,36,8,401,162,239
307,31,7,351,323,28
366,9,3,91,23,68
416,9,19,491,383,108
417,11,17,346,60,286
234,9,15,376,123,253
418,11,12,164,33,131
162,28,19,492,281,211
276,1,23,301,128,173
85,15,3,142,84,58
217,5,3,229,222,7
397,23,17,138,35,103
730,14,15,336,32,304
71,17,5,362,140,222
301,21,17,275,45,230
269,21,19,115,86,29
213,7,7,137,52,85
419,30,17,372,134,238
420,21,15,99,15,84
421,7,19,403,14,389
228,28,1,207,203,4
327,1,3,338,89,249
193,21,23,372,329,43
422,30,14,55,13,42
423,17,3,328,3,325
424,3,8,408,48,360
425,31,12,446,274,172
360,5,11,51,42,9
211,21,3,315,122,193
426,21,10,495,308,187
730,36,3,131,49,82
393,22,25,250,165,85
151,4,10,227,183,44
427,21,11,194,14,180
730,13,6,137,100,37
730,21,14,185,175,10
265,7,18,215,124,91
211,22,11,103,64,39
730,30,15,378,71,307
730,9,1,384,30,354
132,21,23,335,317,18
730,21,21,409,408,1
730,4,6,382,108,274
134,21,15,426,34,392
299,28,8,403,245,158
77,4,1,59,2,57
428,28,1,435,62,373
191,22,19,441,113,328
136,30,8,309,169,140
122,16,18,273,198,75
730,9,17,396,294,102
429,31,6,138,137,1
730,7,6,390,20,370
408,22,11,82,17,65
129,30,23,442,20,422
430,21,5,171,10,161
121,28,14,491,469,22
431,17,25,65,29,36
432,5,11,233,62,171
244,31,21,300,271,29
432,31,25,165,73,92
433,24,14,424,89,335
434,30,17,426,171,255
435,15,10,72,67,5
436,5,8,282,39,243
269,36,17,151,62,89
437,3,25,418,376,42
438,13,1,211,154,57
439,22,18,187,7,180
128,17,21,499,49,450
129,21,5,430,384,46
440,24,14,72,14,58
221,31,5,185,31,154
441,16,24,340,303,37
67,5,24,494,248,246
442,21,17,214,40,174
730,3,19,133,86,47
94,11,1,234,133,101
411,43,9,411,133,278
266,14,10,313,295,18
288,5,15,245,113,132
443,22,21,380,349,31
730,4,24,220,27,193
444,22,4,154,148,6
350,1,5,77,71,6
312,24,5,55,52,3
50,1,25,201,128,73
214,1,7,129,118,11
445,28,5,369,215,154
446,24,25,383,209,174
447,17,25,154,152,2
289,43,23,90,85,5
448,5,9,57,1,56
182,5,18,335,310,25
281,36,8,78,5,73
449,3,4,171,118,53
450,17,9,308,150,158
7,5,10,127,78,49
11,24,3,260,216,44
313,24,6,314,176,138
117,30,6,369,183,186
730,17,4,429,302,127
451,43,12,60,29,31
289,5,24,315,244,71
91,14,1,453,51,402
239,11,24,124,66,58
452,43,21,108,71,37
730,5,1,313,91,222
99,21,11,115,57,58
453,13,21,314,227,87
454,5,19,397,40,357
373,43,25,247,141,106
217,43,3,290,22,268
36,16,24,362,160,202
137,4,21,221,108,113
95,22,23,53,34,19
455,28,17,345,133,212
456,43,12,132,20,112
40,36,21,393,364,29
457,21,17,372,86,286
730,16,21,456,114,342
458,17,8,145,117,28
459,21,24,473,292,181
93,7,8,401,312,89
146,36,19,364,329,35
391,4,23,245,25,220
350,43,12,141,42,99
460,36,15,338,332,6
730,7,23,226,35,191
344,31,11,268,64,204
200,28,9,280,121,159
453,15,15,403,142,261
403,13,23,500,155,345
13,7,18,311,262,49
349,13,18,240,118,122
415,11,23,196,61,135
461,17,11,437,424,13
462,43,5,246,87,159
30,43,14,218,25,193
260,23,6,428,89,339
71,15,11,445,393,52
463,16,11,78,60,18
313,21,21,206,58,148
430,31,8,340,298,42
730,21,3,99,84,15
464,3,3,277,231,46
220,31,24,464,274,190
407,22,9,473,34,439
3,36,15,280,246,34
349,28,1,266,141,125
44,21,6,131,52,79
299,17,6,382,23,359
465,30,5,373,112,261
256,43,8,278,179,99
269,5,11,106,53,53
466,15,3,383,206,177
321,23,21,198,82,116
302,4,9,268,8,260
730,16,18,50,16,34
466,36,25,74,60,14
730,17,4,380,85,295
11,4,15,216,62,154
126,9,7,407,167,240
35,28,8,458,269,189
115,16,4,89,85,4
220,43,3,158,19,139
277,21,11,472,126,346
16,1,14,284,128,156
279,22,19,386,50,336
467,36,23,257,162,95
445,31,15,433,9,424
468,14,19,62,61,1
730,43,5,474,228,246
730,7,5,455,287,168
730,28,9,64,23,41
179,7,18,443,136,307
31,30,1,290,55,235
250,1,7,221,135,86
394,22,14,364,164,200
730,15,14,427,422,5
123,15,19,198,187,11
469,3,25,456,355,101
468,14,21,483,281,202
416,16,23,98,1,97
93,21,21,413,100,313
182,36,10,147,28,119
371,31,12,280,148,132
4,13,14,203,191,12
361,22,17,194,135,59
368,24,8,385,200,185
69,30,12,486,172,314
353,43,23,447,64,383
470,14,6,262,192,70
390,17,1,393,222,171
440,14,12,211,48,163
471,1,17,279,249,30
361,30,6,122,37,85
150,9,7,249,39,210
46,30,3,346,37,309
274,36,6,384,334,50
472,28,9,90,70,20
267,4,17,463,258,205
204,1,23,464,188,276
105,31,19,112,10,102
269,22,24,66,57,9
473,4,14,459,290,169
297,16,14,389,232,157
216,36,14,149,140,9
730,21,15,142,15,127
471,21,19,308,139,169
730,43,3,345,305,40
32,30,18,374,23,351
226,31,14,304,173,131
474,14,1,402,135,267
475,5,24,131,36,95
53,43,11,53,45,8
339,31,9,468,206,262
476,28,17,65,3,62
370,4,5,203,103,100
154,1,4,291,85,206
477,21,3,78,26,52
257,31,3,77,23,54
409,3,8,453,257,196
730,22,14,72,51,21
242,23,15,370,241,129
361,36,10,325,7,318
37,31,5,265,47,218
169,21,21,442,237,205
478,36,11,382,311,71
14,31,3,452,391,61
76,36,21,396,230,166
730,11,4,80,61,19
122,22,1,358,195,163
218,13,7,408,328,80
320,13,12,190,9,181
479,36,17,255,107,148
320,36,15,308,189,119
480,14,5,470,34,436
257,36,10,377,129,248
481,22,19,347,99,248
482,30,14,117,101,16
124,14,8,202,193,9
51,28,12,164,159,5
730,15,25,98,72,26
377,22,17,136,129,7
730,9,7,476,162,314
240,9,23,226,13,213
74,13,7,266,91,175
483,36,8,489,53,436
484,28,14,84,14,70
485,1,24,138,127,11
730,3,14,361,303,58
178,7,14,198,125,73
452,14,9,367,23,344
486,21,5,175,97,78
138,36,4,145,126,19
487,13,19,459,247,212
488,30,1,464,48,416
291,9,3,255,148,107
489,17,9,395,264,131
730,36,10,447,52,395
490,16,1,127,55,72
225,5,6,275,209,66
365,43,6,134,127,7
65,21,1,399,327,72
247,22,21,195,4,191
491,28,1,81,76,5
35,15,14,320,269,51
492,3,17,494,124,370
449,24,15,221,74,147
493,11,15,279,1,278
103,1,17,141,48,93
494,5,21,156,54,102
200,14,6,114,77,37
495,22,21,331,178,153
411,11,10,138,30,108
375,3,17,403,247,156
154,14,12,81,62,19
496,15,18,138,33,105
497,17,3,400,9,391
456,17,23,112,65,47
399,21,3,341,199,142
498,31,1,269,31,238
41,9,6,387,63,324
53,21,5,130,128,2
181,36,3,397,51,346
100,9,1,366,300,66
285,23,15,327,103,224
424,36,9,253,86,167
184,43,10,106,36,70
171,3,19,408,246,162
499,15,15,133,95,38
490,15,21,286,252,34
125,23,24,491,327,164
500,36,15,446,255,191
501,43,25,459,399,60
60,23,10,376,265,111
133,11,8,158,87,71
502,15,3,285,253,32
503,43,24,328,95,233
504,3,10,133,74,59
424,24,10,491,448,43
730,5,18,375,295,80
318,23,10,367,356,11
730,22,15,53,15,38
730,3,6,55,19,36
483,17,19,52,2,50
261,21,9,329,50,279
505,31,21,482,19,463
506,23,23,321,157,164
507,14,1,137,21,116
730,1,1,67,27,40
508,7,7,431,222,209
509,3,10,399,45,354
422,7,15,474,222,252
119,21,5,333,208,125
510,14,1,424,162,262
511,30,11,122,60,62
512,22,3,230,175,55
513,36,3,146,47,99
514,3,14,121,110,11
515,28,25,317,94,223
172,9,4,157,128,29
43,31,1,91,71,20
48,11,10,471,74,397
309,15,1,241,110,131
305,21,18,257,218,39
516,16,11,352,337,15
187,4,12,134,30,104
517,11,21,60,42,18
465,24,9,269,32,237
104,30,21,304,181,123
239,43,25,91,40,51
89,3,15,167,26,141
518,7,17,89,27,62
66,11,7,50,30,20
422,43,3,150,62,88
730,3,9,170,107,63
730,13,17,336,146,190
102,3,21,453,369,84
71,21,23,399,47,352
330,21,23,407,77,330
519,21,1,323,267,56
520,15,8,109,4,105
131,43,10,253,103,150
730,21,7,481,128,353
517,4,11,380,377,3
144,15,5,207,143,64
105,5,11,68,19,49
232,23,6,337,192,145
730,11,18,402,65,337
521,22,21,270,100,170
346,22,23,425,341,84
252,31,10,492,167,325
169,28,25,72,54,18
522,9,1,106,62,44
523,4,24,65,51,14
730,31,6,188,92,96
524,4,9,401,278,123
730,43,14,473,429,44
88,22,3,370,176,194
525,43,14,348,64,284
730,22,17,215,133,82
418,15,4,295,150,145
17,15,3,86,76,10
128,24,3,462,431,31
423,43,11,188,160,28
386,24,1,223,48,175
526,36,25,75,33,42
381,7,25,243,41,202
35,31,17,232,64,168
489,3,24,298,283,15
73,3,6,194,183,11
54,22,7,339,164,175
47,28,12,441,12,429
177,31,21,112,45,67
331,28,12,422,211,211
730,24,14,140,19,121
197,16,14,239,63,176
134,14,5,287,272,15
304,13,6,145,89,56
527,23,25,137,18,119
47,16,8,495,335,160
730,15,15,132,105,27
528,31,11,225,214,11
529,13,21,500,116,384
101,7,17,472,11,461
81,11,1,230,21,209
530,22,23,258,107,151
114,5,18,307,306,1
141,36,24,210,198,12
252,23,15,486,221,265
21,23,5,101,86,15
531,31,5,390,374,16
532,36,15,75,24,51
220,13,6,232,189,43
63,17,4,404,80,324
533,28,11,184,72,112
326,1,1,373,199,174
101,4,9,391,100,291
312,16,17,145,63,82
234,30,11,430,324,106
534,13,5,297,155,142
280,11,23,422,73,349
730,7,9,116,64,52
418,11,4,342,227,115
504,15,21,387,386,1
730,3,18,426,289,137
507,4,1,216,135,81
730,43,14,141,15,126
248,9,4,287,30,257
337,5,6,91,80,11
15,28,3,212,45,167
351,4,8,382,58,324
535,31,14,127,107,20
378,21,3,227,120,107
75,30,6,97,28,69
536,3,3,96,39,57
535,16,11,221,217,4
364,3,14,460,171,289
505,43,9,405,314,91
537,31,4,322,106,216
538,31,18,324,173,151
400,21,10,307,90,217
160,15,25,407,330,77
539,21,19,236,76,160
399,1,10,369,54,315
133,13,24,290,241,49
540,7,15,74,40,34
133,31,10,147,133,14
342,17,8,139,45,94
541,31,15,146,40,106
123,31,18,243,124,119
388,9,9,464,115,349
296,15,5,61,44,17
542,36,15,157,149,8
543,31,7,203,44,159
418,9,1,443,104,339
261,31,19,174,74,100
544,21,5,322,24,298
545,13,17,203,37,166
121,17,19,234,5,229
30,13,17,51,17,34
730,1,17,351,194,157
250,4,7,187,36,151
226,31,1,208,21,187
29,17,3,147,77,70
546,21,11,134,128,6
534,13,8,258,76,182
423,1,7,100,84,16
273,30,1,414,337,77
380,22,9,470,98,372
197,28,5,281,186,95
287,28,24,165,118,47
547,14,5,205,23,182
548,17,15,74,60,14
305,4,21,120,13,107
549,13,14,70,38,32
99,3,3,391,314,77
262,5,23,431,69,362
730,13,7,284,233,51
131,9,11,500,358,142
310,3,21,411,209,202
168,31,5,263,206,57
220,14,1,64,33,31
148,43,24,164,78,86
550,11,24,492,391,101
142,43,11,319,234,85
226,13,18,337,9,328
78,30,12,191,135,56
71,3,19,232,175,57
551,17,1,105,50,55
6,16,1,399,124,275
552,24,9,439,244,195
289,31,6,98,69,29
527,17,21,489,416,73
553,16,23,453,85,368
554,7,3,475,113,362
730,22,25,293,258,35
352,24,10,475,38,437
555,22,18,104,66,38
338,31,17,484,225,259
106,17,10,232,195,37
232,7,15,347,179,168
394,28,15,444,360,84
448,43,1,425,415,10
147,13,19,299,242,57
99,17,7,193,99,94
447,15,10,304,16,288
556,17,25,385,82,303
147,4,1,185,162,23
730,14,15,406,288,118
102,43,10,203,75,128
155,21,12,198,68,130
730,9,25,412,292,120
471,30,4,125,27,98
393,14,19,119,106,13
301,22,3,377,72,305
557,14,10,236,105,131
558,28,23,92,49,43
199,23,4,454,16,438
26,43,23,247,187,60
559,30,8,270,151,119
517,36,18,135,47,88
216,28,24,353,26,327
730,36,19,307,273,34
402,11,15,88,3,85
409,1,14,278,217,61
452,17,12,95,60,35
560,1,10,222,7,215
561,9,24,397,304,93
562,5,19,72,57,15
514,4,4,413,358,55
294,1,14,142,92,50
563,1,4,204,200,4
564,3,15,252,139,113
730,31,18,93,12,81
546,9,12,313,47,266
565,5,7,288,247,41
566,23,25,54,34,20
410,22,6,409,47,362
567,9,17,498,334,164
459,24,17,490,258,232
118,36,18,281,88,193
162,23,15,485,68,417
386,7,10,77,16,61
568,21,6,54,21,33
280,43,24,219,49,170
539,21,17,493,259,234
404,4,7,209,179,30
171,30,25,285,31,254
82,13,3,339,102,237
148,24,8,337,56,281
142,36,10,407,251,156
208,23,19,494,385,109
343,43,15,61,55,6
101,11,9,347,167,180
154,36,21,284,228,56
170,5,5,246,233,13
246,14,19,109,57,52
569,9,21,153,13,140
341,3,10,59,2,57
351,21,11,481,56,425
349,22,19,85,27,58
245,7,14,449,42,407
570,21,5,339,164,175
730,15,21,300,284,16
730,3,12,111,38,73
550,36,4,389,330,59
415,16,23,197,111,86
125,5,10,113,78,35
730,4,4,89,61,28
255,13,18,496,494,2
571,4,18,168,97,71
392,43,14,318,126,192
228,3,6,411,401,10
259,7,3,192,103,89
530,4,24,170,62,108
730,3,25,133,7,126
274,1,14,427,361,66
292,22,1,407,93,314
136,11,7,469,63,406
572,7,1,87,1,86
360,23,21,203,14,189
115,28,24,461,162,299
452,3,15,177,138,39
527,3,21,317,23,294
173,15,17,391,171,220
95,21,9,270,230,40
140,16,3,311,243,68
444,31,12,441,246,195
730,16,24,131,121,10
573,36,15,307,64,243
93,15,6,429,310,119
730,16,15,135,81,54
574,23,19,141,61,80
211,14,24,73,52,21
730,9,11,89,27,62
242,22,17,307,299,8
258,16,8,492,378,114
575,28,10,264,123,141
222,28,6,330,231,99
506,7,23,236,135,101
179,9,18,349,45,304
576,3,6,307,126,181
235,22,10,116,38,78
324,14,8,139,94,45
305,4,17,304,269,35
577,16,6,457,25,432
578,28,19,423,201,222
140,9,21,318,130,188
540,28,24,472,6,466
730,3,5,326,47,279
317,7,5,474,413,61
58,4,12,474,317,157
232,24,1,497,248,249
415,5,24,483,414,69
302,43,17,318,2,316
296,36,4,121,21,100
548,14,24,473,345,128
730,7,11,255,149,106
56,30,1,105,9,96
281,13,17,492,344,148
6,17,7,374,250,124
30,13,3,159,29,130
33,1,9,137,28,109
185,21,23,455,204,251
242,43,12,465,270,195
730,31,25,114,102,12
247,7,24,384,117,267
535,21,6,494,483,11
579,14,1,146,74,72
386,22,4,490,313,177
212,17,4,213,211,2
502,22,12,417,61,356
580,36,17,477,401,76
581,17,5,258,139,119
237,1,19,406,48,358
502,21,12,310,7,303
582,43,17,398,159,239
583,4,24,160,72,88
584,21,3,484,167,317
497,31,6,430,384,46
98,3,14,179,57,122
585,31,24,106,76,30
586,31,5,332,238,94
507,24,24,190,172,18
191,1,3,290,98,192
730,13,17,281,269,12
587,21,10,364,88,276
76,43,15,340,40,300
334,21,1,107,26,81
90,14,12,323,323,0
588,43,19,250,62,188
197,36,9,323,288,35
562,15,5,238,15,223
113,4,7,323,289,34
260,22,4,241,210,31
589,11,11,385,29,356
83,4,12,53,1,52
95,4,25,132,108,24
301,13,5,429,337,92
563,22,6,178,151,27
237,43,17,221,77,144
219,21,18,347,32,315
542,15,6,271,124,147
590,17,12,98,22,76
316,3,6,289,123,166
112,5,9,111,39,72
387,31,25,248,215,33
730,28,9,77,20,57
730,22,18,496,282,214
591,28,6,232,80,152
592,30,12,124,46,78
209,7,17,373,139,234
82,22,25,105,90,15
78,13,21,272,206,66
593,24,18,214,33,181
730,9,12,298,48,250
522,24,18,96,87,9
138,24,23,193,148,45
399,23,7,222,65,157
39,21,1,153,87,66
476,28,5,281,116,165
125,17,3,435,429,6
207,14,3,111,88,23
554,36,8,230,190,40
434,22,14,274,24,250
34,16,4,383,339,44
594,1,7,262,120,142
330,13,25,260,2,258
21,3,24,215,158,57
75,14,14,336,169,167
551,31,8,231,71,160
381,15,15,283,13,270
58,30,7,350,338,12
156,9,24,341,273,68
64,9,6,347,112,235
111,43,9,269,214,55
460,14,3,267,215,52
730,30,25,191,176,15
412,30,8,447,175,272
173,4,15,438,156,282
595,1,4,118,65,53
42,7,14,248,243,5
395,7,25,111,6,105
596,23,25,111,101,10
730,7,18,310,84,226
502,21,8,412,225,187
730,5,5,281,152,129
730,31,5,458,101,357
138,11,23,419,261,158
252,21,5,359,193,166
370,13,8,153,134,19
597,16,19,391,66,325
730,31,24,319,286,33
496,23,18,166,16,150
27,36,10,453,109,344
450,30,5,143,10,133
497,21,10,326,183,143
233,1,3,493,493,0
598,15,10,422,111,311
730,21,6,433,355,78
730,30,7,198,63,135
288,3,19,312,219,93
599,36,15,441,3,438
47,28,1,100,67,33
730,11,24,491,452,39
202,1,9,472,175,297
730,36,8,381,301,80
600,28,10,200,24,176
122,24,3,123,96,27
99,11,14,238,82,156
241,1,4,248,41,207
352,21,18,454,134,320
418,16,3,417,111,306
580,13,21,117,60,57
10,3,24,447,155,292
438,14,11,394,302,92
254,24,6,480,133,347
437,43,14,160,115,45
173,11,19,484,466,18
74,23,4,378,272,106
180,9,3,301,243,58
730,21,24,230,31,199
46,23,17,500,111,389
154,14,23,301,229,72
730,9,1,464,388,76
164,17,5,306,150,156
81,15,18,168,148,20
113,9,1,379,171,208
451,11,25,197,57,140
465,9,7,113,66,47
592,43,23,90,6,84
601,11,6,121,52,69
4,1,24,175,85,90
214,43,7,167,126,41
564,28,17,343,153,190
431,17,8,395,98,297
219,21,24,290,179,111
312,15,19,394,191,203
602,24,9,325,15,310
464,14,5,469,370,99
210,31,12,252,240,12
1,22,4,399,36,363
430,28,25,88,39,49
112,3,18,180,100,80
570,17,1,167,50,117
469,36,9,260,245,15
603,36,21,231,135,96
730,17,5,159,118,41
299,14,1,128,123,5
513,1,7,405,183,222
80,23,5,288,215,73
151,13,18,176,67,109
348,9,3,403,191,212
730,4,8,229,13,216
604,5,4,452,242,210
605,43,5,397,183,214
178,28,12,297,146,151
224,7,21,131,5,126
606,43,23,259,140,119
526,5,15,322,132,190
412,21,9,223,202,21
730,13,18,58,28,30
146,28,25,203,99,104
225,22,19,441,97,344
32,1,8,454,243,211
201,23,18,279,240,39
341,30,19,170,64,106
18,23,18,356,80,276
254,4,6,61,44,17
229,11,17,496,330,166
384,17,14,268,123,145
427,23,23,113,75,38
520,24,4,409,196,213
58,21,18,427,95,332
304,4,18,149,143,6
333,22,14,86,15,71
48,43,11,229,135,94
66,17,12,288,128,160
549,4,5,145,51,94
730,13,11,346,45,301
98,24,18,432,64,368
83,17,8,151,97,54
730,24,6,385,77,308
539,15,10,266,58,208
98,13,24,427,98,329
457,23,17,200,150,50
428,21,15,107,78,29
455,4,23,365,15,350
129,21,24,232,65,167
568,9,23,74,66,8
377,21,24,210,170,40
296,9,6,288,54,234
17,31,23,158,130,28
730,21,1,279,252,27
607,21,6,51,45,6
341,4,19,222,66,156
325,14,12,161,132,29
118,13,1,404,128,276
730,11,7,136,38,98
608,21,17,357,150,207
120,21,9,332,99,233
730,36,9,447,441,6
609,36,23,300,3,297
175,9,8,57,5,52
414,14,1,260,248,12
185,43,15,488,198,290
195,9,14,226,120,106
382,21,18,336,160,176
610,43,21,436,427,9
730,36,11,89,89,0
34,28,18,236,132,104
549,13,18,234,185,49
39,4,23,453,380,73
578,21,6,436,317,119
611,13,18,289,68,221
336,23,17,214,55,159
557,9,11,281,102,179
29,5,8,483,450,33
555,11,3,447,5,442
730,4,4,180,115,65
470,16,7,118,65,53
349,21,4,85,37,48
517,21,23,310,177,133
532,4,10,214,199,15
189,30,23,225,206,19
612,15,6,89,64,25
371,31,9,398,97,301
334,21,21,185,169,16
514,36,19,371,36,335
14,14,4,98,20,78
261,21,18,75,60,15
47,24,3,143,50,93
401,22,9,275,202,73
28,5,6,322,187,135
730,13,18,349,187,162
158,22,25,299,36,263
307,7,18,347,223,124
730,17,1,132,29,103
552,17,8,214,124,90
509,16,5,322,37,285
450,16,21,196,19,177
11,28,15,271,127,144
488,36,4,383,331,52
62,4,12,347,249,98
613,31,12,455,105,350
57,9,5,402,340,62
380,36,6,263,168,95
34,9,12,115,32,83
420,17,25,481,112,369
126,43,10,346,189,157
614,17,18,363,172,191
417,5,8,69,32,37
57,1,7,282,191,91
194,21,3,57,56,1
243,15,1,106,62,44
730,23,25,369,191,178
58,11,17,143,82,61
109,23,15,143,17,126
615,3,6,293,159,134
335,30,14,373,259,114
434,5,1,238,160,78
616,1,1,59,46,13
188,17,23,117,20,97
553,7,14,464,215,249
84,24,12,413,194,219
273,31,5,140,3,137
80,15,8,103,101,2
15,3,5,174,155,19
506,14,25,112,11,101
258,17,1,305,288,17
569,7,15,436,40,396
109,3,1,321,317,4
211,21,19,422,357,65
259,3,9,71,36,35
63,16,18,479,83,396
617,21,5,367,25,342
107,7,25,377,222,155
568,23,12,135,17,118
53,23,17,341,11,330
461,3,17,213,108,105
140,7,15,80,38,42
730,30,24,143,103,40
618,1,24,268,243,25
619,24,3,226,178,48
356,17,12,79,35,44
730,23,14,182,155,27
109,22,11,388,222,166
730,17,24,496,458,38
730,36,24,259,254,5
51,1,8,84,51,33
293,1,15,357,292,65
536,14,8,319,64,255
227,7,14,349,315,34
63,23,8,357,117,240
118,9,25,207,150,57
43,1,1,258,159,99
262,1,8,431,303,128
730,7,24,228,172,56
730,31,4,75,22,53
620,13,10,316,160,156
730,5,7,446,27,419
621,21,4,86,19,67
78,21,25,60,34,26
66,4,11,273,163,110
269,5,4,401,198,203
242,5,19,330,190,140
382,13,11,171,123,48
226,9,19,322,14,308
575,24,1,397,203,194
125,1,14,79,64,15
184,13,14,415,77,338
730,14,19,100,87,13
178,21,17,102,15,87
622,3,10,336,36,300
612,24,4,337,283,54
623,4,17,80,18,62
430,14,1,79,76,3
612,43,5,279,207,72
624,16,7,150,61,89
122,43,23,60,20,40
289,13,8,103,87,16
369,22,17,464,26,438
730,30,18,132,26,106
28,14,4,327,6,321
259,7,17,357,51,306
282,9,24,248,139,109
83,28,8,321,242,79
13,3,14,112,16,96
537,15,5,88,20,68
730,5,4,127,125,2
213,4,19,489,169,320
625,28,11,90,24,66
626,23,6,432,234,198
489,7,3,341,185,156
286,15,15,295,172,123
429,21,12,308,165,143
627,21,18,345,27,318
491,14,21,353,236,117
730,28,5,411,404,7
628,1,18,158,101,57
236,22,3,352,183,169
574,11,21,219,123,96
629,1,4,193,10,183
160,9,18,135,12,123
407,36,6,193,86,107
131,17,1,158,130,28
524,31,24,424,229,195
566,7,19,197,52,145
560,11,17,445,87,358
217,24,3,272,120,152
51,11,4,88,73,15
472,24,24,322,234,88
16,14,21,369,196,173
302,22,15,366,14,352
333,23,12,413,249,164
536,21,25,84,49,35
730,28,18,348,244,104
304,28,4,205,118,87
91,22,10,327,27,300
405,1,1,407,362,45
467,30,4,228,186,42
157,4,17,130,99,31
49,23,4,354,108,246
282,5,15,174,105,69
444,36,24,341,305,36
149,36,10,196,81,115
630,23,11,414,278,136
94,21,25,110,30,80
512,14,21,364,270,94
730,16,17,456,147,309
291,30,18,57,46,11
730,16,19,395,356,39
489,14,17,258,141,117
413,14,23,454,385,69
581,3,12,436,410,26
346,3,10,206,125,81
242,16,21,111,37,74
157,23,7,197,109,88
343,14,25,479,13,466
543,30,24,275,275,0
588,22,7,68,18,50
14,13,1,212,75,137
200,13,19,410,277,133
475,24,15,435,288,147
553,16,4,355,225,130
224,13,12,406,333,73
441,13,1,165,137,28
176,3,11,432,408,24
51,13,25,108,10,98
631,28,6,454,389,65
174,36,4,124,47,77
520,16,5,149,50,99
125,1,10,99,77,22
632,17,7,310,281,29
268,43,25,347,293,54
38,14,17,294,148,146
301,7,5,474,235,239
255,15,19,313,151,162
200,4,19,79,60,19
547,9,9,60,50,10
471,16,21,408,276,132
370,11,8,173,19,154
730,21,14,337,73,264
66,28,14,236,216,20
633,14,11,196,107,89
206,4,25,480,463,17
337,21,19,192,166,26
560,4,7,412,303,109
550,43,15,178,154,24
189,3,18,447,27,420
259,11,25,471,423,48
421,14,8,428,394,34
467,31,1,62,31,31
634,30,11,229,202,27
364,24,7,75,5,70
635,11,12,315,231,84
730,9,19,405,395,10
501,36,14,286,107,179
20,31,12,126,57,69
512,14,17,270,241,29
331,7,19,262,228,34
375,43,11,366,112,254
143,43,17,145,35,110
67,23,24,342,294,48
533,16,9,202,59,143
325,14,14,343,84,259
285,13,6,120,24,96
569,17,6,326,299,27
730,5,7,184,29,155
500,23,17,121,64,57
348,1,6,395,302,93
636,28,9,490,66,424
190,22,1,91,59,32
637,15,17,440,439,1
14,11,5,66,24,42
564,15,4,354,241,113
147,7,11,100,68,32
638,36,15,493,60,433
520,7,7,381,176,205
277,23,5,232,52,180
730,15,17,427,114,313
289,13,7,321,99,222
473,4,23,367,266,101
730,3,6,54,18,36
147,22,17,399,103,296
219,14,1,468,439,29
602,23,19,302,55,247
308,17,17,286,273,13
639,16,12,449,341,108
531,28,7,67,52,15
323,24,23,92,33,59
554,11,17,440,113,327
151,7,15,484,152,332
374,21,10,441,289,152
617,7,18,383,44,339
529,1,15,289,187,102
208,21,9,367,218,149
370,21,8,347,284,63
730,21,1,479,473,6
730,31,17,282,195,87
540,3,10,349,220,129
593,21,18,477,403,74
523,22,15,456,218,238
640,3,12,122,121,1
20,31,5,394,58,336
299,15,23,51,39,12
104,5,18,361,73,288
318,14,24,150,107,43
217,22,21,460,424,36
273,31,11,267,53,214
315,43,17,346,203,143
485,13,10,145,79,66
472,28,9,186,81,105
641,24,11,105,69,36
730,1,25,102,32,70
372,30,4,282,10,272
118,11,25,214,148,66
415,28,25,398,90,308
173,43,24,302,210,92
563,21,19,150,59,91
730,9,23,312,263,49
35,21,7,431,23,408
58,23,6,268,75,193
332,43,6,274,211,63
408,43,21,51,24,27
542,9,4,372,366,6
410,5,19,296,292,4
201,3,9,115,42,73
642,22,1,181,128,53
286,31,18,445,147,298
189,11,6,289,109,180
359,9,14,410,118,292
730,16,11,226,85,141
278,21,19,169,165,4
117,5,14,223,208,15
481,21,14,446,193,253
730,16,5,434,326,108
730,36,8,429,19,410
312,11,11,278,274,4
391,21,5,253,85,168
14,16,12,50,2,48
730,36,1,152,145,7
617,7,24,154,138,16
506,13,8,481,284,197
321,3,4,247,223,24
595,30,19,105,26,79
168,36,9,368,8,360
23,11,15,341,2,339
470,21,5,197,123,74
360,11,14,228,94,134
370,7,11,337,3,334
643,36,8,424,208,216
467,13,8,177,156,21
605,23,25,400,148,252
644,13,19,383,315,68
730,23,10,201,68,133
298,21,9,396,224,172
219,43,21,500,386,114
386,17,24,177,94,83
466,13,14,214,70,144
506,3,14,219,86,133
571,7,14,162,152,10
228,28,21,281,260,21
228,17,23,181,51,130
223,28,15,160,13,147
251,30,7,83,10,73
730,36,11,110,81,29
645,3,23,423,354,69
231,4,4,205,88,117
3,22,15,139,75,64
134,1,7,216,17,199
128,16,25,318,169,149
116,11,3,432,225,207
560,16,3,235,173,62
343,23,23,109,84,25
264,7,10,119,23,96
213,23,8,328,39,289
300,11,17,354,206,148
69,5,21,417,316,101
345,9,23,337,151,186
24,13,25,291,172,119
478,22,19,496,44,452
418,14,14,395,336,59
292,23,23,122,42,80
457,43,17,499,383,116
144,15,19,143,132,11
234,1,9,62,38,24
126,30,12,244,197,47
730,28,14,303,95,208
434,9,3,265,77,188
646,22,6,451,308,143
730,1,17,496,466,30
627,30,15,110,31,79
476,24,15,300,279,21
647,5,15,361,150,211
97,15,11,112,43,69
456,21,15,74,72,2
76,30,24,320,299,21
67,22,7,172,136,36
187,11,24,366,316,50
84,4,11,162,73,89
374,1,12,121,60,61
528,24,3,430,103,327
404,21,1,158,87,71
162,9,18,433,22,411
561,36,7,294,23,271
155,15,15,495,332,163
503,15,21,500,440,60
520,21,19,198,94,104
594,4,1,207,25,182
403,22,1,167,57,110
415,3,21,74,38,36
294,24,24,200,17,183
161,15,6,73,28,45
75,24,12,431,233,198
406,4,8,418,216,202
9,7,3,473,133,340
168,16,19,403,298,105
730,22,11,394,234,160
406,14,10,379,299,80
648,15,15,178,48,130
598,22,3,133,39,94
255,17,21,407,274,133
163,21,6,355,129,226
341,21,3,302,202,100
187,31,11,497,252,245
538,4,10,187,185,2
394,5,6,168,150,18
56,16,21,337,211,126
357,4,9,429,206,223
649,17,12,366,162,204
38,23,24,101,85,16
272,14,5,209,177,32
500,14,4,412,396,16
375,28,11,302,148,154
58,24,1,482,332,150
318,43,24,256,91,165
6,16,6,441,367,74
495,4,19,172,124,48
650,21,25,324,56,268
651,23,23,89,89,0
274,30,8,299,105,194
730,9,23,446,60,386
10,5,12,258,1,257
303,3,19,182,66,116
628,31,18,428,138,290
401,36,19,380,333,47
612,4,7,86,17,69
635,23,15,190,93,97
570,17,4,392,233,159
730,3,5,271,175,96
255,43,6,132,118,14
730,43,18,176,29,147
730,22,7,187,34,153
305,1,10,97,96,1
94,21,19,89,8,81
364,4,3,110,48,62
510,23,1,461,123,338
566,30,8,326,49,277
335,23,5,465,163,302
353,7,23,311,273,38
367,36,24,392,128,264
652,43,8,366,128,238
653,4,1,187,159,28
121,3,19,121,22,99
654,7,21,292,60,232
206,21,7,385,79,306
14,30,11,483,402,81
655,31,6,271,33,238
531,15,23,290,71,219
546,31,1,280,259,21
730,28,10,328,42,286
162,28,6,100,16,84
433,5,15,399,167,232
730,21,7,225,194,31
472,7,21,436,377,59
39,23,24,394,18,376
656,28,5,244,27,217
529,21,15,220,43,177
657,16,10,166,87,79
439,14,5,171,19,152
95,9,18,279,190,89
656,21,10,181,70,111
290,11,18,221,167,54
46,17,4,491,124,367
348,21,19,60,6,54
324,16,23,109,31,78
141,17,25,420,242,178
408,17,3,374,54,320
138,17,3,142,33,109
385,36,7,435,378,57
523,4,24,317,89,228
564,3,8,240,228,12
496,28,8,242,48,194
647,4,25,293,174,119
457,5,12,51,25,26
368,13,4,225,7,218
608,17,12,363,20,343
64,1,3,216,140,76
730,31,1,67,33,34
132,1,7,225,91,134
555,31,5,92,22,70
272,3,6,349,325,24
614,4,4,457,181,276
57,17,18,373,115,258
243,22,9,80,8,72
109,22,14,193,98,95
482,11,10,462,199,263
38,17,7,285,123,162
344,36,18,394,15,379
611,31,3,190,134,56
388,24,18,295,219,76
414,21,24,436,311,125
730,22,5,499,127,372
610,9,21,168,112,56
279,43,19,482,134,348
100,13,1,81,36,45
526,21,10,110,48,62
571,11,25,374,274,100
214,11,12,376,218,158
17,36,21,154,64,90
730,36,23,108,48,60
632,15,12,334,329,5
262,7,24,258,56,202
325,1,10,493,418,75
408,36,1,273,238,35
610,9,7,346,313,33
319,11,19,242,8,234
658,43,4,105,64,41
124,9,14,221,177,44
352,5,15,500,213,287
227,22,18,85,50,35
242,11,5,471,354,117
232,11,25,207,127,80
509,11,25,124,56,68
630,30,18,271,219,52
635,4,3,356,280,76
172,4,8,425,259,166
730,1,11,152,23,129
436,15,17,63,14,49
240,21,23,282,259,23
170,3,9,156,35,121
236,13,21,316,248,68
300,14,24,351,31,320
401,16,9,346,127,219
362,36,24,292,167,125
586,43,24,254,95,159
317,13,21,292,98,194
217,21,14,319,91,228
377,9,17,63,7,56
730,24,1,302,42,260
730,5,17,456,364,92
561,7,1,436,1,435
113,17,24,428,134,294
630,16,4,317,143,174
600,15,24,431,365,66
16,22,15,98,92,6
106,43,11,382,344,38
104,24,17,376,360,16
405,9,4,267,181,86
659,30,21,109,74,35
397,24,24,487,275,212
125,21,10,324,229,95
171,21,17,260,186,74
239,36,12,244,219,25
172,17,21,411,297,114
730,28,9,482,246,236
256,16,6,288,177,111
644,14,5,364,38,326
478,31,7,429,321,108
600,23,18,415,32,383
422,36,8,87,25,62
730,22,25,349,312,37
611,7,1,225,190,35
236,13,21,405,275,130
430,4,19,174,158,16
46,11,18,330,88,242
730,15,5,234,33,201
352,28,9,433,309,124
396,28,3,309,83,226
7,31,4,192,166,26
214,1,15,377,301,76
267,5,10,258,32,226
660,24,6,67,65,2
251,23,11,283,65,218
594,36,5,296,11,285
304,9,5,215,93,122
730,14,12,108,29,79
77,21,9,324,79,245
661,16,12,384,312,72
441,23,24,201,164,37
482,17,11,212,47,165
330,5,4,252,171,81
635,15,11,421,148,273
380,1,5,132,102,30
314,7,10,118,20,98
90,1,23,239,198,41
479,21,3,234,91,143
282,30,12,419,126,293
484,21,1,151,12,139
96,36,9,329,25,304
405,13,4,346,253,93
730,15,15,58,32,26
192,31,9,454,305,149
730,1,18,162,114,48
662,17,25,92,1,91
498,11,8,374,313,61
59,22,9,63,32,31
644,30,21,222,129,93
183,14,18,324,36,288
66,13,19,325,81,244
663,22,24,155,84,71
193,16,6,171,79,92
230,16,9,451,328,123
221,9,19,58,30,28
112,17,19,311,154,157
730,43,19,329,135,194
135,11,3,79,36,43
617,22,5,87,56,31
563,21,7,259,181,78
306,21,19,351,200,151
388,28,10,341,42,299
472,21,1,113,39,74
730,21,8,50,6,44
534,7,24,180,177,3
664,24,23,465,24,441
730,30,5,204,104,100
230,16,24,186,116,70
665,15,24,434,187,247
489,22,11,66,22,44
71,5,7,259,184,75
534,14,25,97,91,6
730,13,23,227,21,206
658,21,19,374,77,297
463,28,9,243,93,150
644,21,1,396,345,51
350,28,12,410,138,272
730,43,15,446,92,354
666,17,1,337,252,85
730,21,11,72,64,8
667,31,25,65,5,60
53,36,17,416,49,367
160,14,5,258,146,112
600,5,8,357,119,238
212,23,9,381,130,251
668,13,7,103,58,45
451,36,8,323,319,4
92,21,9,195,107,88
730,7,9,453,94,359
730,3,11,152,101,51
160,4,21,91,84,7
607,4,9,71,26,45
1,4,10,124,115,9
294,16,23,471,156,315
669,24,7,375,271,104
473,7,12,93,63,30
730,4,23,482,262,220
285,17,25,163,133,30
59,22,10,424,121,303
207,31,4,283,248,35
651,14,14,420,240,180
463,17,23,403,161,242
320,13,12,199,46,153
326,14,23,397,226,171
238,13,17,450,52,398
670,16,23,368,324,44
93,14,15,339,137,202
555,11,23,295,85,210
546,3,21,362,310,52
266,31,3,363,105,258
632,21,6,420,104,316
462,5,15,107,17,90
608,16,14,235,202,33
730,3,5,104,64,40
438,5,17,138,137,1
529,14,24,68,5,63
355,4,7,464,72,392
251,23,6,416,82,334
351,23,1,112,15,97
730,23,12,364,355,9
295,23,5,392,226,166
216,17,5,215,132,83
259,43,8,288,91,197
443,43,5,161,46,115
475,11,7,434,112,322
186,4,4,145,4,141
47,21,9,290,74,216
163,31,23,106,17,89
331,43,23,98,55,43
442,3,5,379,249,130
382,14,25,381,275,106
360,7,8,329,264,65
78,15,1,396,319,77
671,30,11,364,362,2
149,43,5,449,334,115
414,14,9,192,12,180
595,5,5,341,202,139
588,23,18,341,303,38
612,36,11,169,116,53
495,16,23,257,208,49
193,36,7,365,22,343
434,14,6,183,159,24
468,21,18,199,198,1
171,4,18,202,1,201
438,5,23,369,2,367
454,21,12,130,14,116
628,4,12,66,65,1
435,1,14,64,47,17
421,31,18,185,16,169
278,13,1,213,182,31
730,13,7,202,103,99
63,17,17,445,1,444
541,24,25,61,32,29
485,4,19,472,415,57
105,17,18,480,20,460
303,14,23,391,92,299
260,28,25,252,237,15
318,14,25,369,215,154
500,1,4,236,131,105
481,21,1,93,50,43
232,3,6,429,236,193
730,5,3,137,51,86
462,28,19,110,108,2
558,22,1,164,56,108
549,14,19,233,128,105
121,22,24,358,159,199
391,17,3,320,274,46
502,7,7,491,454,37
660,13,10,64,50,14
432,5,23,272,113,159
730,13,8,124,19,105
62,28,7,464,180,284
672,43,17,222,71,151
251,21,10,337,209,128
263,4,19,210,170,40
673,14,7,81,19,62
592,4,12,144,85,59
730,36,21,499,129,370
674,21,24,195,93,102
635,31,6,300,77,223
52,3,18,342,5,337
604,5,10,142,90,52
675,17,25,206,84,122
145,43,8,472,150,322
411,24,4,365,15,350
676,13,4,267,83,184
283,13,21,317,81,236
529,23,5,421,72,349
68,22,25,386,274,112
599,30,10,420,348,72
677,31,7,282,170,112
501,3,18,368,72,296
676,5,23,67,36,31
730,31,3,331,140,191
40,21,5,94,35,59
283,30,9,299,3,296
109,1,25,237,190,47
407,23,25,376,189,187
130,43,24,107,107,0
122,14,15,303,125,178
302,30,18,370,98,272
263,28,7,398,190,208
730,5,14,472,434,38
403,36,3,469,299,170
81,11,1,331,160,171
273,21,24,283,235,48
376,9,9,210,28,182
372,28,18,481,341,140
19,36,25,89,10,79
108,31,8,245,47,198
288,30,1,141,122,19
184,24,18,411,2,409
30,22,3,340,297,43
63,22,8,443,312,131
678,15,4,444,394,50
730,16,3,395,18,377
594,23,9,417,37,380
679,9,5,229,35,194
208,23,3,490,63,427
678,5,11,424,307,117
730,15,17,183,127,56
80,23,7,335,13,322
240,28,15,232,199,33
680,21,21,444,17,427
99,30,1,275,73,202
473,31,23,436,299,137
101,28,18,426,153,273
137,21,25,159,22,137
100,21,17,308,90,218
343,23,23,500,219,281
730,1,25,244,13,231
73,4,10,455,204,251
482,1,12,423,332,91
681,11,7,293,188,105
730,11,17,466,360,106
730,11,25,258,153,105
545,13,12,60,12,48
104,30,25,233,26,207
274,16,8,473,281,192
618,9,6,110,91,19
354,5,5,301,214,87
82,11,21,173,68,105
478,4,21,312,71,241
594,4,19,279,95,184
530,23,8,129,65,64
81,28,4,379,123,256
85,22,14,169,101,68
154,5,7,162,161,1
8,14,25,57,17,40
325,17,6,311,182,129
730,30,15,50,25,25
93,24,15,483,442,41
504,43,3,284,246,38
232,15,9,218,12,206
667,43,3,297,200,97
67,31,25,477,376,101
496,36,11,418,20,398
359,4,9,332,173,159
502,24,4,269,5,264
130,13,9,176,63,113
423,23,15,343,196,147
335,28,6,322,211,111
69,31,4,377,250,127
1,21,14,180,138,42
75,16,8,293,276,17
682,31,18,185,108,77
97,28,1,155,132,23
364,16,25,243,164,79
45,13,10,480,120,360
238,13,15,405,179,226
44,9,21,326,32,294
162,21,4,97,2,95
299,9,3,435,117,318
168,4,11,217,49,168
534,15,14,372,45,327
633,16,15,290,193,97
330,1,3,428,304,124
1,1,11,165,28,137
405,5,18,252,193,59
69,11,25,364,210,154
478,15,6,387,380,7
603,21,17,185,53,132
291,23,6,479,214,265
121,43,17,210,63,147
730,22,15,335,243,92
4,21,23,438,393,45
730,17,8,240,224,16
250,15,12,209,132,77
454,17,1,143,113,30
552,43,17,102,11,91
228,17,3,354,110,244
340,22,6,192,109,83
543,13,7,211,19,192
730,22,18,91,10,81
730,21,4,299,116,183
221,28,12,348,312,36
390,11,21,500,372,128
730,21,9,261,72,189
376,15,8,209,121,88
589,21,9,245,136,109
127,31,10,388,325,63
325,5,19,85,69,16
463,1,25,170,1,169
642,14,7,89,69,20
174,36,12,273,244,29
267,5,11,482,20,462
412,9,5,334,121,213
135,28,14,407,268,139
291,17,1,78,75,3
79,36,18,266,111,155
517,24,24,377,29,348
730,14,24,250,36,214
233,16,11,201,51,150
529,5,11,147,53,94
415,3,5,385,379,6
280,43,17,260,14,246
490,24,10,60,23,37
394,28,24,330,83,247
236,30,5,423,4,419
320,31,23,79,63,16
683,14,5,83,33,50
288,7,15,261,193,68
3,22,17,207,164,43
730,28,5,205,103,102
541,23,21,242,12,230
451,14,23,357,56,301
63,28,6,168,49,119
417,3,1,287,64,223
317,31,11,466,274,192
152,23,24,304,209,95
403,30,14,185,76,109
255,21,12,443,252,191
461,15,24,404,66,338
226,31,24,321,253,68
213,28,4,202,136,66
133,22,15,393,62,331
207,43,25,390,334,56
94,3,11,463,6,457
269,13,5,136,60,76
730,15,1,214,156,58
553,21,7,274,128,146
651,28,4,496,257,239
145,16,25,377,316,61
479,14,12,472,96,376
679,13,12,153,24,129
675,3,19,189,75,114
273,15,6,88,27,61
307,11,14,377,59,318
437,13,19,461,226,235
23,21,19,179,143,36
730,3,23,78,13,65
512,31,3,399,285,114
505,22,14,367,251,116
97,1,8,385,233,152
730,43,1,424,338,86
234,28,14,448,1,447
56,11,15,308,159,149
460,9,19,476,164,312
40,13,17,282,48,234
604,1,8,253,162,91
64,30,7,201,194,7
414,13,5,70,10,60
186,24,14,302,64,238
572,15,25,479,195,284
344,21,5,286,186,100
354,16,18,201,60,141
19,15,1,322,293,29
499,5,25,305,31,274
684,28,9,365,28,337
730,15,19,147,147,0
341,5,6,120,16,104
685,36,9,132,10,122
423,9,7,489,59,430
436,5,11,484,202,282
659,21,9,187,111,76
498,36,18,176,44,132
730,23,24,68,13,55
90,15,11,423,254,169
331,7,10,375,306,69
579,31,6,384,241,143
227,30,17,58,7,51
517,23,3,387,355,32
142,21,14,61,34,27
495,17,1,430,414,16
404,21,24,215,126,89
686,36,5,361,106,255
536,23,17,108,26,82
370,9,3,51,19,32
551,15,17,233,161,72
51,22,21,241,39,202
165,36,24,293,216,77
146,43,9,165,23,142
268,3,21,455,216,239
730,21,18,456,403,53
406,21,3,444,36,408
403,15,8,311,157,154
730,21,3,215,202,13
4,24,1,211,120,91
507,24,7,161,89,72
164,9,11,420,292,128
532,28,3,318,228,90
20,22,5,426,390,36
619,21,12,398,57,341
129,31,1,123,28,95
356,22,18,458,55,403
591,28,1,305,111,194
222,5,5,305,132,173
190,9,12,443,146,297
730,3,9,361,347,14
203,24,19,66,17,49
624,23,4,456,447,9
185,24,18,108,71,37
543,14,7,135,50,85
452,3,19,407,1,406
217,15,15,133,93,40
352,15,3,101,64,37
687,36,24,462,202,260
84,13,25,180,133,47
330,11,14,270,268,2
730,13,1,271,25,246
452,28,9,371,237,134
146,7,3,162,101,61
89,36,7,178,71,107
278,5,21,184,71,113
304,9,23,99,7,92
169,24,9,131,124,7
218,16,17,304,106,198
644,7,25,157,79,78
664,1,17,231,152,79
543,3,24,500,93,407
453,15,19,114,12,102
120,17,10,129,7,122
688,3,10,66,39,27
376,43,19,322,31,291
730,21,5,451,147,304
446,21,25,432,394,38
532,1,8,415,307,108
26,13,17,70,17,53
265,36,12,375,295,80
730,7,7,111,22,89
547,4,9,160,19,141
236,3,19,436,158,278
665,14,3,87,84,3
557,36,1,485,389,96
662,4,5,391,175,216
3,23,19,467,62,405
669,15,5,361,21,340
28,13,9,81,9,72
150,15,10,433,141,292
730,16,18,145,145,0
153,14,10,132,82,50
472,21,24,417,294,123
689,13,3,101,56,45
730,23,15,408,337,71
524,15,5,336,237,99
296,1,23,53,52,1
250,23,14,210,112,98
50,36,14,104,99,5
690,31,4,380,205,175
28,23,11,132,71,61
224,3,21,112,46,66
398,43,12,222,61,161
238,23,14,446,410,36
495,24,14,207,189,18
292,9,6,384,114,270
641,36,6,322,65,257
223,15,6,140,45,95
459,14,8,419,112,307
691,4,8,69,7,62
730,5,18,296,95,201
730,21,10,89,34,55
103,36,12,193,161,32
346,36,4,311,277,34
310,21,5,376,9,367
632,31,18,253,151,102
355,15,18,195,180,15
343,16,21,54,25,29
42,17,25,322,64,258
247,5,6,372,329,43
218,14,11,369,105,264
675,36,4,366,133,233
324,21,18,417,96,321
227,14,18,173,136,37
420,31,4,266,220,46
596,21,6,160,44,116
299,14,3,159,145,14
259,17,19,58,16,42
460,28,6,443,251,192
730,16,12,419,116,303
730,11,11,217,197,20
730,31,9,270,214,56
307,22,23,434,152,282
114,31,1,489,102,387
128,30,10,118,87,31
137,24,3,59,51,8
340,28,10,94,58,36
451,36,24,436,157,279
692,15,9,195,174,21
693,36,14,323,143,180
454,7,9,467,111,356
80,11,14,464,445,19
687,1,14,263,230,33
730,24,21,241,59,182
326,14,10,292,103,189
730,31,19,230,223,7
115,21,24,471,97,374
546,36,24,244,83,161
31,3,12,211,72,139
114,36,7,426,328,98
317,28,21,198,144,54
72,21,11,53,45,8
181,13,15,174,7,167
315,28,8,139,18,121
526,5,5,422,341,81
654,28,23,215,65,150
694,15,6,243,82,161
262,7,10,251,76,175
303,13,17,66,39,27
647,14,4,258,182,76
686,14,15,222,197,25
228,16,6,453,14,439
143,31,23,351,320,31
667,11,10,97,68,29
557,21,19,270,10,260
579,14,25,182,32,150
695,1,1,375,39,336
341,5,18,406,102,304
730,14,21,474,226,248
730,5,18,320,206,114
730,4,10,292,50,242
730,7,18,248,8,240
301,30,7,479,220,259
531,7,11,449,70,379
436,36,15,414,262,152
551,22,6,419,394,25
585,22,10,380,103,277
347,9,9,330,304,26
730,16,18,347,285,62
539,14,15,293,250,43
219,11,24,146,42,104
548,43,25,440,331,109
336,17,7,391,258,133
241,7,19,298,176,122
380,14,19,331,285,46
15,5,3,499,245,254
138,16,12,371,328,43
111,11,12,94,60,34
148,7,15,132,89,43
730,1,5,59,4,55
391,13,8,233,55,178
730,13,4,298,230,68
306,14,10,213,91,122
643,21,18,107,51,56
263,30,10,390,10,380
95,43,18,389,51,338
217,11,17,397,70,327
237,43,19,122,27,95
590,7,8,140,98,42
476,22,17,154,126,28
632,17,10,396,62,334
72,4,4,223,189,34
730,9,21,434,419,15
45,7,21,218,203,15
730,5,19,134,97,37
9,11,11,261,191,70
675,5,12,292,187,105
696,14,19,154,83,71
48,24,21,212,98,114
426,36,14,269,101,168
434,23,24,61,24,37
245,22,23,74,45,29
650,7,5,155,57,98
596,24,4,201,14,187
730,11,5,274,163,111
186,43,15,380,93,287
730,31,7,191,125,66
143,21,21,462,179,283
139,21,7,263,183,80
26,21,3,228,28,200
226,4,21,112,56,56
343,13,12,474,217,257
211,16,1,238,160,78
462,17,1,198,69,129
196,31,21,376,131,245
255,36,3,225,73,152
730,1,14,380,184,196
243,24,19,477,419,58
465,36,17,279,9,270
115,1,11,338,143,195
39,5,24,226,124,102
541,14,25,410,373,37
730,28,7,87,35,52
408,4,4,102,64,38
29,36,6,82,78,4
151,4,1,439,173,266
617,9,21,307,152,155
372,9,19,448,99,349
315,15,4,307,83,224
585,13,10,277,217,60
671,24,5,440,172,268
697,21,23,97,75,22
694,24,21,223,153,70
111,13,10,209,193,16
345,5,11,145,102,43
542,5,4,254,107,147
543,9,23,329,274,55
575,21,18,195,171,24
601,17,3,124,112,12
264,22,17,281,241,40
258,22,24,298,283,15
148,7,21,123,91,32
507,23,6,345,61,284
321,1,11,469,420,49
730,13,25,107,57,50
183,15,5,445,62,383
38,4,12,206,194,12
730,22,19,452,344,108
579,24,25,368,100,268
508,21,5,487,318,169
114,7,19,343,334,9
601,5,3,218,165,53
391,31,7,461,98,363
293,21,25,168,167,1
634,28,18,119,24,95
350,4,1,463,24,439
575,5,1,90,32,58
674,3,3,136,12,124
587,22,8,320,312,8
253,43,25,430,352,78
640,4,17,126,110,16
590,23,12,492,380,112
730,9,9,255,35,220
171,28,7,78,62,16
340,22,18,500,477,23
437,43,21,148,71,77
375,7,12,110,110,0
114,11,18,323,212,111
192,30,17,284,46,238
146,23,11,359,30,329
272,1,4,108,4,104
351,21,17,119,65,54
7,22,15,433,60,373
399,30,8,207,159,48
698,7,6,72,37,35
326,7,1,312,50,262
550,9,23,65,9,56
504,23,4,80,9,71
532,17,18,400,100,300
699,17,14,446,430,16
229,17,24,189,16,173
10,13,11,279,137,142
240,3,15,448,95,353
155,15,5,395,265,130
6,43,24,95,15,80
281,7,12,408,214,194
16,13,14,237,96,141
515,28,25,421,48,373
101,13,23,368,178,190
365,22,24,69,45,24
730,21,24,131,37,94
192,23,12,215,56,159
584,30,18,203,54,149
320,17,25,142,14,128
387,13,24,333,265,68
36,43,9,74,2,72
119,28,19,222,110,112
415,3,5,361,320,41
111,21,14,353,105,248
349,14,12,199,83,116
192,31,23,217,37,180
198,21,23,450,376,74
730,4,5,470,76,394
432,16,12,90,7,83
242,5,4,186,42,144
448,24,11,176,17,159
549,14,19,461,130,331
561,15,21,78,52,26
80,13,14,126,33,93
730,15,7,220,63,157
730,4,3,272,217,55
61,1,10,71,3,68
193,7,8,263,236,27
372,28,7,404,134,270
548,28,23,173,11,162
508,17,6,81,7,74
431,14,9,483,250,233
26,36,21,205,165,40
11,1,8,354,88,266
359,7,18,142,28,114
422,9,19,422,345,77
568,13,19,95,34,61
372,21,11,191,96,95
564,1,17,330,119,211
602,30,1,323,251,72
433,30,24,116,45,71
195,36,8,216,206,10
464,28,4,218,35,183
3,14,21,281,193,88
300,31,1,225,165,60
251,21,4,489,362,127
695,14,6,478,362,116
479,28,23,256,151,105
588,21,14,234,108,126
334,22,9,337,251,86
23,9,21,430,290,140
553,21,8,285,120,165
220,28,5,142,59,83
601,21,7,240,220,20
48,31,1,109,1,108
468,21,11,210,156,54
586,13,18,401,188,213
517,4,19,297,18,279
542,28,24,77,22,55
471,28,6,96,53,43
207,13,6,126,65,61
393,11,9,332,12,320
157,43,19,312,199,113
730,43,8,372,260,112
622,7,11,97,87,10
45,24,9,67,36,31
73,36,17,217,130,87
639,15,11,329,262,67
187,36,10,456,183,273
295,21,8,181,30,151
149,15,23,347,227,120
447,1,4,250,169,81
476,13,8,430,226,204
11,21,25,282,34,248
566,13,19,358,232,126
553,17,6,55,41,14
521,30,18,265,56,209
93,23,18,369,127,242
224,3,4,212,151,61
99,43,21,269,74,195
677,30,18,436,229,207
69,4,4,204,80,124
531,23,17,200,123,77
658,43,5,193,87,106
376,23,7,116,63,53
489,5,12,209,176,33
526,9,25,241,22,219
730,1,11,460,222,238
78,22,5,297,70,227
271,14,3,264,251,13
534,13,18,109,20,89
491,31,4,195,100,95
344,23,24,400,212,188
650,14,7,462,283,179
554,21,3,406,67,339
504,5,18,50,40,10
730,21,25,130,11,119
660,13,15,287,54,233
345,4,9,455,389,66
548,4,5,353,235,118
272,5,10,96,20,76
431,36,1,445,137,308
55,28,3,430,176,254
440,17,23,170,133,37
730,3,12,423,412,11
730,21,15,397,182,215
568,5,11,220,20,200
500,21,1,407,110,297
175,7,24,334,143,191
606,36,21,80,68,12
54,22,3,111,64,47
375,14,12,404,131,273
304,1,3,84,30,54
274,21,15,454,284,170
623,30,7,469,36,433
194,43,5,306,280,26
490,16,12,66,19,47
255,31,3,238,9,229
106,36,5,157,6,151
117,28,10,431,289,142
547,9,8,256,167,89
26,14,8,239,92,147
570,11,17,235,75,160
683,21,4,425,123,302
650,3,11,464,78,386
147,15,1,69,49,20
669,5,10,200,93,107
700,13,5,387,238,149
627,5,23,200,148,52
160,11,25,366,122,244
357,5,24,107,38,69
560,3,8,290,107,183
521,24,23,105,28,77
473,24,17,155,44,111
291,5,8,219,41,178
464,16,12,480,159,321
307,30,9,156,6,150
192,31,25,272,11,261
514,3,15,457,145,312
280,9,24,336,313,23
130,23,10,64,12,52
222,21,9,446,231,215
422,3,11,364,323,41
586,24,7,85,27,58
525,16,8,165,162,3
185,21,4,269,228,41
671,16,19,220,219,1
132,9,25,348,119,229
210,43,4,291,286,5
287,16,18,135,48,87
192,30,7,55,40,15
93,43,25,143,143,0
222,24,15,424,414,10
249,4,15,206,67,139
23,5,9,427,397,30
701,16,19,155,136,19
730,24,3,359,82,277
730,11,17,344,166,178
469,11,24,344,334,10
609,22,24,96,20,76
51,17,8,75,59,16
346,7,10,128,35,93
695,30,4,378,30,348
47,28,23,146,3,143
155,9,4,64,60,4
616,23,19,247,202,45
352,14,6,276,127,149
265,21,8,347,264,83
482,13,10,289,21,268
52,4,19,222,163,59
171,13,12,389,241,148
269,23,1,284,123,161
639,21,12,373,82,291
730,24,5,498,24,474
159,16,18,96,27,69
377,13,18,278,221,57
174,15,10,73,53,20
323,4,23,279,210,69
730,11,17,450,216,234
662,43,5,445,220,225
681,21,11,434,334,100
664,7,24,206,109,97
525,21,12,110,35,75
62,13,6,96,15,81
653,4,3,264,12,252
109,21,17,116,80,36
535,4,15,80,70,10
521,21,19,152,97,55
442,16,14,86,18,68
379,16,14,89,49,40
39,13,18,175,38,137
730,1,6,267,61,206
259,22,25,270,88,182
573,30,4,144,139,5
428,23,3,265,123,142
496,7,25,402,386,16
730,7,5,482,341,141
431,21,11,277,14,263
609,14,6,419,241,178
730,30,21,180,1,179
702,31,10,100,7,93
478,11,24,58,23,35
307,5,10,161,56,105
509,9,23,367,169,198
214,22,25,494,122,372
132,1,11,354,233,121
334,36,6,179,85,94
703,16,23,380,61,319
109,16,24,143,56,87
193,1,10,428,255,173
730,15,15,258,142,116
222,22,14,442,210,232
33,13,19,255,89,166
656,11,17,83,16,67
730,22,12,223,46,177
628,7,4,95,43,52
280,16,25,100,34,66
16,4,1,368,92,276
152,13,15,272,180,92
209,22,17,384,73,311
198,16,5,373,123,250
730,16,8,128,40,88
328,1,17,457,136,321
730,5,25,259,196,63
88,5,24,63,38,25
555,23,11,84,5,79
418,28,6,290,122,168
652,30,19,232,87,145
356,21,10,393,228,165
209,5,6,164,59,105
500,3,8,282,109,173
34,13,6,454,192,262
576,5,11,449,97,352
387,24,3,493,485,8
475,23,1,259,229,30
53,3,23,254,161,93
629,15,23,136,15,121
704,16,14,323,71,252
502,21,9,180,28,152
456,23,19,240,193,47
730,1,6,90,9,81
550,30,12,301,16,285
705,31,17,360,241,119
476,43,15,224,20,204
656,21,14,410,27,383
31,7,24,455,130,325
462,21,10,93,26,67
184,24,17,124,76,48
284,23,24,283,49,234
366,43,14,278,109,169
616,36,12,213,15,198
730,9,15,235,25,210
664,7,1,206,126,80
730,15,4,363,353,10
169,22,19,207,165,42
283,13,6,417,149,268
95,36,6,385,142,243
643,5,12,492,19,473
206,13,12,392,66,326
238,16,3,400,367,33
435,11,6,476,151,325
156,4,8,397,11,386
438,21,12,440,293,147
27,21,3,440,358,82
21,43,3,329,123,206
217,9,21,329,50,279
103,30,14,160,150,10
465,14,9,381,331,50
76,30,6,407,76,331
583,17,14,142,49,93
308,30,12,210,150,60
730,5,11,218,31,187
233,30,17,297,42,255
7,14,18,260,122,138
1,21,8,132,99,33
28,4,5,412,156,256
521,9,24,118,42,76
695,23,10,209,187,22
469,13,5,206,110,96
254,9,7,447,61,386
642,9,7,420,266,154
10,5,17,157,90,67
647,22,18,229,165,64
384,4,11,154,133,21
460,3,21,247,198,49
388,4,7,205,77,128
595,22,24,265,159,106
176,23,18,236,159,77
39,36,25,307,304,3
699,43,1,475,322,153
191,9,10,300,205,95
541,23,15,169,157,12
157,15,15,313,87,226
439,9,25,296,277,19
588,14,14,357,185,172
730,14,18,160,38,122
489,1,1,192,55,137
192,16,12,373,39,334
35,13,15,137,57,80
374,30,24,411,120,291
312,23,11,361,285,76
2,4,12,270,152,118
706,22,24,262,47,215
91,9,15,53,1,52
434,4,18,78,44,34
520,11,4,58,31,27
487,11,18,146,96,50
730,9,7,156,127,29
653,24,9,447,233,214
154,9,15,413,24,389
278,43,17,341,208,133
85,21,18,200,54,146
229,28,7,462,427,35
565,21,9,496,351,145
290,31,1,206,195,11
730,31,8,355,299,56
653,1,11,426,288,138
90,13,15,158,81,77
17,15,1,293,104,189
98,11,18,122,72,50
500,17,19,357,243,114
328,11,19,107,94,13
730,30,6,135,81,54
487,17,21,481,439,42
552,9,17,271,245,26
730,13,1,92,51,41
184,3,4,78,59,19
277,15,8,126,102,24
610,16,7,289,276,13
178,9,24,310,168,142
536,11,10,195,61,134
144,13,25,211,183,28
614,15,11,451,49,402
507,36,11,487,6,481
89,24,11,182,155,27
509,22,15,395,312,83
665,30,3,381,173,208
94,23,24,248,61,187
575,23,8,119,10,109
532,5,5,244,136,108
41,11,15,465,404,61
197,36,18,279,68,211
39,30,17,492,82,410
32,43,11,60,50,10
526,1,1,187,8,179
333,9,10,492,250,242
16,17,6,360,335,25
625,17,14,271,123,148
730,11,17,404,81,323
203,5,18,96,92,4
308,36,23,343,219,124
406,5,21,233,203,30
146,22,7,349,293,56
730,30,21,99,68,31
538,30,14,339,49,290
448,11,4,195,182,13
707,9,6,314,276,38
1,43,1,335,66,269
575,16,15,430,335,95
340,21,15,126,119,7
421,13,12,443,356,87
708,15,8,211,195,16
216,15,11,444,344,100
556,21,19,213,4,209
4,15,24,165,28,137
730,24,7,114,56,58
706,30,24,376,211,165
647,3,14,186,21,165
580,17,21,474,53,421
14,21,3,209,49,160
449,43,25,219,174,45
470,28,12,104,89,15
68,36,12,88,30,58
195,15,4,187,41,146
619,14,3,400,174,226
229,17,24,233,95,138
588,31,1,429,256,173
730,11,19,86,70,16
730,22,23,249,121,128
88,30,5,186,35,151
335,30,14,101,46,55
556,7,19,267,191,76
646,15,23,289,243,46
287,24,10,190,152,38
214,21,17,160,18,142
571,17,12,404,181,223
128,31,1,473,259,214
588,22,18,303,271,32
316,28,15,416,269,147
21,43,23,288,265,23
159,5,12,308,38,270
730,43,23,168,73,95
9,22,4,454,93,361
2,7,10,475,386,89
206,17,3,234,3,231
588,31,14,90,47,43
659,16,14,210,11,199
730,23,10,346,44,302
164,23,5,487,89,398
140,17,9,124,11,113
142,7,12,316,37,279
730,9,25,271,100,171
359,43,6,436,51,385
234,43,3,461,101,360
500,1,6,62,36,26
70,36,23,494,358,136
153,13,10,143,68,75
529,13,24,166,53,113
560,21,9,51,41,10
360,4,4,445,211,234
634,43,6,395,293,102
376,22,12,344,198,146
461,36,12,187,17,170
39,30,12,255,146,109
224,3,10,365,55,310
624,11,8,488,482,6
33,21,17,421,61,360
342,1,6,237,15,222
304,13,18,93,56,37
150,13,21,234,43,191
678,36,12,235,110,125
410,17,15,426,12,414
88,9,6,111,74,37
389,11,6,481,279,202
354,43,10,318,243,75
652,31,7,472,389,83
273,15,23,440,243,197
471,7,4,136,103,33
489,31,18,97,87,10
730,1,11,261,33,228
697,9,12,95,22,73
701,21,11,445,271,174
460,11,11,232,142,90
550,4,17,57,3,54
563,5,14,197,5,192
592,17,7,420,216,204
730,21,23,496,266,230
226,1,9,429,404,25
456,43,14,327,34,293
709,14,11,211,73,138
175,21,19,266,130,136
538,1,24,65,12,53
495,24,6,178,167,11
218,14,24,52,11,41
437,43,15,359,212,147
545,4,10,449,188,261
489,23,8,227,41,186
237,21,4,250,100,150
58,43,8,409,184,225
63,23,18,205,18,187
565,7,14,387,307,80
710,4,15,171,91,80
730,28,15,360,329,31
730,21,11,100,35,65
390,21,6,482,425,57
615,24,11,391,78,313
264,11,7,128,1,127
214,3,24,422,78,344
313,16,24,461,396,65
226,7,18,201,118,83
711,24,18,112,25,87
10,3,17,353,155,198
458,16,3,441,343,98
668,43,4,255,206,49
559,21,7,59,23,36
8,24,4,344,281,63
467,11,24,471,166,305
29,5,10,168,46,122
641,30,7,232,217,15
48,3,7,375,320,55
315,7,15,377,10,367
174,28,3,242,222,20
712,14,1,75,20,55
443,31,10,195,54,141
251,15,14,444,246,198
730,13,25,330,137,193
16,11,11,433,387,46
19,3,3,397,317,80
557,14,9,148,51,97
673,16,10,369,312,57
81,9,6,218,144,74
522,23,9,109,2,107
730,15,9,114,85,29
706,15,9,205,200,5
659,16,5,292,93,199
405,36,21,196,11,185
730,13,3,416,190,226
500,16,15,356,57,299
1,13,24,174,39,135
356,30,18,267,237,30
730,36,14,178,24,154
230,7,3,259,254,5
713,3,10,499,69,430
365,16,24,218,53,165
277,15,18,254,58,196
635,21,11,296,168,128
651,28,14,116,109,7
485,15,5,251,152,99
287,31,23,303,149,154
645,23,12,236,57,179
661,24,9,103,7,96
281,21,3,305,259,46
730,43,8,358,9,349
4,23,10,263,21,242
436,1,3,85,35,50
283,16,8,372,199,173
677,7,19,341,92,249
122,7,1,119,6,113
714,15,7,66,9,57
491,23,23,399,116,283
483,43,17,95,59,36
322,1,19,220,208,12
194,13,7,363,339,24
416,43,24,120,69,51
730,4,21,397,103,294
730,9,25,211,81,130
38,17,18,104,98,6
598,14,14,382,39,343
139,36,17,493,167,326
476,30,17,341,133,208
475,23,14,454,429,25
270,30,10,302,2,300
730,21,14,277,200,77
520,5,23,300,124,176
663,16,1,236,39,197
730,28,18,159,16,143
730,23,17,440,42,398
494,13,9,261,106,155
730,23,11,148,27,121
686,3,9,457,377,80
392,24,11,343,94,249
513,28,12,406,2,404
499,13,14,472,308,164
335,31,5,217,120,97
730,36,1,267,146,121
126,24,18,345,245,100
573,24,12,400,155,245
314,21,19,435,37,398
481,17,18,229,160,69
615,7,23,181,162,19
209,1,1,211,192,19
686,9,7,136,22,114
555,15,9,144,28,116
174,4,11,62,14,48
224,11,9,171,131,40
413,1,15,209,190,19
137,21,18,368,103,265
44,31,19,130,30,100
655,7,18,307,220,87
730,30,25,448,285,163
257,16,21,184,67,117
354,9,18,138,29,109
227,28,3,167,162,5
355,11,17,430,408,22
661,7,17,202,50,152
399,23,7,264,163,101
267,36,15,118,24,94
324,21,11,414,66,348
593,21,12,488,485,3
533,3,14,244,189,55
184,4,1,324,179,145
161,13,15,369,35,334
219,7,8,484,359,125
616,4,24,243,212,31
202,28,12,479,201,278
260,36,18,235,23,212
730,14,12,194,141,53
546,43,9,447,258,189
63,3,23,64,37,27
74,17,5,293,32,261
452,15,12,334,23,311
643,23,6,496,336,160
10,24,12,302,189,113
97,22,3,422,108,314
190,24,7,228,52,176
308,24,8,198,138,60
10,16,9,244,57,187
666,43,9,270,104,166
107,15,4,408,139,269
655,28,15,386,20,366
715,15,18,88,86,2
53,31,15,147,100,47
694,14,21,302,50,252
700,4,24,199,41,158
214,15,18,236,152,84
694,3,25,102,87,15
664,17,18,335,42,293
527,5,18,180,101,79
193,21,24,196,29,167
293,21,8,401,159,242
56,22,19,219,48,171
341,24,23,355,212,143
730,4,15,188,151,37
360,9,14,272,119,153
84,21,4,423,412,11
221,43,11,344,198,146
629,30,7,92,82,10
42,28,19,496,429,67
730,1,23,372,327,45
298,1,21,257,126,131
210,21,21,406,163,243
620,14,23,57,39,18
716,15,3,444,12,432
52,7,21,354,142,212
495,7,15,137,10,127
222,30,11,257,61,196
15,24,21,117,28,89
397,31,14,293,111,182
270,14,8,335,245,90
698,17,12,488,254,234
198,1,7,170,101,69
707,21,11,104,103,1
730,4,15,241,203,38
532,13,17,486,159,327
631,5,7,392,290,102
652,14,12,151,101,50
717,43,25,115,60,55
261,3,12,453,371,82
345,15,8,217,28,189
528,30,10,212,101,111
49,14,15,500,260,240
730,13,25,391,306,85
207,23,7,165,114,51
382,15,17,366,109,257
387,21,24,136,86,50
529,17,10,208,117,91
174,16,19,80,64,16
730,36,17,487,281,206
377,30,23,288,23,265
730,7,18,404,40,364
66,7,6,291,195,96
730,4,4,453,56,397
665,24,19,193,34,159
494,43,1,482,214,268
282,30,21,77,11,66
606,5,21,207,55,152
112,17,9,268,202,66
377,4,21,386,325,61
305,28,18,71,27,44
315,4,3,447,307,140
558,28,25,135,63,72
474,13,14,378,157,221
223,3,10,403,353,50
705,11,12,347,289,58
730,1,5,328,168,160
636,7,21,93,68,25
410,3,14,450,292,158
602,1,6,447,230,217
598,30,7,279,17,262
576,9,17,235,90,145
200,43,9,56,39,17
409,22,17,416,80,336
111,17,25,247,244,3
141,1,19,234,41,193
664,13,18,231,168,63
257,28,19,104,38,66
193,43,5,399,164,235
718,28,12,290,219,71
246,14,15,443,220,223
26,21,14,395,229,166
719,22,21,76,12,64
537,17,25,451,135,316
37,31,25,437,40,397
241,15,5,89,42,47
569,1,10,93,64,29
500,21,24,224,171,53
51,14,12,148,12,136
43,22,24,119,23,96
319,5,24,387,365,22
567,28,8,185,27,158
443,5,7,483,435,48
326,22,21,328,328,0
337,21,5,487,32,455
42,31,12,344,214,130
591,9,23,319,19,300
444,36,17,260,116,144
154,5,9,213,90,123
623,24,9,413,128,285
558,15,12,317,199,118
196,13,24,101,14,87
370,1,7,233,171,62
117,36,3,421,378,43
108,43,18,335,60,275
122,5,4,396,246,150
157,43,23,468,410,58
580,30,23,110,12,98
577,7,6,451,287,164
587,21,17,139,136,3
369,31,12,232,126,106
377,14,4,275,12,263
83,23,18,467,144,323
8,1,6,495,306,189
582,13,12,67,67,0
519,7,25,95,93,2
306,43,8,189,120,69
641,30,7,409,77,332
466,16,12,124,116,8
216,5,10,278,79,199
456,23,3,429,184,245
2,31,10,333,244,89
49,36,3,84,58,26
680,9,19,108,49,59
38,30,10,458,367,91
207,21,18,97,84,13
496,21,25,347,77,270
580,1,10,466,325,141
673,28,7,295,61,234
730,4,19,154,103,51
518,4,1,263,180,83
730,15,12,437,67,370
578,21,10,465,78,387
509,15,10,205,48,157
730,23,15,384,189,195
490,1,5,237,89,148
264,16,18,127,17,110
300,31,17,429,427,2
85,14,4,248,186,62
226,30,25,201,88,113
467,22,24,346,279,67
276,3,10,394,285,109
490,16,6,422,375,47
277,21,17,405,19,386
103,3,6,81,65,16
201,31,12,273,126,147
630,13,19,105,78,27
270,30,7,190,100,90
376,11,8,144,22,122
712,11,3,255,30,225
312,36,25,408,274,134
654,7,3,61,42,19
608,14,6,86,84,2
618,4,17,304,239,65
617,23,17,298,220,78
486,3,11,71,71,0
286,1,5,185,68,117
475,23,11,423,127,296
620,7,4,157,12,145
378,43,23,330,316,14
63,1,8,185,17,168
289,17,25,108,21,87
230,24,5,449,201,248
62,24,18,396,104,292
289,23,21,406,387,19
430,28,6,271,251,20
400,22,8,273,20,253
345,22,24,458,21,437
730,5,8,170,103,67
551,9,19,432,118,314
305,36,18,350,94,256
730,16,1,415,208,207
720,43,4,143,16,127
618,5,1,354,207,147
730,24,15,195,105,90
223,24,15,453,68,385
80,7,3,392,209,183
242,9,18,464,464,0
546,7,12,282,80,202
730,23,10,476,18,458
117,31,14,244,144,100
391,7,23,373,39,334
367,30,9,348,31,317
226,1,23,241,105,136
372,22,19,305,118,187
558,23,14,166,17,149
196,23,7,407,343,64
535,30,21,218,8,210
225,1,19,72,55,17
721,15,19,484,85,399
369,17,3,276,33,243
522,31,5,394,74,320
730,36,21,411,111,300
234,23,24,76,14,62
66,43,17,207,201,6
284,4,11,346,5,341
505,15,12,279,142,137
24,5,3,54,27,27
730,23,15,180,180,0
408,22,4,258,132,126
272,5,25,185,161,24
70,30,5,396,328,68
106,4,7,149,18,131
261,21,17,150,100,50
75,36,18,333,103,230
426,21,12,202,58,144
615,23,23,118,31,87
612,30,8,75,42,33
361,7,18,442,129,313
180,16,4,450,204,246
97,3,15,122,59,63
730,15,24,386,165,221
385,21,19,315,217,98
73,7,3,283,259,24
713,7,24,68,6,62
506,21,24,258,124,134
662,30,4,70,17,53
599,9,8,136,90,46
539,16,11,415,279,136
278,23,18,375,262,113
730,24,4,488,374,114
444,1,4,499,216,283
419,13,21,395,276,119
348,11,18,305,287,18
601,17,3,259,35,224
491,22,25,500,298,202
418,17,9,349,249,100
193,28,18,430,183,247
31,4,3,359,16,343
301,21,18,164,106,58
165,1,24,126,74,52
411,24,25,99,65,34
377,23,4,447,69,378
457,36,12,171,46,125
402,4,17,306,116,190
714,21,7,280,246,34
399,13,15,62,42,20
572,1,5,490,147,343
387,24,23,367,313,54
535,7,12,465,357,108
289,14,24,212,196,16
278,36,17,236,233,3
730,7,1,406,156,250
689,15,25,379,234,145
130,43,4,110,63,47
530,24,9,193,84,109
156,30,9,257,181,76
229,31,18,175,55,120
497,22,21,369,165,204
109,31,8,81,16,65
508,22,18,477,130,347
104,21,6,96,27,69
484,43,21,223,22,201
68,1,18,220,198,22
402,1,15,76,38,38
305,21,1,280,33,247
81,22,10,433,363,70
433,36,8,359,68,291
398,30,25,152,74,78
680,31,1,472,404,68
634,21,3,204,191,13
430,28,17,265,121,144
274,31,7,149,1,148
116,5,3,142,103,39
722,9,11,494,290,204
643,36,17,426,186,240
636,31,21,326,63,263
730,21,17,422,304,118
669,22,14,66,50,16
113,36,24,345,75,270
173,14,1,443,74,369
730,13,12,493,224,269
102,13,10,54,20,34
730,23,25,85,24,61
109,16,24,439,129,310
508,43,10,266,204,62
107,11,15,143,45,98
408,3,15,321,233,88
150,21,11,372,146,226
670,36,3,408,370,38
592,28,7,68,4,64
516,23,4,272,38,234
53,21,6,274,98,176
22,30,18,478,145,333
501,28,23,247,152,95
297,3,7,141,128,13
361,22,5,291,220,71
730,43,19,361,136,225
383,14,4,51,49,2
446,21,1,214,189,25
314,28,24,204,85,119
85,43,18,144,62,82
677,16,12,171,165,6
543,9,10,167,18,149
730,28,24,116,92,24
415,16,23,176,176,0
684,15,7,55,35,20
497,13,4,184,50,134
157,21,10,389,56,333
548,3,5,250,161,89
73,16,6,464,237,227
102,13,8,107,26,81
641,14,6,107,32,75
730,13,15,313,45,268
730,13,9,279,40,239
517,14,12,433,79,354
584,17,25,333,158,175
372,1,7,356,350,6
328,36,21,344,259,85
120,9,3,369,368,1
723,43,21,300,224,76
666,13,7,405,384,21
414,13,18,84,51,33
539,23,11,75,25,50
730,28,23,461,58,403
717,22,11,313,259,54
359,16,23,234,229,5
136,4,1,269,250,19
366,24,1,246,124,122
730,43,18,190,12,178
369,17,12,309,101,208
521,7,24,468,103,365
525,43,18,233,162,71
12,16,6,497,339,158
342,43,14,244,220,24
58,16,17,335,314,21
730,28,12,321,8,313
501,31,25,74,52,22
611,13,25,111,33,78
491,9,21,198,159,39
730,30,1,102,5,97
235,4,21,107,20,87
730,3,15,489,310,179
512,43,19,293,162,131
674,11,5,269,119,150
420,4,11,180,34,146
585,22,25,297,158,139
41,23,18,341,215,126
334,14,19,200,31,169
605,7,1,244,211,33
497,14,4,318,78,240
498,7,9,342,298,44
51,7,4,62,9,53
696,31,21,56,9,47
730,22,6,82,35,47
730,14,21,175,4,171
597,9,24,396,273,123
190,7,5,118,13,105
586,7,1,462,427,35
82,21,21,83,22,61
63,13,8,481,143,338
459,7,23,187,52,135
513,21,9,294,42,252
730,15,24,464,369,95
559,24,5,369,11,358
251,24,1,129,84,45
21,24,19,266,57,209
438,5,7,151,77,74
456,4,3,342,200,142
226,14,3,180,4,176
579,9,7,431,279,152
215,36,12,430,161,269
163,30,19,154,13,141
724,13,15,357,326,31
328,15,6,464,32,432
730,3,11,390,178,212
324,11,18,266,130,136
369,7,9,446,339,107
65,31,5,344,232,112
673,1,7,426,316,110
177,17,19,173,123,50
351,30,9,423,132,291
567,13,3,208,134,74
301,7,3,249,165,84
405,17,19,387,42,345
730,13,25,250,147,103
173,30,5,135,64,71
695,1,1,107,98,9
529,30,9,222,218,4
346,23,19,221,159,62
481,43,15,261,165,96
172,24,25,284,118,166
130,7,23,80,72,8
56,17,6,142,97,45
428,1,18,431,300,131
543,3,15,313,84,229
187,30,21,456,57,399
237,17,14,393,56,337
10,13,9,79,28,51
220,24,5,96,11,85
108,16,15,98,61,37
110,43,6,75,68,7
177,24,9,160,114,46
485,43,21,198,33,165
723,30,18,327,9,318
6,21,12,460,211,249
335,28,17,277,18,259
190,5,4,292,243,49
44,31,19,482,433,49
156,13,7,57,19,38
730,15,17,271,85,186
27,13,15,119,60,59
551,21,14,396,380,16
401,11,5,362,346,16
730,17,8,129,22,107
567,21,24,473,417,56
101,21,4,268,214,54
456,21,10,61,40,21
730,17,11,466,15,451
126,9,6,379,332,47
224,30,18,205,12,193
730,21,6,473,278,195
673,43,17,215,148,67
55,22,21,183,133,50
730,43,12,246,126,120
627,7,3,417,202,215
442,7,19,204,188,16
598,36,1,178,85,93
307,36,18,75,54,21
551,36,6,445,208,237
188,5,5,96,75,21
550,30,1,86,26,60
67,16,15,480,32,448
730,30,9,296,160,136
532,14,4,477,65,412
117,7,11,75,50,25
127,7,11,191,170,21
545,15,1,133,91,42
66,23,4,267,225,42
430,23,7,99,17,82
730,14,4,385,171,214
730,3,10,256,91,165
284,17,11,277,175,102
131,4,21,69,14,55
555,30,23,382,46,336
417,36,10,499,190,309
643,5,3,247,164,83
730,15,17,496,40,456
557,5,3,489,19,470
209,15,1,432,239,193
591,22,12,488,161,327
343,15,21,160,147,13
497,17,11,292,9,283
69,14,8,262,227,35
501,7,10,436,275,161
730,30,15,425,226,199
472,21,11,194,27,167
577,7,7,302,177,125
339,14,21,377,255,122
730,3,11,401,23,378
197,4,5,98,39,59
15,28,10,137,104,33
599,36,11,95,40,55
188,3,4,325,269,56
483,13,6,490,414,76
426,15,12,147,56,91
121,36,15,425,298,127
148,23,8,430,67,363
416,21,21,431,312,119
409,43,19,157,57,100
324,16,12,443,63,380
537,4,15,69,26,43
388,21,19,92,66,26
241,22,18,329,28,301
423,24,9,235,99,136
730,11,19,396,111,285
48,17,3,187,134,53
365,1,4,370,62,308
478,28,7,409,198,211
569,7,11,67,1,66
730,16,7,378,139,239
557,4,17,117,41,76
723,16,23,500,311,189
571,17,23,314,52,262
274,14,23,315,44,271
365,7,23,118,55,63
697,22,19,476,328,148
148,23,17,155,116,39
725,30,4,259,45,214
420,21,21,236,196,40
385,24,14,209,89,120
85,22,6,336,280,56
203,21,11,180,109,71
694,36,19,403,104,299
489,21,4,205,80,125
502,16,25,94,42,52
270,21,11,231,27,204
160,21,19,76,72,4
107,1,8,253,91,162
405,31,9,406,24,382
391,3,18,414,105,309
180,15,17,198,60,138
730,14,23,346,238,108
367,24,7,223,52,171
205,21,24,190,145,45
477,1,18,287,128,159
160,36,1,184,160,24
694,24,21,466,126,340
641,28,25,295,141,154
249,4,19,221,190,31
716,17,21,124,53,71
678,36,12,404,236,168
522,9,17,165,85,80
194,24,23,147,93,54
730,43,8,385,60,325
67,9,17,428,285,143
723,43,7,444,421,23
679,23,12,239,101,138
373,17,18,75,69,6
447,22,17,170,40,130
89,16,11,317,282,35
410,31,15,386,44,342
186,13,19,330,214,116
189,36,21,66,59,7
451,7,1,176,49,127
531,9,7,394,294,100
721,36,1,260,93,167
596,5,9,100,61,39
380,4,1,352,70,282
578,17,10,169,26,143
730,14,18,222,214,8
697,21,12,347,174,173
5,36,3,229,193,36
730,21,5,69,19,50
3,36,3,412,75,337
372,7,19,306,242,64
227,22,1,239,107,132
542,30,12,449,407,42
634,21,11,427,18,409
107,28,17,341,15,326
730,36,17,456,94,362
522,36,6,436,398,38
87,31,6,166,22,144
560,36,23,159,26,133
369,43,15,69,4,65
194,14,23,433,431,2
18,15,25,53,19,34
730,9,21,458,140,318
452,14,17,488,6,482
177,24,24,379,329,50
10,22,17,63,37,26
330,14,12,212,110,102
649,9,9,101,32,69
396,43,5,292,59,233
560,30,17,224,191,33
41,9,1,306,131,175
434,31,3,121,47,74
317,22,18,265,201,64
649,9,3,283,48,235
154,21,9,456,448,8
197,21,9,432,409,23
142,21,19,464,2,462
354,5,25,187,29,158
677,15,12,429,27,402
44,4,25,405,285,120
328,3,5,357,335,22
396,30,1,283,5,278
730,31,9,309,8,301
364,31,23,294,99,195
312,23,15,500,106,394
21,36,9,102,22,80
616,36,15,468,287,181
327,16,5,188,176,12
26,15,19,184,16,168
488,23,9,283,24,259
730,11,24,217,170,47
511,31,24,189,5,184
118,30,7,426,322,104
383,4,9,256,22,234
389,31,17,282,236,46
320,15,25,328,279,49
160,7,6,152,143,9
32,21,24,111,73,38
730,17,14,307,303,4
605,9,9,499,246,253
78,17,19,90,1,89
396,23,14,172,82,90
730,21,23,95,60,35
730,31,9,209,165,44
99,23,1,356,146,210
23,30,7,281,44,237
240,13,14,358,251,107
336,21,15,113,13,100
63,7,14,406,21,385
373,36,10,479,271,208
189,7,21,256,105,151
580,28,6,127,11,116
730,43,10,306,236,70
218,16,12,193,138,55
384,13,23,379,41,338
605,11,10,443,333,110
730,31,6,261,5,256
38,31,21,474,230,244
418,21,8,278,266,12
593,11,11,491,363,128
383,1,24,311,22,289
71,11,12,316,252,64
338,22,3,203,100,103
271,21,24,459,105,354
416,4,18,146,86,60
730,11,9,346,337,9
571,3,25,291,41,250
531,22,25,413,191,222
264,15,4,124,119,5
583,17,23,230,127,103
438,15,19,287,197,90
112,3,11,276,215,61
663,15,1,131,52,79
35,21,9,344,86,258
469,1,7,317,216,101
233,22,9,474,138,336
390,11,21,250,41,209
244,31,6,320,313,7
730,31,4,146,96,50
335,13,11,291,33,258
627,30,23,368,75,293
641,7,1,51,40,11
127,3,5,403,266,137
572,13,1,294,207,87
333,21,15,441,282,159
397,15,7,164,148,16
113,31,14,236,236,0
590,24,23,471,359,112
603,22,17,226,101,125
300,15,15,188,86,102
730,14,21,162,72,90
617,3,5,363,344,19
713,21,8,444,13,431
730,43,11,402,3,399
720,4,11,74,12,62
576,14,1,347,320,27
588,36,5,389,134,255
458,14,1,490,202,288
706,3,25,216,36,180
564,21,25,167,11,156
408,3,15,179,169,10
536,14,10,410,379,31
424,13,14,111,8,103
460,4,17,55,13,42
144,3,4,285,86,199
212,4,4,376,102,274
125,9,7,464,411,53
641,22,1,257,119,138
730,14,14,157,50,107
442,4,6,436,128,308
155,31,25,468,75,393
260,5,18,336,301,35
173,1,6,86,50,36
469,5,24,251,125,126
80,9,19,485,153,332
382,14,6,217,162,55
69,23,24,76,70,6
94,15,17,479,211,268
576,4,23,96,11,85
432,4,8,232,159,73
227,4,25,334,306,28
203,17,25,137,137,0
713,5,21,409,56,353
295,23,9,400,357,43
75,43,11,229,84,145
730,9,4,332,238,94
70,17,3,222,161,61
730,36,1,339,256,83
179,11,3,142,51,91
13,14,1,180,175,5
184,3,17,426,199,227
266,15,3,431,208,223
726,16,21,89,56,33
674,14,1,466,229,237
163,15,12,207,193,14
47,14,4,243,96,147
180,13,14,340,110,230
730,36,17,86,63,23
248,13,9,252,195,57
730,7,4,374,91,283
382,28,11,127,72,55
383,13,1,300,107,193
573,43,15,187,164,23
140,5,15,91,68,23
200,31,23,374,374,0
306,21,17,394,392,2
322,5,5,408,403,5
730,17,5,351,52,299
466,30,7,147,64,83
730,16,5,67,58,9
144,16,7,465,357,108
299,11,15,408,13,395
426,22,9,409,145,264
228,5,5,256,15,241
496,23,18,455,385,70
182,15,17,217,145,72
578,43,12,478,261,217
659,16,21,150,115,35
450,7,8,393,153,240
365,21,9,268,185,83
306,24,10,362,15,347
720,11,8,368,311,57
110,7,23,481,440,41
514,31,18,92,38,54
135,28,6,491,289,202
379,5,3,432,365,67
730,4,9,290,18,272
280,30,18,73,11,62
562,16,9,498,498,0
730,4,7,237,123,114
288,15,14,360,276,84
672,28,6,177,48,129
73,14,6,180,8,172
90,30,6,99,11,88
156,30,9,193,53,140
730,15,21,156,32,124
54,17,11,395,179,216
722,14,14,91,38,53
543,21,8,484,3,481
493,23,3,57,34,23
391,3,23,456,56,400
312,4,9,420,24,396
169,31,17,129,4,125
425,21,5,151,131,20
103,16,1,437,126,311
730,16,15,235,164,71
622,21,11,186,61,125
254,30,14,325,41,284
522,4,17,498,494,4
730,24,5,269,80,189
712,31,25,430,169,261
730,17,24,302,261,41
730,36,25,111,4,107
139,17,3,420,229,191
233,23,4,425,149,276
5,7,9,423,345,78
578,11,23,336,14,322
369,30,24,457,411,46
374,36,14,188,142,46
102,28,12,145,116,29
20,1,3,354,72,282
426,4,17,164,75,89
538,31,11,318,288,30
3,11,15,283,243,40
130,28,19,87,68,19
424,14,9,211,194,17
469,3,7,417,219,198
350,5,3,416,256,160
105,30,17,445,350,95
607,36,15,130,92,38
102,13,17,59,11,48
325,28,10,446,110,336
560,13,17,281,253,28
347,36,9,143,33,110
643,36,3,270,61,209
83,1,14,99,6,93
668,5,17,408,224,184
373,7,1,378,215,163
213,24,3,146,5,141
730,43,12,226,143,83
730,13,9,405,318,87
179,23,23,117,82,35
500,14,18,334,86,248
119,23,21,415,206,209
608,7,18,405,396,9
253,3,11,488,72,416
31,23,12,291,254,37
76,23,14,488,249,239
310,31,21,121,79,42
730,16,12,470,457,13
487,4,4,87,40,47
142,11,24,301,156,145
602,3,12,212,65,147
386,24,8,174,76,98
395,7,25,496,6,490
609,31,12,457,90,367
523,43,25,328,25,303
22,21,4,262,224,38
730,7,1,223,64,159
32,36,7,89,26,63
95,16,7,131,71,60
643,31,24,447,429,18
666,31,11,215,13,202
700,15,21,127,73,54
410,36,1,461,430,31
127,28,19,365,245,120
523,3,14,129,96,33
693,4,3,349,114,235
584,24,19,254,19,235
276,7,12,110,56,54
58,43,12,393,60,333
549,15,3,395,279,116
730,21,7,295,80,215
730,22,23,262,191,71
441,21,24,65,4,61
300,43,25,226,25,201
550,31,9,406,389,17
329,28,19,396,60,336
730,36,23,465,363,102
651,15,15,173,94,79
507,15,8,337,93,244
538,36,6,350,66,284
334,21,25,431,124,307
357,15,24,75,29,46
730,23,3,322,261,61
716,22,18,378,42,336
104,16,14,376,363,13
685,4,11,76,48,28
480,9,11,272,103,169
221,15,15,246,52,194
730,9,19,123,11,112
82,9,18,350,147,203
727,15,24,217,102,115
241,21,19,444,394,50
328,16,11,336,26,310
730,16,5,423,318,105
232,1,7,152,114,38
730,16,14,100,32,68
375,9,18,360,337,23
226,15,3,275,160,115
721,21,21,314,301,13
705,31,10,418,269,149
363,36,21,310,128,182
445,7,14,61,25,36
350,3,15,374,28,346
730,30,8,115,30,85
371,21,6,279,46,233
196,43,9,294,269,25
383,5,23,149,109,40
20,5,18,374,50,324
322,21,25,364,338,26
244,23,1,159,31,128
315,23,15,461,358,103
545,23,4,270,139,131
545,1,6,414,279,135
345,4,15,224,83,141
334,21,19,439,179,260
254,11,4,199,66,133
730,14,19,100,45,55
434,15,23,135,30,105
468,9,17,241,7,234
647,30,8,98,49,49
730,22,1,194,77,117
33,11,8,270,161,109
83,21,6,282,175,107
322,13,18,311,258,53
618,4,10,136,73,63
166,31,1,391,168,223
311,15,11,480,7,473
427,23,5,420,246,174
53,3,12,458,284,174
535,24,10,183,144,39
730,30,5,425,51,374
636,1,19,372,95,277
716,1,15,423,49,374
213,14,6,454,284,170
328,24,18,410,217,193
649,21,25,351,48,303
72,1,3,390,229,161
567,14,12,77,75,2
287,1,14,62,3,59
730,4,5,118,1,117
695,5,19,125,7,118
586,30,5,405,247,158
637,5,21,151,36,115
356,14,12,269,121,148
53,28,6,376,234,142
116,24,12,427,231,196
274,36,11,245,26,219
730,31,14,80,5,75
297,13,10,143,79,64
541,5,7,309,227,82
233,1,18,102,60,42
107,23,12,224,150,74
67,4,23,290,208,82
559,43,8,348,101,247
23,1,17,264,76,188
540,1,9,340,5,335
217,36,17,352,162,190
267,4,18,421,202,219
503,15,6,64,57,7
730,24,7,201,116,85
730,5,18,473,72,401
634,14,12,134,10,124
545,22,6,341,257,84
405,43,8,326,278,48
730,15,14,250,217,33
191,3,21,159,18,141
204,15,10,299,109,190
119,17,25,414,20,394
535,28,19,211,15,196
635,5,14,385,33,352
154,17,19,218,182,36
386,7,24,113,95,18
730,22,17,93,47,46
730,21,19,103,16,87
16,31,7,53,17,36
245,1,9,337,128,209
508,16,14,444,363,81
663,36,9,143,133,10
499,43,14,286,73,213
229,31,15,458,400,58
119,3,15,282,99,183
730,15,3,444,13,431
159,14,25,70,52,18
730,24,5,309,3,306
190,28,8,102,53,49
730,1,11,346,57,289
249,23,3,471,259,212
695,28,17,457,165,292
399,43,4,177,32,145
96,28,9,434,417,17
97,28,1,140,118,22
268,43,6,444,257,187
642,36,7,132,39,93
605,43,24,88,77,11
698,31,7,303,204,99
705,15,21,476,319,157
116,23,25,115,46,69
189,5,18,145,95,50
430,21,15,148,63,85
253,31,8,207,126,81
674,7,6,352,81,271
498,4,1,203,127,76
647,23,5,228,67,161
404,3,6,181,24,157
570,9,6,194,42,152
386,36,18,408,401,7
115,24,14,242,238,4
488,21,19,422,286,136
503,13,15,208,173,35
348,16,1,417,382,35
133,28,25,368,318,50
475,21,4,130,64,66
730,13,18,479,38,441
261,7,24,457,147,310
57,16,10,135,79,56
472,16,25,61,7,54
228,22,10,226,163,63
188,11,4,338,233,105
533,1,17,142,68,74
639,1,19,149,9,140
165,17,19,451,187,264
635,9,5,233,189,44
522,3,25,179,9,170
5,22,12,181,175,6
418,28,17,168,127,41
61,16,5,330,49,281
712,36,7,463,30,433
467,17,1,305,258,47
529,21,21,187,101,86
159,14,17,224,21,203
216,16,19,488,34,454
118,5,17,386,117,269
508,24,21,68,57,11
523,11,12,230,117,113
639,21,8,276,105,171
730,28,11,61,12,49
22,15,14,260,8,252
472,7,12,446,64,382
268,21,19,393,275,118
96,13,3,185,106,79
58,24,14,479,199,280
252,30,8,228,155,73
531,11,12,211,56,155
62,21,12,95,59,36
535,17,24,499,410,89
452,7,14,490,381,109
236,16,9,244,57,187
204,11,21,376,209,167
63,30,25,352,132,220
276,28,10,132,86,46
169,3,12,62,27,35
323,11,17,104,57,47
314,4,1,489,444,45
36,14,3,376,90,286
454,14,25,432,218,214
112,11,4,463,246,217
645,30,7,344,175,169
51,22,19,156,154,2
64,3,17,287,75,212
75,15,12,290,51,239
705,43,1,323,127,196
239,3,24,318,47,271
616,21,4,394,206,188
304,30,4,422,395,27
29,7,8,417,84,333
137,43,7,363,27,336
556,11,19,130,26,104
441,28,12,443,62,381
82,14,4,325,307,18
721,13,17,233,178,55
136,43,24,335,192,143
279,11,3,476,59,417
724,30,4,110,32,78
313,17,15,343,279,64
408,9,10,299,242,57
585,3,21,50,6,44
66,9,3,166,99,67
24,15,15,216,132,84
728,28,4,481,152,329
29,13,25,432,412,20
730,21,23,312,128,184
724,13,19,316,197,119
66,4,6,57,17,40
79,36,6,313,117,196
499,28,21,69,28,41
461,9,19,117,97,20
433,3,9,261,105,156
490,15,8,472,28,444
505,14,23,107,82,25
448,28,5,167,134,33
593,16,23,353,137,216
260,17,7,123,56,67
361,21,6,354,235,119
553,16,11,172,133,39
573,24,5,403,319,84
138,14,7,280,249,31
403,1,10,448,373,75
256,23,7,302,9,293
72,21,3,496,401,95
174,24,25,330,250,80
645,9,12,236,134,102
103,4,14,145,142,3
260,28,15,258,49,209
530,9,17,175,81,94
597,9,1,398,388,10
334,5,3,61,52,9
431,36,10,268,140,128
667,7,25,144,133,11
397,23,21,107,104,3
613,43,24,442,36,406
402,1,15,319,6,313
532,14,4,500,143,357
164,36,24,222,219,3
172,15,8,185,39,146
97,21,23,421,47,374
291,7,3,120,17,103
141,21,5,222,125,97
718,43,10,271,215,56
62,7,3,460,330,130
188,21,10,485,3,482
702,5,5,495,208,287
186,36,5,242,233,9
730,1,12,367,278,89
22,21,12,227,164,63
730,28,21,228,210,18
49,13,17,126,71,55
730,7,25,63,25,38
424,24,4,334,4,330
189,22,5,131,108,23
311,14,17,373,303,70
730,13,18,257,114,143
116,16,14,269,33,236
425,31,15,109,93,16
257,43,1,269,33,236
376,23,10,251,161,90
365,13,7,261,139,122
690,7,4,460,393,67
434,36,9,474,293,181
542,30,1,343,68,275
537,22,8,218,7,211
444,28,23,187,11,176
608,5,9,69,45,24
287,1,1,265,244,21
406,31,24,384,124,260
220,4,3,343,220,123
373,28,17,85,23,62
164,36,4,210,105,105
302,43,1,346,40,306
673,36,4,164,81,83
88,4,11,104,6,98
720,17,15,342,128,214
362,15,17,100,12,88
60,9,6,327,53,274
65,21,7,476,99,377
730,4,14,454,210,244
648,13,21,281,70,211
249,15,21,418,378,40
283,30,1,124,100,24
416,4,10,249,12,237
122,14,21,213,80,133
414,24,15,72,27,45
456,15,11,351,181,170
173,31,5,362,108,254
304,1,21,283,3,280
643,24,12,301,256,45
716,15,10,473,202,271
110,11,9,149,113,36
109,9,5,64,38,26
64,1,24,469,43,426
86,5,7,417,305,112
554,13,10,117,32,85
545,21,8,187,24,163
730,28,1,427,395,32
269,31,12,219,60,159
339,21,23,435,173,262
140,1,18,432,260,172
129,7,7,276,218,58
368,30,17,173,160,13
347,21,11,400,288,112
639,15,23,328,40,288
93,13,19,492,459,33
234,7,6,150,27,123
680,9,19,96,54,42
507,3,17,226,168,58
604,21,25,325,97,228
412,15,7,346,289,57
474,1,12,388,53,335
728,17,10,384,227,157
481,7,19,224,172,52
730,21,5,279,88,191
69,43,10,328,204,124
730,43,9,178,138,40
673,15,9,180,117,63
194,17,25,105,61,44
194,5,5,323,184,139
666,14,8,51,34,17
430,4,15,293,142,151
565,21,19,493,107,386
72,21,24,281,3,278
730,1,8,68,32,36
167,21,10,409,335,74
627,21,12,297,43,254
35,15,7,166,97,69
173,4,17,76,18,58
481,28,25,460,302,158
202,5,10,363,108,255
47,7,17,210,147,63
239,22,4,409,121,288
408,43,18,286,118,168
92,9,23,388,365,23
707,16,7,352,178,174
142,23,24,440,141,299
129,4,25,271,204,67
288,21,23,347,103,244
730,5,6,108,69,39
315,43,11,215,120,95
32,13,10,118,22,96
377,3,10,497,68,429
659,16,4,373,145,228
456,28,25,476,380,96
156,11,24,350,48,302
120,28,10,62,11,51
141,24,1,218,80,138
663,36,9,247,103,144
120,30,9,436,319,117
566,13,23,181,141,40
237,15,10,183,117,66
101,43,7,366,163,203
415,7,24,499,127,372
111,31,21,319,110,209
98,24,4,52,3,49
98,11,14,125,119,6
210,21,17,200,98,102
730,43,17,481,223,258
575,5,25,73,9,64
653,24,25,72,5,67
539,17,18,351,349,2
509,3,7,115,50,65
202,3,18,354,137,217
713,31,6,74,74,0
681,4,8,449,35,414
706,13,4,488,274,214
730,3,18,433,362,71
415,43,8,456,241,215
490,3,19,73,54,19
357,43,11,225,102,123
469,36,6,158,117,41
473,17,6,347,102,245
334,4,24,369,75,294
612,3,12,458,440,18
221,7,24,430,312,118
35,7,3,364,353,11
730,17,3,356,46,310
62,43,15,100,41,59
688,28,19,265,161,104
125,24,18,445,178,267
108,5,23,350,129,221
448,23,6,181,20,161
35,24,18,430,352,78
730,5,6,185,151,34
491,21,18,162,123,39
159,9,3,193,112,81
278,4,10,55,17,38
189,23,10,459,353,106
243,23,19,447,348,99
679,17,15,69,65,4
528,17,15,240,54,186
73,13,18,121,110,11
548,9,18,108,41,67
451,28,7,111,14,97
122,24,12,349,246,103
665,7,4,108,65,43
730,4,5,191,171,20
273,36,18,136,21,115
611,14,5,232,133,99
567,21,5,223,136,87
366,21,24,384,339,45
632,16,3,172,156,16
378,21,23,309,99,210
321,11,5,213,85,128
161,15,7,392,58,334
123,23,12,127,88,39
202,15,12,274,74,200
337,21,8,477,127,350
363,14,14,332,199,133
20,36,10,165,116,49
178,17,11,228,201,27
509,7,7,164,45,119
644,16,12,397,62,335
186,21,5,305,55,250
475,23,10,475,334,141
363,15,4,227,23,204
730,5,1,359,323,36
317,11,9,192,118,74
450,14,19,228,134,94
725,17,1,94,17,77
106,17,25,298,116,182
590,9,9,413,234,179
37,28,5,56,17,39
46,21,17,222,206,16
283,23,21,255,140,115
534,23,9,290,101,189
203,16,12,396,66,330
162,5,6,185,168,17
530,16,15,84,75,9
730,24,10,254,168,86
17,13,11,349,235,114
160,21,21,71,39,32
244,9,14,101,40,61
159,36,10,63,49,14
481,5,11,277,59,218
33,1,9,70,51,19
260,13,24,240,21,219
404,24,14,447,327,120
373,7,24,185,25,160
284,31,12,307,158,149
395,24,1,493,112,381
32,1,5,168,123,45
95,9,10,445,204,241
365,1,15,412,395,17
578,21,8,82,5,77
563,31,21,250,198,52
714,15,7,281,173,108
371,1,3,267,241,26
1,14,12,321,76,245
707,14,17,71,38,33
427,21,21,150,109,41
698,7,6,406,333,73
251,36,19,452,404,48
658,5,6,471,393,78
444,17,17,315,71,244
730,5,23,134,8,126
730,17,5,464,454,10
543,1,12,69,65,4
233,3,3,69,13,56
638,43,8,341,13,328
489,16,9,241,139,102
206,3,9,236,146,90
381,31,25,393,216,177
336,16,23,156,110,46
701,21,17,127,98,29
593,4,23,81,2,79
496,11,11,211,98,113
14,43,12,223,41,182
307,21,9,492,170,322
30,11,8,119,82,37
62,3,10,161,80,81
730,31,15,190,132,58
296,30,10,365,321,44
652,17,21,217,167,50
730,9,19,382,295,87
728,9,1,430,347,83
660,28,23,74,32,42
322,4,1,284,200,84
258,21,19,95,61,34
433,13,1,72,58,14
180,7,8,396,260,136
8,7,12,411,343,68
479,16,1,354,170,184
275,14,1,472,390,82
555,36,6,52,21,31
27,17,10,261,77,184
38,30,8,451,393,58
334,14,25,262,46,216
287,22,11,347,232,115
196,15,12,483,107,376
140,11,9,108,51,57
45,3,1,151,61,90
719,15,25,122,98,24
639,23,19,461,394,67
213,4,23,416,255,161
667,16,9,116,116,0
156,24,3,265,173,92
14,14,18,404,141,263
463,1,9,330,282,48
499,17,24,421,73,348
218,1,23,471,251,220
730,17,7,368,141,227
730,22,21,494,259,235
571,15,8,367,187,180
235,30,14,131,23,108
500,1,14,161,20,141
712,24,19,276,72,204
567,21,18,426,376,50
296,14,8,245,179,66
105,15,10,472,73,399
276,17,19,202,42,160
580,7,9,171,71,100
625,9,5,487,151,336
624,24,12,221,8,213
260,15,1,138,69,69
389,30,3,479,23,456
661,28,12,109,98,11
628,9,23,105,56,49
730,7,1,200,48,152
356,22,4,405,320,85
715,17,17,58,24,34
365,28,18,288,16,272
402,9,4,429,347,82
415,15,19,363,264,99
544,36,24,364,65,299
643,36,4,397,294,103
97,36,9,301,54,247
713,9,15,50,50,0
418,14,23,472,222,250
386,5,19,229,2,227
219,21,15,255,171,84
291,17,8,338,111,227
639,22,12,259,67,192
323,30,14,177,33,144
730,30,8,456,60,396
68,5,12,356,97,259
730,22,6,465,265,200
643,24,21,324,182,142
109,7,3,470,293,177
15,16,5,77,56,21
631,28,8,378,122,256
90,30,12,200,15,185
643,11,17,404,402,2
115,3,15,492,282,210
696,15,8,295,79,216
70,21,6,441,229,212
279,22,5,342,174,168
293,1,10,367,132,235
475,14,6,189,187,2
316,23,23,220,118,102
299,31,18,153,49,104
681,21,8,141,133,8
463,31,25,162,18,144
318,24,5,465,95,370
469,36,1,448,184,264
674,14,17,421,210,211
205,23,3,380,285,95
253,22,6,176,157,19
730,24,23,317,84,233
297,28,19,60,30,30
370,11,11,207,136,71
522,21,11,213,67,146
305,22,17,85,23,62
730,21,7,460,147,313
226,11,7,135,91,44
323,13,15,146,113,33
443,43,9,69,51,18
142,3,17,478,320,158
398,1,5,317,160,157
270,1,10,50,41,9
285,23,1,254,96,158
442,30,19,108,14,94
541,3,7,52,51,1
605,23,3,53,24,29
475,36,5,171,97,74
297,31,19,347,235,112
548,7,3,290,266,24
523,3,17,92,22,70
634,9,7,295,181,114
730,43,7,438,99,339
91,3,25,74,39,35
431,15,25,233,188,45
371,23,5,255,98,157
420,1,3,101,5,96
121,3,12,96,96,0
443,28,17,391,243,148
158,11,3,256,165,91
561,43,21,70,30,40
197,3,4,432,53,379
332,17,10,312,12,300
118,21,1,386,247,139
254,30,1,410,230,180
132,43,12,217,82,135
24,15,11,443,442,1
698,21,8,228,39,189
492,24,19,454,243,211
446,13,5,385,205,180
626,15,10,125,116,9
71,17,12,473,317,156
382,15,23,370,15,355
410,17,10,217,118,99
22,5,24,409,31,378
632,21,12,163,81,82
628,16,15,51,25,26
730,3,7,142,138,4
730,22,3,452,347,105
81,14,24,366,125,241
134,13,25,200,69,131
730,9,23,246,61,185
72,24,21,286,261,25
213,7,3,418,102,316
582,28,23,100,44,56
201,1,24,121,68,53
352,16,8,279,96,183
730,7,8,170,77,93
151,1,4,492,376,116
530,4,11,52,52,0
159,21,12,372,115,257
439,28,5,341,30,311
730,30,24,130,2,128
436,31,6,92,54,38
500,13,1,252,240,12
634,24,9,275,250,25
125,17,8,409,146,263
337,31,8,359,74,285
681,17,5,434,106,328
46,4,8,317,90,227
709,3,6,397,162,235
64,43,17,230,129,101
556,36,4,109,28,81
730,17,8,337,269,68
448,23,7,496,421,75
218,1,25,405,52,353
209,23,5,328,104,224
303,7,24,291,58,233
539,17,15,308,100,208
64,1,19,433,25,408
445,28,23,464,421,43
573,5,25,401,72,329
221,31,7,462,376,86
209,21,21,325,194,131
346,21,24,197,73,124
618,31,10,487,213,274
296,21,19,173,88,85
729,3,15,339,4,335
217,23,6,335,127,208
16,15,9,432,265,167
565,16,3,334,128,206
730,11,17,51,10,41
102,17,11,200,186,14
84,16,5,226,224,2
75,1,25,437,302,135
683,21,15,304,7,297
575,43,21,313,276,37
719,4,14,186,69,117
6,3,5,175,22,153
36,14,6,143,7,136
77,3,14,235,44,191
237,30,3,106,58,48
24,17,25,334,138,196
317,21,17,341,160,181
180,21,21,146,7,139
353,21,3,318,97,221
660,11,11,336,144,192
75,22,18,409,83,326
25,11,1,105,60,45
528,36,4,343,262,81
448,23,17,219,124,95
47,11,7,375,238,137
79,3,4,357,316,41
730,9,3,143,7,136
48,30,12,273,35,238
529,24,25,276,222,54
590,16,10,91,53,38
201,14,15,233,118,115
148,22,15,138,62,76
456,3,7,111,12,99
428,30,19,112,49,63
137,21,1,465,174,291
33,31,4,337,315,22
349,1,12,140,76,64
313,5,18,439,273,166
282,17,21,398,233,165
155,14,9,427,216,211
30,7,24,403,272,131
567,15,3,351,342,9
130,43,5,330,279,51
302,23,24,423,211,212
47,22,15,150,66,84
512,11,17,386,175,211
703,43,24,97,87,10
358,13,15,124,4,120
684,9,24,358,58,300
647,23,25,322,130,192
267,4,12,266,176,90
588,43,25,98,68,30
420,1,6,185,60,125
660,9,5,125,32,93
542,17,24,60,56,4
610,36,15,216,55,161
239,36,9,399,7,392
601,1,15,407,157,250
336,36,5,111,69,42
705,3,12,328,168,160
438,22,8,103,10,93
148,5,5,98,34,64
103,21,10,347,265,82
569,9,18,170,67,103
554,22,10,203,124,79
42,3,24,184,75,109
493,17,24,158,141,17
27,1,5,258,25,233
497,15,17,123,110,13
178,11,11,73,10,63
724,16,10,145,115,30
612,5,6,166,158,8
138,28,12,120,107,13
7,15,17,220,66,154
730,15,6,61,48,13
330,9,11,241,134,107
398,17,23,480,338,142
345,30,17,466,421,45
21,3,11,405,346,59
428,5,11,393,309,84
197,43,12,281,167,114
587,36,19,456,40,416
667,11,14,432,194,238
730,9,9,421,169,252
52,21,12,401,16,385
524,16,24,105,96,9
109,30,18,355,346,9
486,43,23,422,378,44
501,28,5,192,125,67
730,21,9,471,62,409
214,28,19,325,244,81
226,5,12,147,123,24
730,30,5,494,268,226
592,21,23,270,183,87
666,24,6,276,226,50
524,9,12,398,262,136
656,11,12,149,105,44
384,7,23,139,45,94
364,22,5,163,143,20
411,23,9,366,282,84
447,11,15,405,382,23
515,16,8,128,57,71
420,17,24,475,335,140
153,1,15,321,47,274
622,36,4,202,67,135
730,5,4,428,355,73
633,11,6,261,152,109
488,13,14,129,42,87
730,24,12,280,100,180
364,1,7,221,71,150
508,43,6,66,31,35
723,4,18,69,47,22
567,36,25,435,77,358
350,1,10,349,200,149
608,28,3,308,23,285
559,14,23,271,83,188
347,43,7,177,130,47
635,14,9,485,1,484
375,23,11,378,186,192
594,28,6,187,48,139
372,24,4,347,68,279
580,21,23,399,324,75
267,11,9,454,66,388
95,4,8,124,105,19
266,4,17,343,188,155
471,36,10,267,121,146
78,43,23,379,99,280
559,11,3,164,114,50
336,24,19,153,47,106
626,1,5,178,55,123
730,14,9,222,31,191
672,5,18,282,274,8
56,31,25,463,113,350
459,3,9,281,130,151
486,30,6,307,190,117
330,21,14,176,80,96
288,43,12,53,19,34
238,5,8,229,21,208
722,24,19,304,246,58
730,9,9,72,1,71
293,16,11,355,301,54
337,7,5,481,384,97
317,11,15,263,204,59
374,21,5,217,36,181
518,22,7,216,190,26
89,5,25,157,122,35
319,43,18,70,12,58
730,9,11,276,209,67
264,7,18,140,4,136
559,1,23,120,93,27
646,21,18,486,77,409
620,36,21,378,364,14
301,28,14,96,59,37
372,22,9,61,11,50
282,43,19,442,335,107
146,28,24,75,13,62
450,21,24,417,130,287
296,16,24,112,87,25
545,17,12,108,49,59
249,31,5,248,36,212
647,17,17,50,50,0
447,13,1,350,125,225
8,36,3,164,73,91
730,15,1,254,253,1
223,17,19,472,73,399
269,30,5,351,197,154
495,21,21,150,71,79
55,43,10,367,233,134
478,3,14,80,46,34
193,7,10,114,101,13
321,15,8,439,249,190
417,15,19,239,71,168
446,30,14,348,241,107
112,28,7,428,84,344
632,28,8,285,283,2
314,5,12,435,367,68
20,5,1,249,99,150
728,13,12,500,214,286
99,23,14,348,242,106
488,4,5,200,23,177
193,36,10,329,163,166
612,17,5,252,56,196
384,11,3,336,240,96
730,9,14,223,21,202
599,4,1,163,77,86
354,15,24,211,20,191
32,36,21,466,326,140
621,14,3,372,361,11
183,3,12,320,291,29
57,11,18,195,138,57
443,14,1,89,38,51
379,7,3,231,11,220
730,17,14,139,99,40
366,14,9,362,136,226
717,15,5,338,233,105
730,30,18,72,61,11
624,11,21,415,130,285
723,3,1,230,182,48
316,28,9,290,43,247
199,31,17,73,26,47
597,11,24,232,124,108
547,14,23,172,94,78
308,15,9,481,182,299
503,15,19,112,6,106
710,30,7,497,376,121
730,28,21,339,238,101
37,21,14,112,26,86
23,28,14,150,126,24
7,21,14,312,96,216
364,23,19,188,70,118
203,23,21,433,58,375
605,22,12,496,8,488
351,14,25,206,147,59
621,5,14,283,140,143
351,11,14,182,33,149
145,7,21,77,67,10
257,17,9,434,299,135
409,24,25,301,55,246
427,21,15,478,321,157
166,5,10,219,36,183
176,21,7,106,12,94
550,24,18,284,59,225
507,1,24,268,213,55
730,4,17,144,38,106
699,23,21,79,36,43
497,36,4,224,214,10
730,21,4,281,16,265
730,31,23,388,94,294
730,16,23,480,287,193
122,16,19,246,3,243
194,31,18,434,358,76
709,4,4,484,107,377
726,9,19,366,92,274
363,9,5,491,245,246
616,23,17,258,144,114
626,23,5,319,245,74
363,13,4,68,58,10
538,22,23,230,215,15
16,30,8,407,397,10
16,21,7,143,25,118
730,15,5,383,117,266
423,36,10,455,166,289
551,15,15,328,89,239
721,22,17,450,270,180
677,22,3,477,176,301
36,13,9,491,486,5
409,13,3,208,193,15
182,22,9,98,71,27
715,31,4,158,45,113
625,21,17,336,140,196
617,16,12,193,103,90
533,7,23,296,131,165
730,28,19,481,76,405
57,21,14,464,373,91
618,7,6,334,283,51
369,9,19,354,211,143
392,5,19,76,38,38
228,3,19,467,415,52
426,3,19,65,39,26
90,24,1,356,279,77
440,23,15,455,402,53
371,7,3,324,66,258
649,16,23,357,144,213
614,21,18,165,90,75
650,3,3,280,152,128
659,23,6,386,157,229
288,1,7,306,3,303
621,28,17,175,15,160
591,31,8,226,87,139
16,13,23,436,174,262
9,31,17,326,302,24
181,15,11,182,31,151
254,9,25,419,392,27
286,43,7,307,102,205
284,4,21,268,185,83
545,17,23,418,340,78
275,11,21,225,44,181
109,23,18,480,251,229
398,3,19,431,72,359
30,31,4,157,43,114
315,17,5,294,168,126
9,16,18,318,6,312
157,22,17,429,360,69
687,21,9,196,127,69
617,22,23,384,297,87
502,31,7,158,125,33
74,24,7,200,191,9
730,23,8,70,55,15
454,43,23,462,443,19
178,21,19,444,211,233
411,13,8,476,105,371
395,23,10,371,189,182
462,7,3,378,240,138
730,3,17,248,4,244
301,17,23,415,412,3
242,14,21,450,99,351
730,13,19,61,57,4
368,30,25,126,45,81
589,21,24,427,272,155
284,21,12,389,221,168
391,30,18,397,106,291
730,3,21,164,73,91
659,1,18,139,32,107
315,11,10,339,39,300
273,5,24,70,62,8
343,13,21,182,61,121
141,43,1,302,103,199
307,1,5,406,305,101
730,15,10,93,18,75
291,43,8,367,39,328
198,3,11,113,90,23
441,3,9,109,80,29
613,13,1,287,260,27
308,21,24,113,2,111
72,5,8,373,192,181
610,24,19,133,38,95
19,11,3,181,49,132
690,3,11,401,359,42
690,3,11,401,359,42
690,3,11,401,359,42
690,3,11,401,359,42
690,3,11,401,359,42
690,3,11,401,359,42
690,3,11,401,359,42
690,3,11,401,359,42
690,3,11,401,359,42
690,3,11,401,359,42
690,3,11,401,359,42
