DateKey,ProductKey,CustomerKey,SupplierKey,ShipperKey,QuantitySold,TotalAmount,DiscountAmount,NetAmount
1,1,1,1,15,49,31965.15,121.07,31844.08
2,21,2,15,2,73,61862.39,91.09,61771.3
3,3,2,3,2,89,34404.73,10.56,34394.17
730,4,2,4,4,3,1092.03,69.06,1022.97
4,1,2,1,16,75,48926.25,137.17,48789.08
5,21,2,4,8,63,53388.09,103.22,53284.87
6,5,1,4,15,39,25741.95,104.2,25637.75
7,21,1,5,17,60,39141.0,121.19,39019.81
8,7,2,6,8,92,6256.92,18.11,6238.81
9,21,2,7,2,55,20020.55,53.26,19967.29
730,9,2,8,4,23,9961.3,33.11,9928.19
10,5,1,9,15,1,660.05,56.28,603.77
11,17,3,10,17,93,78137.67,251.64,77886.03
12,11,3,11,15,60,55818.0,136.73,55681.27
13,21,3,12,15,43,18623.3,37.6,18585.7
14,11,1,3,8,11,10233.3,160.82,10072.48
15,13,1,11,17,67,56777.81,104.73,56673.08
16,14,1,12,4,51,23515.59,92.28,23423.31
17,15,2,12,2,6,4160.34,128.46,4031.88
18,11,2,11,8,40,37212.0,41.4,37170.6
19,16,3,6,2,86,55995.46,127.55,55867.91
20,17,1,14,15,68,57132.920000000006,28.23,57104.69
21,36,2,15,17,8,7612.24,163.58,7448.66
22,21,1,24,15,48,17472.48,106.46,17366.02
23,43,1,7,2,74,19877.14,58.58,19818.56
24,4,2,11,16,58,21112.58,33.66,21078.92
25,43,3,6,4,77,20682.97,26.29,20656.68
26,3,1,17,4,67,25900.19,84.23,25815.96
3,21,3,7,16,61,58043.33,76.76,57966.57
27,22,3,8,15,24,20948.4,136.32,20812.08
28,14,1,18,4,28,12910.52,51.68,12858.839999999998
29,23,3,5,8,86,85581.18,227.78,85353.4
30,24,3,17,17,85,54579.35,23.36,54555.99
31,4,1,7,16,13,4732.13,42.55,4689.58
32,9,1,9,8,37,16024.7,93.32,15931.38
730,21,2,9,17,38,16457.8,8.02,16449.78
33,16,2,19,16,44,28648.84,68.57,28580.27
34,1,3,5,15,92,60016.2,20.67,59995.530000000006
35,3,2,11,15,59,22807.63,92.33,22715.3
730,22,3,19,17,73,63718.05,259.12,63458.93
36,21,2,24,2,55,2542.65,10.42,2532.23
37,30,1,21,8,95,41022.9,89.46,40933.44
38,16,3,21,16,61,39717.71,27.58,39690.13
39,1,2,8,8,54,35226.9,12.93,35213.97
40,17,1,5,15,59,49571.21000000001,155.38,49415.83000000001
41,5,3,17,15,67,44223.35,151.1,44072.25
42,14,3,12,8,74,34120.66,124.19,33996.469999999994
43,9,2,5,8,87,37679.7,89.28,37590.420000000006
44,4,3,3,15,51,18564.51,74.9,18489.61
45,3,3,8,2,55,21261.35,26.76,21234.59
46,23,3,7,17,32,31844.16,227.24,31616.92
47,28,2,7,4,83,3837.09,6.69,3830.4
48,21,1,19,4,58,57717.54,85.83,57631.71
49,13,3,21,2,11,9321.73,213.23,9108.5
730,7,2,6,15,17,1156.17,3.52,1152.65
730,30,3,7,4,52,22454.64,53.79,22400.85
50,31,2,23,17,90,20593.8,16.26,20577.54
730,13,1,11,17,74,62709.82,200.44,62509.38
51,13,3,21,16,40,33897.2,186.81,33710.39
52,3,3,24,2,37,14303.09,80.37,14222.72
53,30,3,25,8,13,5613.66,128.94,5484.72
54,9,2,10,8,43,18623.3,5.83,18617.47
55,7,1,18,8,85,5780.85,16.4,5764.450000000001
730,21,3,11,15,57,36600.27,14.5,36585.77
56,14,2,6,8,18,8299.619999999999,58.0,8241.619999999999
57,24,3,4,15,90,57789.9,23.02,57766.880000000005
58,11,2,18,4,13,12093.9,262.29,11831.61
730,28,1,18,16,98,4530.54,9.42,4521.12
59,22,2,4,2,82,71573.7,217.43,71356.27
60,43,1,21,8,5,1343.0500000000002,30.65,1312.4
61,36,3,21,4,53,50431.09,112.76,50318.33
62,1,2,7,4,21,13699.35,44.13,13655.22
63,7,1,11,15,70,4760.700000000001,7.75,4752.950000000001
64,28,3,18,2,37,1710.51,9.65,1700.86
65,16,3,3,17,92,59902.12,103.64,59798.48
66,31,1,3,2,46,10525.72,57.35,10468.37
67,13,1,7,4,59,49998.37,17.49,49980.88
68,21,2,23,16,68,44359.8,125.45,44234.350000000006
69,21,1,9,8,55,54732.15,34.46,54697.69
70,5,2,6,17,88,58084.4,6.07,58078.33
71,31,2,23,16,83,18992.06,42.58,18949.48
39,21,2,6,17,14,8989.54,15.97,8973.570000000002
72,28,2,8,15,84,3883.32,9.11,3874.21
73,9,1,18,4,17,7362.700000000001,92.69,7270.010000000001
74,11,1,23,8,77,71633.09999999999,250.2,71382.9
75,3,2,8,2,88,34018.16,67.27,33950.89
76,5,3,14,4,39,25741.95,187.03,25554.92
4,21,1,10,17,90,62405.1,45.74,62359.36
77,16,3,4,8,61,39717.71,62.71,39655.0
78,1,1,11,16,76,49578.6,157.95,49420.65
730,28,1,10,15,45,2080.35,12.51,2067.84
79,28,3,6,16,81,3744.63,1.13,3743.5
80,7,2,25,8,62,4216.62,9.58,4207.04
730,15,1,24,16,50,34669.5,139.61,34529.89
81,17,3,1,8,74,62174.060000000005,60.16,62113.9
67,23,3,5,4,53,52741.89,268.27,52473.62
730,14,3,19,4,41,18904.69,88.94,18815.75
82,36,3,24,17,48,45673.44,234.59,45438.850000000006
83,36,3,6,16,16,15224.48,220.89,15003.59
84,11,3,18,4,67,62330.1,41.67,62288.43
85,15,3,14,4,93,64485.27,198.55,64286.72
86,16,2,3,15,1,651.11,109.18,541.9300000000001
87,7,1,8,16,79,5372.79,17.68,5355.11
88,30,3,4,8,91,39295.62,93.94,39201.68
56,22,3,11,8,90,78556.5,125.79,78430.71
89,23,2,14,16,68,67668.84,296.11,67372.73
90,22,3,23,4,23,20075.55,85.24,19990.31
91,36,1,14,4,48,45673.44,68.75,45604.69
92,21,1,17,17,33,32839.29,251.34,32587.95
730,7,2,25,17,83,5644.830000000001,14.43,5630.400000000001
93,30,1,24,16,98,42318.36,102.45,42215.91
94,24,1,8,8,18,11557.98,155.14,11402.84
730,14,1,23,17,3,1383.27,22.37,1360.9
95,1,2,7,2,99,64582.65,89.62,64493.03
96,16,2,6,17,8,5208.88,38.98,5169.900000000001
97,30,1,10,16,83,35841.06,40.16,35800.899999999994
98,23,2,17,2,77,76625.01,65.38,76559.62999999999
99,28,2,5,15,92,4253.16,4.91,4248.25
730,21,2,17,16,56,36962.8,142.31,36820.49
100,4,2,7,15,84,30576.84,96.6,30480.24
101,3,2,8,4,59,22807.63,102.27,22705.36
102,4,3,11,4,23,8372.23,22.75,8349.48
103,13,2,18,17,95,80505.84999999999,114.26,80391.59
104,11,3,23,15,46,42793.8,154.36,42639.44
105,21,1,24,2,37,32295.45,122.54,32172.91
730,21,1,8,4,47,2172.81,13.79,2159.02
730,7,1,24,2,73,4964.7300000000005,4.38,4960.35
730,9,1,14,16,97,42010.7,52.73,41957.97
106,22,2,7,2,7,6109.95,2.62,6107.33
107,36,2,10,2,35,33303.55,48.79,33254.759999999995
9,21,2,1,16,86,3975.78,5.13,3970.65
108,9,1,4,4,97,42010.7,27.38,41983.32000000001
109,36,3,23,2,50,47576.5,262.55,47313.95
110,28,3,14,2,24,1109.52,9.13,1100.39
111,14,2,24,15,77,35503.93,28.64,35475.29
112,23,2,23,2,56,55727.28,51.81,55675.47
113,43,1,10,16,30,8058.3,47.64,8010.66
114,28,3,25,15,33,1525.59,11.65,1513.9399999999998
115,22,2,8,16,45,39278.25,188.1,39090.15
116,15,1,3,15,93,64485.27,167.95,64317.32
78,31,2,24,2,27,6178.139999999999,17.54,6160.599999999999
7,22,1,15,17,87,75937.95,228.53,75709.42
117,43,2,10,15,13,3491.9300000000003,46.02,3445.9100000000003
118,11,1,15,8,48,44654.4,11.34,44643.06
109,28,2,18,2,64,2958.72,3.62,2955.1
119,11,1,15,17,97,90239.1,59.84,90179.26
120,9,1,18,4,48,20788.800000000003,104.37,20684.430000000004
121,23,1,12,8,50,49756.5,65.18,49691.32
730,5,3,12,8,96,63364.8,159.62,63205.17999999999
122,7,1,10,16,23,1564.23,20.04,1544.19
14,30,3,7,2,46,19863.72,91.12,19772.6
123,13,3,3,2,42,35592.06,176.99,35415.07
124,17,2,24,17,58,48731.02,86.96,48644.060000000005
730,17,2,7,2,57,47890.83,0.85,47889.98
125,31,1,5,17,96,21966.72,30.39,21936.33
30,14,2,9,2,81,37348.29,114.7,37233.59
126,11,3,17,17,67,62330.1,263.1,62067.0
127,4,1,14,2,32,11648.32,17.98,11630.34
128,5,3,5,17,85,56104.24999999999,6.12,56098.12999999999
129,24,3,21,2,59,37884.49,143.95,37740.54
123,21,3,14,8,92,24712.120000000003,44.23,24667.890000000003
110,1,3,10,2,6,3914.1,174.31,3739.79
130,13,3,3,15,74,62709.82,228.11,62481.71
131,21,1,7,2,76,48800.36,181.03,48619.33
132,4,1,1,16,62,22568.62,88.97,22479.65
730,22,1,9,16,60,52371.0,67.88,52303.12
35,7,2,8,4,21,1428.21,7.75,1420.46
133,7,2,9,17,92,6256.92,7.01,6249.91
134,31,1,24,2,7,1601.74,4.22,1597.52
135,14,3,7,17,57,26282.13,75.09,26207.04
34,15,1,18,16,5,3466.95,10.52,3456.43
136,16,1,14,2,58,37764.38,170.06,37594.32
137,24,3,10,4,27,17336.97,151.22,17185.75
138,15,1,14,2,16,11094.24,191.27,10902.97
139,23,1,3,15,97,96527.61,260.46,96267.15
140,4,2,23,17,42,15288.42,81.35,15207.07
141,5,3,8,15,57,37622.85,105.11,37517.74
142,28,1,3,4,70,3236.1,4.05,3232.05
63,4,1,9,15,50,18200.5,36.27,18164.23
143,31,3,25,4,63,14415.66,50.54,14365.12
144,17,2,6,4,41,34447.79,129.28,34318.51
145,30,2,12,15,68,29363.76,114.3,29249.46
146,9,1,21,2,69,29883.9,4.96,29878.94
26,22,2,11,8,89,77683.65000000001,54.29,77629.36000000002
730,21,3,8,2,98,63808.78,163.79,63644.99
147,17,3,14,16,25,21004.75,190.03,20814.72
148,7,2,19,8,4,272.04,0.06,271.98
730,5,2,11,8,71,46863.55,56.82,46806.73
730,13,1,17,17,25,21185.75,240.12,20945.63
149,30,3,23,8,82,35409.24,14.98,35394.259999999995
150,22,2,9,17,55,48006.75,67.43,47939.32
151,14,1,19,4,42,19365.78,60.64,19305.14
152,11,2,10,2,16,14884.8,108.56,14776.24
153,15,1,1,16,37,25655.43,142.09,25513.34
154,4,1,6,15,39,14196.39,92.25,14104.14
155,16,2,19,4,81,52739.91,123.3,52616.61
156,3,1,10,8,25,9664.25,67.35,9596.9
157,16,1,10,16,30,19533.3,66.15,19467.15
158,22,2,21,16,19,16584.15,167.77,16416.38
159,23,1,7,2,15,14926.95,241.66,14685.29
160,14,3,25,17,12,5533.08,59.21,5473.87
161,24,3,7,2,88,56505.68,185.41,56320.27
98,9,1,21,2,45,19489.5,11.56,19477.94
18,22,1,23,2,53,46261.05,51.44,46209.61
730,16,1,15,15,85,55344.35,169.45,55174.9
74,21,1,8,4,62,26772.84,12.3,26760.54
162,31,2,17,16,57,13042.74,50.21,12992.53
163,43,1,6,16,79,21220.19,37.92,21182.270000000004
137,3,1,12,8,94,36337.58,103.49,36234.09
164,22,1,11,2,33,28804.05,202.58,28601.47
165,9,2,3,16,50,21655.0,100.91,21554.09
166,1,1,14,16,100,65235.0,109.86,65125.14
167,22,1,5,8,29,25312.65,157.99,25154.66
168,1,1,3,2,99,64582.65,117.01,64465.64
169,7,3,12,2,80,5440.8,13.39,5427.41
170,5,2,10,4,61,40263.05,25.45,40237.6
139,24,1,5,17,71,45589.81,80.45,45509.36
171,4,2,12,8,76,27664.76,98.42,27566.34
60,21,3,24,2,14,3760.54,62.41,3698.13
730,5,1,25,16,88,58084.4,50.63,58033.77
172,30,2,3,8,39,16840.98,93.42,16747.56
106,21,3,21,8,25,6715.25,46.98,6668.27
173,13,1,9,16,28,23728.04,70.78,23657.26
28,22,2,23,17,53,46261.05,4.94,46256.11
730,15,2,6,17,20,13867.8,129.32,13738.48
174,43,3,17,15,11,2954.71,41.5,2913.21
75,17,2,1,17,12,10082.28,75.56,10006.72
175,22,1,8,8,81,70700.85,212.09,70488.76000000001
176,13,3,18,8,28,23728.04,122.03,23606.01
730,21,2,7,15,38,24742.18,29.41,24712.77
161,31,1,8,8,81,18534.42,48.53,18485.89
174,28,3,12,4,35,1618.05,7.6,1610.45
177,24,1,6,17,65,41737.15,105.74,41631.41
51,1,3,23,16,54,35226.9,26.56,35200.340000000004
178,15,1,12,8,15,10400.85,97.92,10302.93
179,17,1,21,8,96,80658.24,191.04,80467.20000000001
160,3,2,6,8,33,12756.81,48.52,12708.29
172,3,1,7,17,94,36337.58,58.07,36279.51
29,14,2,17,8,75,34581.75,48.75,34533.0
730,31,2,1,16,49,11212.18,12.41,11199.77
180,9,1,23,8,14,6063.400000000001,19.83,6043.570000000001
181,15,2,12,17,37,25655.43,207.85,25447.58
182,31,1,5,8,88,20136.16,43.78,20092.38
133,21,2,25,2,33,21527.55,96.19,21431.36
183,3,2,23,17,68,26286.76,68.83,26217.93
184,9,3,21,2,100,43310.0,18.8,43291.2
730,30,1,24,8,81,34977.42,51.01,34926.41
185,3,3,14,15,3,1159.71,31.97,1127.74
186,7,3,17,15,90,6120.900000000001,8.08,6112.820000000001
187,13,3,21,16,85,72031.55,89.39,71942.16
188,23,1,23,4,39,38810.07,264.79,38545.28
189,21,3,24,4,75,20145.75,61.96,20083.79
190,3,2,17,15,94,36337.58,9.72,36327.86
115,31,3,10,15,33,7551.059999999999,24.35,7526.709999999999
174,23,2,21,17,60,59707.8,25.88,59681.920000000006
191,24,2,18,8,5,3210.55,146.41,3064.1400000000003
189,31,2,17,15,18,4118.76,41.78,4076.98
56,4,1,23,15,82,29848.82,10.92,29837.9
192,31,3,7,4,75,17161.5,5.7,17155.8
193,4,3,24,16,83,30212.83,35.24,30177.59
194,15,1,9,16,53,36749.67,138.23,36611.44
182,14,1,3,2,55,25359.95,8.03,25351.92
195,9,3,9,17,17,7362.700000000001,17.25,7345.450000000001
196,21,2,12,15,97,42010.7,58.99,41951.71000000001
730,13,1,11,2,3,2542.29,51.53,2490.76
197,13,3,12,8,6,5084.58,134.3,4950.28
730,17,3,11,16,75,63014.25000000001,125.01,62889.240000000005
154,30,3,3,16,69,29795.58,31.51,29764.07
198,21,2,3,8,62,42990.18,95.97,42894.21
730,36,2,23,4,28,26642.84,38.9,26603.94
199,36,2,17,2,94,89443.81999999999,107.03,89336.79
200,31,2,11,16,31,7093.42,25.68,7067.74
131,22,2,24,17,35,30549.75,60.92,30488.83
201,4,2,1,4,8,2912.08,102.57,2809.51
202,24,2,4,17,78,50084.58,128.33,49956.25
203,3,1,11,17,81,31312.17,2.4,31309.77
113,1,1,8,8,25,16308.75,157.45,16151.3
204,31,2,3,17,92,21051.44,52.36,20999.08
205,4,1,19,4,29,10556.29,6.81,10549.48
206,1,3,24,17,56,36531.6,114.92,36416.68
207,21,1,5,16,21,20897.73,102.95,20794.78
208,43,2,17,4,67,17996.870000000003,8.07,17988.800000000003
209,24,1,8,2,2,1284.22,190.4,1093.82
730,3,3,25,4,20,7731.4,69.73,7661.67
210,15,3,18,15,8,5547.12,137.02,5410.099999999999
70,3,3,17,4,28,10823.96,81.24,10742.72
211,11,1,1,17,82,76284.59999999999,189.6,76094.99999999999
134,31,1,12,16,27,6178.139999999999,53.14,6124.999999999999
212,5,2,7,17,7,4620.349999999999,154.16,4466.19
213,11,3,4,15,94,87448.2,183.48,87264.72
65,16,2,6,17,82,53391.02,160.17,53230.850000000006
159,11,3,18,15,96,89308.79999999999,159.42,89149.37999999999
109,31,3,17,2,21,4805.22,65.96,4739.26
214,5,2,3,16,16,10560.8,51.46,10509.34
215,24,1,7,15,73,46874.03,147.07,46726.96
216,43,3,10,15,1,268.61,27.42,241.19
217,31,2,19,16,39,8923.98,67.54,8856.439999999999
218,4,3,9,16,20,7280.2,107.33,7172.87
219,22,2,18,15,44,38405.4,165.66,38239.74
220,24,2,11,16,74,47516.14,137.03,47379.11
221,28,3,24,2,99,4576.77,0.85,4575.919999999999
195,3,1,15,15,73,28219.61,16.49,28203.12
222,15,2,7,2,24,16641.36,190.47,16450.89
86,15,2,7,16,52,36056.28,44.89,36011.39
223,43,1,6,16,100,26861.0,10.37,26850.63
123,5,1,10,4,80,52804.0,6.66,52797.34
18,14,1,1,15,85,39192.65,112.87,39079.78
224,21,3,11,4,99,92099.7,183.63,91916.07
225,24,3,14,15,68,43663.48,16.14,43647.34
226,16,1,15,17,95,61855.45,26.91,61828.54
227,3,1,11,17,91,35177.87,105.3,35072.57
228,5,3,11,8,75,49503.75,109.79,49393.96
229,3,2,4,4,66,25513.62,50.93,25462.69
230,28,1,15,16,81,3744.63,4.82,3739.81
231,17,1,15,15,14,11762.66,41.15,11721.51
14,5,1,15,2,43,28382.15,89.04,28293.11
730,24,1,5,15,79,50726.69,158.18,50568.51
232,21,3,10,8,90,41498.1,126.98,41371.12
233,11,3,17,4,78,72563.4,113.37,72450.03
234,9,2,11,16,89,38545.9,102.45,38443.45
235,23,2,10,8,99,98517.87,218.15,98299.72
80,21,1,9,17,80,5440.8,17.79,5423.01
236,4,1,14,16,57,20748.57,102.09,20646.48
32,30,2,7,16,75,32386.5,19.13,32367.37
730,28,2,11,17,15,693.4499999999999,4.12,689.3299999999999
237,24,2,19,16,91,58432.01,133.1,58298.91
170,17,3,1,4,1,840.19,161.52,678.6700000000001
238,28,2,14,2,74,3421.02,9.71,3411.31
239,15,3,12,15,9,6240.51,5.51,6235.0
240,11,3,21,15,69,64190.7,102.06,64088.64
87,11,2,24,15,72,66981.59999999999,12.41,66969.18999999999
241,30,1,12,17,44,19000.08,97.74,18902.34
242,4,3,19,2,60,21840.6,82.72,21757.88
243,1,2,6,17,42,27398.7,151.38,27247.32
210,15,3,12,17,69,47843.91,48.92,47794.99
133,1,1,17,4,43,28051.05,2.71,28048.34
730,1,3,23,2,45,29355.75,38.01,29317.74
218,21,2,5,4,4,3721.2,169.24,3551.96
244,21,3,14,15,35,8008.7,29.75,7978.95
245,3,1,14,2,13,5025.41,11.46,5013.95
246,16,2,6,15,94,61204.34,189.37,61014.97
247,7,2,14,17,100,6801.000000000001,6.14,6794.860000000001
248,13,3,4,2,42,35592.06,26.1,35565.96
730,13,3,1,15,61,51693.23,193.87,51499.35999999999
111,3,3,25,8,31,11983.67,83.1,11900.57
206,4,2,25,4,45,16380.45,75.01,16305.44
249,3,2,8,4,92,35564.44,18.8,35545.64
250,11,2,21,16,40,37212.0,278.43,36933.57
251,3,1,15,17,97,37497.29,20.96,37476.33
252,21,2,3,8,50,33002.5,93.72,32908.78
253,31,2,11,4,10,2288.2,18.98,2269.22
38,15,1,1,16,92,63791.88,29.91,63761.97
254,43,3,8,16,56,15042.16,56.66,14985.5
255,1,3,8,17,50,32617.5,13.41,32604.09
256,7,3,4,15,78,5304.780000000001,16.55,5288.2300000000005
257,28,3,18,15,73,3374.79,0.3,3374.49
258,7,2,11,16,28,1904.28,16.75,1887.53
259,3,2,6,2,10,3865.7,37.0,3828.7
260,7,2,25,8,89,6052.89,17.51,6035.38
125,21,3,7,15,58,53957.4,236.27,53721.13
261,21,2,18,16,95,36724.15,20.3,36703.85
53,23,2,8,15,61,60702.93,223.97,60478.96
262,24,3,23,8,69,44305.59,119.89,44185.7
167,21,3,10,2,57,13042.74,58.56,12984.18
263,22,2,21,15,55,48006.75,56.48,47950.27
62,1,1,4,15,72,46969.2,168.5,46800.7
165,15,2,18,2,14,9707.46,171.48,9535.98
264,15,1,15,16,65,45070.35,79.68,44990.67
235,15,2,18,4,79,54777.81,139.47,54638.34
265,28,1,24,4,91,4206.929999999999,7.83,4199.099999999999
730,16,3,5,17,42,27346.62,170.38,27176.24
226,17,3,25,15,39,32767.410000000003,240.7,32526.710000000003
266,14,1,1,16,57,26282.13,62.12,26220.01
267,43,2,15,2,19,5103.59,57.31,5046.28
268,13,2,1,16,4,3389.72,163.29,3226.43
269,28,2,15,16,36,1664.28,6.57,1657.71
151,5,3,25,17,10,6600.5,117.59,6482.91
270,15,3,10,8,4,2773.56,57.06,2716.5
271,4,2,15,2,26,9464.26,58.17,9406.09
272,9,1,10,8,60,25986.0,77.4,25908.6
273,30,1,21,8,56,24181.92,22.22,24159.7
274,24,3,19,4,1,642.11,95.52,546.59
275,36,2,7,16,31,29497.43,129.01,29368.42
276,43,1,8,16,63,16922.43,35.58,16886.85
134,22,3,5,8,52,45388.2,188.88,45199.32000000001
277,13,2,3,17,91,77116.12999999999,12.89,77103.23999999999
730,11,1,6,16,61,56748.3,32.72,56715.58
175,7,3,5,15,87,5916.870000000001,18.13,5898.740000000001
278,22,3,7,16,100,87285.0,248.39,87036.61
98,3,1,1,4,57,22034.49,4.83,22029.66
730,30,1,23,4,5,2159.1,42.28,2116.82
279,7,1,14,17,28,1904.28,10.81,1893.4700000000005
259,36,2,11,15,57,54237.21,237.19,54000.02
280,9,2,11,2,100,43310.0,89.34,43220.66
167,3,3,1,4,15,5798.55,114.94,5683.610000000001
97,14,1,18,4,53,24437.77,93.32,24344.45
166,23,3,10,2,92,91551.96,198.23,91353.73
730,1,1,15,2,80,52188.0,97.43,52090.57
730,15,1,17,16,42,29122.38,50.93,29071.45
281,22,1,19,4,32,27931.2,150.61,27780.59
211,43,3,14,17,79,21220.19,48.14,21172.050000000003
730,11,3,12,2,76,70702.8,250.2,70452.6
730,7,3,11,8,29,1972.29,15.65,1956.64
282,28,2,24,4,19,878.3699999999999,5.24,873.1299999999999
283,3,1,19,17,74,28606.18,18.18,28588.0
63,24,2,1,17,97,62284.67,147.23,62137.44
284,36,1,10,16,74,70413.22,177.89,70235.33
285,14,1,17,4,52,23976.68,81.03,23895.65
65,21,2,1,15,63,4284.63,14.08,4270.55
286,13,2,8,17,50,42371.5,66.24,42305.26
287,1,3,18,8,78,50883.3,189.53,50693.77
288,5,1,19,17,16,10560.8,5.23,10555.57
289,4,2,19,16,61,22204.61,3.38,22201.23
290,24,2,8,4,86,55221.46,40.79,55180.67
291,31,3,17,2,14,3203.48,28.76,3174.72
292,13,3,14,2,100,84743.0,30.53,84712.47
293,24,3,4,2,81,52010.91,68.58,51942.33
294,30,3,15,15,85,36704.7,107.86,36596.84
19,13,1,6,15,98,83048.14,88.05,82960.09
295,15,3,24,15,18,12481.02,167.41,12313.61
296,15,2,3,2,91,63098.49,146.49,62952.0
730,30,3,1,8,34,14681.88,94.46,14587.42
297,15,1,18,4,32,22188.48,18.86,22169.62
220,28,2,11,16,16,739.68,4.18,735.5
298,21,3,1,4,95,79818.05,115.26,79702.79000000001
299,36,2,17,15,89,84686.17,233.05,84453.12
220,11,2,12,4,10,9303.0,81.61,9221.39
84,21,1,4,8,16,7377.44,66.24,7311.2
300,4,3,23,4,42,15288.42,33.64,15254.78
301,5,2,11,2,61,40263.05,62.52,40200.53
272,11,3,7,4,56,52096.8,93.03,52003.77
274,9,3,12,2,28,12126.8,38.85,12087.95
302,23,1,3,8,40,39805.2,286.96,39518.24
250,5,2,9,8,78,51483.9,125.39,51358.51
303,11,1,18,2,23,21396.9,50.87,21346.03
304,21,3,6,15,100,22882.0,56.94,22825.06
166,22,2,3,17,25,21821.25,202.72,21618.53
106,21,2,11,8,18,8299.619999999999,76.93,8222.689999999999
305,21,2,14,8,65,3004.95,0.68,3004.27
306,23,2,5,4,16,15922.08,86.59,15835.49
307,7,2,7,2,58,3944.58,11.89,3932.690000000001
192,24,3,5,2,9,5778.99,164.83,5614.16
308,43,2,19,15,10,2686.1000000000004,20.44,2665.6600000000003
730,22,3,10,4,71,61972.35,107.5,61864.85
309,23,3,5,15,46,45775.98,10.17,45765.810000000005
730,23,2,17,2,87,86576.31,107.77,86468.54
730,24,1,21,15,2,1284.22,63.76,1220.46
310,5,1,23,2,30,19801.5,87.62,19713.88
311,23,2,9,2,52,51746.76,0.42,51746.34
312,21,3,5,17,68,44275.48,147.06,44128.420000000006
313,3,2,18,17,2,773.14,72.87,700.27
280,15,3,1,17,25,17334.75,72.36,17262.39
730,1,1,21,17,16,10437.6,82.47,10355.13
314,16,1,24,17,78,50786.58,21.37,50765.21
730,23,2,1,17,49,48761.37,24.16,48737.21
315,28,1,23,2,83,3837.09,12.11,3824.98
312,28,1,5,15,64,2958.72,6.44,2952.28
316,23,2,10,8,41,40800.33,225.07,40575.26
317,4,3,8,15,53,19292.53,18.58,19273.95
48,23,3,17,15,1,995.13,69.62,925.51
318,4,3,15,15,16,5824.16,82.0,5742.16
319,43,3,12,2,13,3491.9300000000003,50.32,3441.61
320,17,3,5,2,67,56292.73,109.27,56183.46000000001
321,15,2,5,17,16,11094.24,125.85,10968.39
322,5,3,5,17,38,25081.9,165.2,24916.7
134,14,1,21,4,43,19826.87,104.48,19722.39
22,14,1,8,16,1,461.09,61.25,399.84
265,31,2,9,4,96,21966.72,54.69,21912.03
9,14,2,21,2,48,22132.32,133.94,21998.38
140,17,2,11,2,18,15123.420000000002,112.3,15011.120000000004
323,4,2,11,2,14,5096.139999999999,39.99,5056.15
21,22,2,9,8,65,56735.25,63.42,56671.83
144,24,2,4,4,51,32747.61,179.81,32567.8
324,15,3,25,2,15,10400.85,46.32,10354.53
4,24,1,18,8,23,14768.53,153.49,14615.04
233,1,1,5,8,74,48273.9,172.18,48101.72
325,5,3,4,15,49,32342.45,88.49,32253.959999999995
326,22,2,14,15,46,40151.1,70.18,40080.92
327,3,3,23,4,69,26673.33,12.87,26660.46
149,21,2,12,4,37,34421.1,7.28,34413.82
299,36,2,8,4,31,29497.43,251.42,29246.01
328,7,1,11,8,67,4556.67,19.71,4536.96
72,23,3,23,4,79,78615.27,293.84,78321.43000000001
127,3,1,3,2,99,38270.43,25.88,38244.55
329,13,1,7,17,63,53388.09,240.82,53147.27
330,28,2,12,2,75,3467.2499999999995,2.85,3464.4
258,31,1,19,4,62,14186.84,47.08,14139.76
30,21,1,3,17,91,58432.01,61.29,58370.72
17,28,3,14,17,76,3513.48,1.49,3511.99
251,1,2,9,4,84,54797.4,138.84,54658.560000000005
281,22,3,10,2,93,81175.05,69.5,81105.55
331,5,1,5,4,69,45543.45,94.79,45448.66
332,7,3,3,17,39,2652.3900000000003,2.83,2649.5600000000004
101,16,3,3,2,92,59902.12,181.0,59721.12
144,28,3,18,2,93,4299.389999999999,1.75,4297.639999999999
730,22,3,8,8,16,13965.6,108.25,13857.35
333,7,3,7,16,81,5508.81,14.31,5494.5
213,43,3,5,15,25,6715.25,4.38,6710.87
334,1,2,14,16,63,41098.05,185.75,40912.3
122,43,2,6,17,71,19071.31,14.34,19056.97
332,30,3,9,15,93,40159.26,34.06,40125.2
335,30,3,18,16,46,19863.72,20.82,19842.9
89,24,2,9,17,1,642.11,72.66,569.45
32,31,1,23,4,40,9152.8,58.15,9094.65
730,30,1,17,16,7,3022.74,34.82,2987.92
127,31,1,24,15,41,9381.62,28.59,9353.03
286,3,3,14,8,56,21647.92,42.12,21605.8
336,17,1,19,15,44,36968.36,39.19,36929.17
325,43,3,5,8,68,18265.48,5.24,18260.24
337,28,1,10,17,63,2912.49,9.29,2903.2
314,13,3,6,17,33,27965.19,36.35,27928.84
141,21,2,4,17,85,36704.7,12.4,36692.3
338,15,1,17,8,43,29815.77,45.96,29769.81
285,43,3,19,15,64,17191.04,47.72,17143.32
339,43,3,9,17,50,13430.5,0.75,13429.75
65,15,2,12,2,56,38829.84,199.15,38630.69
340,28,2,15,2,59,2727.57,11.11,2716.46
341,11,2,7,8,21,19536.3,105.56,19430.74
261,7,2,25,8,62,4216.62,14.49,4202.13
730,13,2,4,2,72,61014.96,17.85,60997.11
342,14,2,19,17,45,20749.05,109.63,20639.42
292,7,1,10,16,68,4624.68,20.21,4604.47
343,22,1,25,8,87,75937.95,63.16,75874.79
730,24,2,3,4,41,26326.51,174.8,26151.710000000003
730,22,1,1,16,40,34914.0,155.98,34758.02
23,22,1,18,15,46,40151.1,248.18,39902.92
344,17,3,3,15,98,82338.62000000001,0.36,82338.26000000001
345,43,1,18,16,12,3223.32,72.89,3150.4300000000003
62,5,2,5,2,8,5280.4,77.88,5202.52
346,9,1,17,8,14,6063.400000000001,67.56,5995.84
347,13,3,11,16,24,20338.32,18.61,20319.71
200,9,1,12,15,53,22954.300000000003,118.94,22835.360000000004
287,21,2,19,17,98,64684.9,135.38,64549.52
348,16,1,1,2,26,16928.86,38.32,16890.54
349,13,2,15,17,73,61862.39,134.36,61728.03
350,22,3,6,8,62,54116.7,106.8,54009.9
351,1,3,1,2,19,12394.65,22.68,12371.97
339,13,2,12,4,84,71184.12,118.39,71065.73
85,30,2,14,4,16,6909.12,113.29,6795.83
352,13,3,24,4,87,73726.40999999999,58.98,73667.43
16,17,3,11,8,86,72256.34000000001,222.18,72034.16000000002
353,30,1,6,2,15,6477.3,11.48,6465.820000000001
354,24,2,23,16,89,57147.79,173.73,56974.06
355,24,2,24,15,54,34673.94,137.02,34536.920000000006
356,7,1,4,15,78,5304.780000000001,11.46,5293.320000000001
243,9,1,19,17,50,21655.0,46.39,21608.61
357,31,2,3,4,82,18763.24,35.29,18727.95
314,16,1,25,8,73,47531.03,118.1,47412.93
171,30,1,25,15,79,34113.78,0.39,34113.39
11,24,1,18,16,65,41737.15,104.75,41632.4
358,11,3,23,17,13,12093.9,180.25,11913.65
359,22,1,4,2,98,85539.3,219.53,85319.77
360,43,1,25,4,6,1611.66,65.02,1546.64
285,28,3,10,15,81,3744.63,1.74,3742.89
68,17,2,3,8,12,10082.28,235.68,9846.6
261,15,2,10,17,55,38136.45,135.15,38001.3
361,16,1,12,4,81,52739.91,93.41,52646.5
283,11,1,17,2,5,4651.5,173.68,4477.82
286,21,1,7,16,5,4651.5,94.82,4556.68
362,14,2,3,17,99,45647.91,77.79,45570.12
189,11,2,10,2,68,63260.4,195.51,63064.88999999999
281,14,3,19,2,21,9682.89,7.88,9675.01
107,5,1,25,16,82,54124.1,23.19,54100.91
242,7,1,14,15,15,1020.15,8.69,1011.46
363,9,1,4,15,95,41144.5,17.55,41126.95
124,13,2,12,4,64,54235.52,173.97,54061.55
208,5,2,7,15,12,7920.599999999999,132.25,7788.349999999999
364,43,1,15,2,92,24712.120000000003,24.62,24687.500000000004
730,11,2,4,16,10,9303.0,251.31,9051.69
37,31,1,8,8,50,11441.0,44.61,11396.39
195,36,1,8,4,34,32352.02,30.03,32321.99
365,4,1,21,16,69,25116.69,104.83,25011.86
324,4,2,7,15,25,9100.25,39.39,9060.86
94,30,2,9,4,50,21591.0,104.73,21486.27
366,24,1,12,4,67,43021.37,2.88,43018.490000000005
195,43,2,8,16,30,8058.3,43.27,8015.03
367,21,3,10,17,25,17334.75,65.14,17269.61
368,21,3,3,15,60,55818.0,229.39,55588.61
369,28,1,1,17,94,4345.62,5.27,4340.349999999999
370,36,2,24,2,25,23788.25,24.4,23763.85
730,9,3,7,15,35,15158.5,51.38,15107.12
83,14,3,10,8,86,39653.74,130.72,39523.02
371,24,1,7,15,50,32105.5,155.67,31949.83
68,31,3,12,8,91,20822.62,54.23,20768.39
372,7,1,17,16,55,3740.55,1.32,3739.23
104,24,2,1,2,13,8347.43,61.23,8286.2
373,11,2,23,15,80,74424.0,146.57,74277.43
210,43,2,5,16,75,20145.75,4.63,20141.12
93,23,3,24,16,76,75629.88,53.19,75576.69
327,17,1,15,16,53,44530.07,50.78,44479.29
374,21,3,25,16,94,79658.42,214.19,79444.23
160,3,2,14,2,8,3092.56,56.53,3036.03
320,1,2,21,8,56,36531.6,192.61,36338.99
187,16,1,25,16,91,59251.01,156.69,59094.32
375,1,3,10,15,92,60016.2,120.36,59895.84
8,4,2,8,17,55,20020.55,89.8,19930.75
376,9,2,4,2,29,12559.9,81.78,12478.12
259,21,3,11,8,26,16694.86,108.93,16585.93
346,43,2,17,2,30,8058.3,62.43,7995.87
377,43,3,11,2,93,24980.73,34.37,24946.36
131,30,3,8,16,34,14681.88,19.21,14662.67
110,21,1,19,15,49,41524.07,72.41,41451.66
378,31,3,25,15,54,12356.28,24.86,12331.419999999998
160,15,2,23,2,78,54084.42,116.71,53967.71
147,7,1,4,15,27,1836.27,7.11,1829.1600000000003
153,4,2,15,17,82,29848.82,43.19,29805.63
379,21,1,21,2,79,75170.87,24.26,75146.61
219,13,3,11,17,85,72031.55,11.86,72019.69
730,21,2,14,15,78,5304.780000000001,2.41,5302.370000000001
380,14,3,25,16,14,6455.259999999999,60.31,6394.949999999999
730,22,2,21,8,13,11347.05,151.16,11195.89
730,14,1,10,15,47,21671.23,107.4,21563.83
256,28,1,21,2,40,1849.2,5.75,1843.45
234,22,1,9,17,40,34914.0,96.26,34817.74
381,1,1,7,8,68,44359.8,181.33,44178.47
382,3,3,24,8,85,32858.45,112.83,32745.619999999995
104,24,1,7,17,61,39168.71,97.97,39070.74
382,30,1,18,16,72,31091.04,43.22,31047.82
383,36,3,6,4,12,11418.36,279.85,11138.51
119,28,1,9,4,87,4022.01,13.82,4008.19
384,9,2,17,2,3,1299.3000000000002,73.26,1226.0400000000002
385,3,2,3,8,3,1159.71,37.19,1122.52
386,21,3,15,16,80,34648.0,42.07,34605.93
255,22,3,6,4,63,54989.55,48.52,54941.030000000006
318,3,3,7,4,38,14689.66,26.32,14663.34
387,28,3,4,17,22,1017.06,10.7,1006.36
170,24,3,6,15,12,7705.32,129.77,7575.549999999999
388,17,1,9,16,46,38648.740000000005,244.53,38404.21000000001
389,23,1,19,16,33,32839.29,283.23,32556.06
390,7,2,9,16,14,952.14,14.49,937.65
391,15,2,23,17,44,30509.16,31.51,30477.65
392,14,3,24,2,29,13371.61,82.5,13289.11
306,30,3,6,2,17,7340.94,107.34,7233.599999999999
393,11,1,24,17,99,92099.7,89.97,92009.73
394,5,3,8,2,1,660.05,24.59,635.4599999999999
157,15,2,11,16,41,28428.99,88.49,28340.5
395,15,2,11,8,56,38829.84,168.58,38661.26
730,36,3,24,8,99,94201.47,255.1,93946.37
22,17,2,8,8,89,74776.91,192.65,74584.26000000001
6,28,1,23,2,11,508.53,6.24,502.29
152,23,1,11,15,73,72644.49,230.72,72413.77
227,23,1,24,15,77,76625.01,44.73,76580.28
730,1,3,4,4,53,34574.55,164.42,34410.130000000005
80,14,2,1,2,100,46109.0,136.38,45972.62
396,43,3,8,2,59,15847.990000000002,34.75,15813.240000000002
397,31,1,14,15,86,19678.52,54.4,19624.12
258,15,2,7,8,56,38829.84,100.68,38729.16
199,5,1,7,16,45,29702.25,94.19,29608.06
320,21,2,21,17,94,89443.81999999999,76.28,89367.54
151,4,3,24,4,11,4004.11,78.15,3925.96
163,3,2,8,15,63,24353.91,68.05,24285.86
398,22,3,11,2,87,75937.95,56.67,75881.28
399,21,3,15,16,94,79658.42,212.49,79445.93
211,3,2,24,15,8,3092.56,22.01,3070.55
125,17,3,24,17,46,38648.740000000005,61.6,38587.14000000001
54,4,1,23,17,94,34216.94,105.38,34111.560000000005
400,13,3,1,8,6,5084.58,192.11,4892.47
59,16,2,7,17,21,13673.31,185.39,13487.92
284,22,2,15,17,4,3491.4,17.03,3474.37
377,1,2,7,8,23,15004.05,109.98,14894.070000000002
362,1,2,1,17,90,58711.5,69.36,58642.14
287,21,3,18,4,33,12012.33,71.99,11940.34
401,17,1,18,2,6,5041.14,249.28,4791.860000000001
177,11,3,9,2,71,66051.3,254.38,65796.92
402,3,3,15,15,80,30925.6,72.82,30852.78
288,4,2,4,8,21,7644.21,56.92,7587.29
204,3,3,11,4,44,17009.079999999998,49.53,16959.55
15,1,1,21,4,64,41750.4,12.47,41737.93
403,7,1,8,16,67,4556.67,7.62,4549.05
404,9,3,1,17,43,18623.3,23.48,18599.82
367,5,1,9,4,96,63364.8,54.01,63310.78999999999
269,7,2,17,17,27,1836.27,20.01,1816.26
405,13,3,11,15,79,66946.97,168.84,66778.13
406,13,2,6,15,72,61014.96,131.45,60883.51
407,21,1,6,17,30,6864.599999999999,41.28,6823.32
408,3,1,8,16,75,28992.75,103.95,28888.8
343,11,1,24,8,98,91169.4,207.66,90961.74
255,21,3,21,17,80,30925.6,82.62,30842.98
132,15,3,24,2,10,6933.9,103.6,6830.299999999999
409,9,2,12,4,82,35514.200000000004,66.64,35447.560000000005
410,21,2,19,17,80,69828.0,57.87,69770.13
411,28,2,7,8,26,1201.98,11.74,1190.24
412,7,3,17,17,86,5848.860000000001,5.27,5843.59
413,15,3,24,16,35,24268.65,6.91,24261.74
51,21,1,21,16,85,19449.7,52.21,19397.49
95,28,2,23,4,30,1386.9,13.46,1373.4399999999998
73,9,2,7,17,76,32915.6,118.83,32796.77
414,36,2,1,4,28,26642.84,193.95,26448.89
730,14,1,11,8,73,33659.57,73.39,33586.18
415,7,1,25,17,90,6120.900000000001,0.53,6120.370000000001
240,36,2,8,16,88,83734.64,162.01,83572.63
307,31,3,7,17,2,457.64,44.37,413.27
366,9,1,3,4,45,19489.5,68.8,19420.7
416,9,3,19,2,94,40711.4,41.6,40669.8
417,11,1,17,8,58,53957.4,70.37,53887.02999999999
234,9,3,15,16,29,12559.9,128.98,12430.920000000002
418,11,1,12,15,16,14884.8,29.97,14854.83
162,28,3,19,2,4,184.92,0.95,183.97
276,1,1,23,2,13,8480.550000000001,19.8,8460.750000000002
85,15,3,3,4,12,8320.68,165.94,8154.740000000001
217,5,2,3,15,78,51483.9,137.21,51346.69
397,23,3,17,2,69,68663.97,272.66,68391.31
730,14,1,15,15,55,25359.95,121.54,25238.41
71,17,1,5,15,27,22685.13,229.55,22455.58
301,21,1,17,16,98,67952.22,41.56,67910.66
269,21,2,19,15,55,52334.15,177.51,52156.64
213,7,3,7,17,88,5984.88,15.11,5969.77
419,30,3,17,16,7,3022.74,4.09,3018.65
420,21,1,15,2,84,54693.24,64.99,54628.25
421,7,2,19,16,76,5168.76,4.34,5164.42
228,28,1,1,15,74,3421.02,5.73,3415.29
327,1,3,3,16,26,16961.100000000002,153.45,16807.65
193,21,3,23,4,85,19449.7,12.15,19437.55
422,30,1,14,8,76,32818.32,4.02,32814.3
423,17,3,3,8,45,37808.55,251.44,37557.11
424,3,2,8,4,54,20874.78,5.81,20868.97
425,31,2,12,8,88,20136.16,62.02,20074.14
360,5,1,11,17,45,29702.25,118.14,29584.11
211,21,3,3,15,29,24575.47,206.19,24369.28
426,21,1,10,16,37,15977.34,3.45,15973.89
730,36,1,3,8,6,5709.18,61.25,5647.93
393,22,1,25,2,1,872.85,202.95,669.9000000000001
151,4,2,10,15,12,4368.12,67.7,4300.42
427,21,2,11,16,6,408.06000000000006,4.65,403.4100000000001
730,13,3,6,17,8,6779.44,239.35,6540.089999999999
730,21,1,14,17,9,5778.99,37.79,5741.2
265,7,3,18,4,95,6460.950000000001,12.49,6448.460000000001
211,22,2,11,17,72,62845.2,243.57,62601.630000000005
730,30,1,15,17,50,21591.0,56.6,21534.4
730,9,3,1,15,54,23387.4,30.84,23356.56
132,21,2,23,15,5,1343.0500000000002,14.5,1328.5500000000002
730,21,1,21,2,41,1895.43,0.92,1894.51
730,4,3,6,15,87,31668.87,12.77,31656.1
134,21,2,15,16,87,33631.59,10.72,33620.869999999995
299,28,1,8,17,73,3374.79,7.53,3367.26
77,4,2,1,17,1,364.01,43.88,320.13
428,28,2,1,8,34,1571.82,7.96,1563.86
191,22,1,19,17,70,61099.5,214.68,60884.82
136,30,3,8,17,46,19863.72,59.95,19803.77
122,16,2,18,15,24,15626.64,149.13,15477.51
730,9,1,17,2,94,40711.4,79.08,40632.32
429,31,3,6,2,28,6406.96,53.82,6353.14
730,7,2,6,15,86,5848.860000000001,15.3,5833.56
408,22,3,11,2,87,75937.95,173.22,75764.73
129,30,1,23,2,7,3022.74,33.35,2989.39
430,21,1,5,4,41,40800.33,286.2,40514.130000000005
121,28,2,14,17,74,3421.02,12.0,3409.02
431,17,3,25,17,36,30246.840000000004,245.72,30001.120000000003
432,5,3,11,16,11,7260.549999999999,58.42,7202.129999999999
244,31,3,21,8,4,915.28,1.7,913.58
432,31,3,25,8,4,915.28,21.6,893.68
433,24,1,14,2,65,41737.15,122.45,41614.7
434,30,2,17,8,26,11227.32,63.76,11163.56
435,15,3,10,4,16,11094.24,162.03,10932.21
436,5,1,8,4,2,1320.1,11.55,1308.55
269,36,2,17,15,36,34255.08,189.28,34065.8
437,3,2,25,15,67,25900.19,92.34,25807.85
438,13,2,1,8,45,38134.35,209.69,37924.66
439,22,1,18,2,32,27931.2,240.89,27690.31
128,17,3,21,2,18,15123.420000000002,64.86,15058.56
129,21,3,5,8,99,64582.65,100.27,64482.380000000005
440,24,3,14,17,29,18621.19,84.32,18536.87
221,31,2,5,17,39,8923.98,6.88,8917.1
441,16,1,24,2,85,55344.35,84.72,55259.63
67,5,3,24,15,8,5280.4,65.99,5214.41
442,21,1,17,17,29,18621.19,31.26,18589.93
730,3,1,19,4,32,12370.24,49.13,12321.11
94,11,3,1,2,77,71633.09999999999,18.29,71614.81
411,43,3,9,17,12,3223.32,1.38,3221.94
266,14,1,10,8,94,43342.46,88.03,43254.43
288,5,1,15,16,24,15841.2,135.66,15705.54
443,22,1,21,8,95,82920.75,245.84,82674.91
730,4,1,24,2,70,25480.7,107.32,25373.38
444,22,1,4,17,91,79429.35,180.03,79249.32
350,1,3,5,8,43,28051.05,84.84,27966.21
312,24,2,5,4,66,42379.26,16.07,42363.19
50,1,1,25,17,49,31965.15,168.87,31796.28
214,1,1,7,15,98,63930.3,67.87,63862.43
445,28,2,5,4,39,1802.97,10.66,1792.3099999999995
446,24,3,25,17,27,17336.97,31.26,17305.710000000003
447,17,2,25,17,70,58813.3,185.39,58627.91
289,43,3,23,16,42,11281.62,48.84,11232.78
448,5,2,9,8,11,7260.549999999999,62.13,7198.419999999999
182,5,1,18,16,45,29702.25,131.35,29570.9
281,36,1,8,15,56,53285.68,89.34,53196.34
449,3,3,4,4,5,1932.85,33.1,1899.75
450,17,1,9,8,48,40329.12,176.22,40152.9
7,5,1,10,15,81,53464.05,113.7,53350.35
11,24,2,3,4,52,33389.72,86.38,33303.340000000004
313,24,2,6,8,59,37884.49,160.71,37723.78
117,30,2,6,15,15,6477.3,41.03,6436.27
730,17,3,4,17,54,45370.26,63.38,45306.880000000005
451,43,1,12,4,25,6715.25,44.82,6670.43
289,5,3,24,4,47,31022.35,49.05,30973.3
91,14,1,1,16,73,33659.57,94.61,33564.96
239,11,1,24,8,3,2790.9,214.94,2575.96
452,43,1,21,16,97,26055.17,51.31,26003.86
730,5,2,1,2,11,7260.549999999999,12.83,7247.719999999999
99,21,1,11,4,97,22195.54,14.41,22181.13
453,13,3,21,17,16,13558.88,70.99,13487.89
454,5,2,19,8,97,64024.85,0.15,64024.7
373,43,1,25,4,49,13161.89,30.94,13130.95
217,43,3,3,15,22,5909.42,12.71,5896.71
36,16,3,24,4,87,56646.57,32.51,56614.06
137,4,1,21,2,89,32396.89,2.48,32394.41
95,22,1,23,2,20,17457.0,1.15,17455.85
455,28,2,17,4,99,4576.77,2.48,4574.29
456,43,3,12,2,31,8326.91,42.73,8284.18
40,36,1,21,8,71,67558.63,234.01,67324.62000000001
457,21,1,17,17,2,457.64,55.0,402.64
730,16,1,21,15,1,651.11,100.88,550.23
458,17,3,8,4,96,80658.24,5.6,80652.64
459,21,3,24,4,12,2745.84,18.51,2727.33
93,7,2,8,2,35,2380.3500000000004,14.29,2366.0600000000004
146,36,1,19,2,40,38061.2,223.51,37837.69
391,4,1,23,4,9,3276.09,35.21,3240.88
350,43,1,12,2,22,5909.42,54.04,5855.38
460,36,2,15,15,98,93249.94,178.77,93071.17
730,7,1,23,2,4,272.04,9.67,262.37
344,31,2,11,16,68,15559.76,56.95,15502.81
200,28,3,9,15,92,4253.16,10.12,4243.04
453,15,1,15,15,28,19414.92,142.23,19272.69
403,13,3,23,15,57,48303.51,180.81,48122.7
13,7,1,18,15,93,6324.93,16.31,6308.62
349,13,1,18,17,92,77963.56,91.87,77871.69
415,11,3,23,15,72,66981.59999999999,85.87,66895.73
461,17,3,11,15,24,20164.56,237.81,19926.75
462,43,1,5,2,39,10475.79,19.24,10456.55
30,43,3,14,17,68,18265.48,50.15,18215.33
260,23,3,6,4,88,87571.44,18.07,87553.37
71,15,3,11,2,2,1386.78,91.42,1295.36
463,16,1,11,15,43,27997.73,101.55,27896.18
313,21,1,21,16,13,9014.07,66.78,8947.289999999999
430,31,3,8,16,77,17619.14,42.27,17576.87
730,21,3,3,15,47,17108.47,59.4,17049.07
464,3,1,3,16,81,31312.17,32.39,31279.78
220,31,2,24,15,36,8237.52,24.03,8213.49
407,22,3,9,15,23,20075.55,119.24,19956.31
3,36,3,15,2,98,93249.94,21.39,93228.55
349,28,3,1,2,28,1294.4399999999998,4.41,1290.0299999999995
44,21,3,6,16,100,95153.0,109.28,95043.72
299,17,2,6,15,49,41169.310000000005,55.12,41114.19
465,30,1,5,8,27,11659.14,66.87,11592.27
256,43,2,8,15,50,13430.5,38.3,13392.2
269,5,3,11,17,24,15841.2,179.7,15661.499999999998
466,15,1,3,8,47,32589.33,195.06,32394.27
321,23,1,21,2,45,44780.85,53.75,44727.1
302,4,2,9,17,31,11284.31,108.36,11175.95
730,16,2,18,4,81,52739.91,169.93,52569.98
466,36,2,25,16,90,85637.7,50.76,85586.94
730,17,2,4,17,22,18484.18,11.88,18472.3
11,4,2,15,2,62,22568.62,10.9,22557.72
126,9,1,7,17,74,32049.4,42.28,32007.120000000003
35,28,2,8,4,77,3559.71,1.31,3558.4
115,16,2,4,8,82,53391.02,137.6,53253.420000000006
220,43,1,3,4,82,22026.02,8.13,22017.89
277,21,2,11,17,30,19570.5,80.07,19490.43
16,1,2,14,15,40,26094.0,170.44,25923.56
279,22,3,19,17,23,20075.55,164.67,19910.88
467,36,1,23,8,72,68510.16,131.64,68378.52
445,31,3,15,15,88,20136.16,48.18,20087.98
468,14,1,19,17,28,12910.52,19.39,12891.13
730,43,1,5,4,100,26861.0,13.57,26847.43
730,7,1,5,17,63,4284.63,16.64,4267.99
730,28,3,9,17,87,4022.01,7.94,4014.07
179,7,1,18,2,55,3740.55,7.55,3733.0
31,30,3,1,4,60,25909.2,72.01,25837.19
250,1,3,7,17,60,39141.0,137.53,39003.47
394,22,1,14,17,13,11347.05,4.7,11342.35
730,15,3,14,8,81,56164.59,143.02,56021.57
123,15,1,19,2,76,52697.64,95.94,52601.7
469,3,2,25,17,98,37883.86,39.39,37844.47
468,14,3,21,15,82,37809.38,109.56,37699.82
416,16,1,23,15,50,32555.5,101.71,32453.79
93,21,3,21,15,31,19905.41,101.62,19803.79
182,36,1,10,17,57,54237.21,182.85,54054.36
371,31,3,12,16,10,2288.2,3.99,2284.21
4,13,2,14,15,94,79658.42,183.34,79475.08
361,22,2,17,2,85,74192.25,196.01,73996.24
368,24,1,8,4,17,10915.87,2.58,10913.29
69,30,1,12,2,92,39727.44,58.31,39669.130000000005
353,43,2,23,17,15,4029.15,61.24,3967.91
470,14,1,6,4,95,43803.55,117.61,43685.94
390,17,1,1,17,22,18484.18,20.61,18463.57
440,14,2,12,15,26,11988.34,70.27,11918.07
471,1,2,17,4,18,11742.3,118.43,11623.87
361,30,2,6,15,80,34545.6,86.42,34459.18
150,9,1,7,15,37,16024.7,100.71,15923.990000000002
46,30,3,3,16,98,42318.36,13.66,42304.7
274,36,2,6,17,31,29497.43,109.35,29388.08
472,28,3,9,17,37,1710.51,12.12,1698.39
267,4,3,17,16,59,21476.59,89.85,21386.74
204,1,1,23,2,61,39793.35,16.13,39777.22
105,31,1,19,17,87,19907.34,3.28,19904.06
269,22,1,24,17,54,47133.9,25.9,47108.0
473,4,3,14,17,64,23296.64,88.78,23207.86
297,16,1,14,15,21,13673.31,143.68,13529.63
216,36,2,14,15,52,49479.56,121.6,49357.96
730,21,2,15,16,88,81866.4,256.53,81609.87
471,21,2,19,2,33,14250.06,10.8,14239.26
730,43,2,3,4,33,8864.130000000001,68.59,8795.54
32,30,2,18,4,28,12090.96,110.97,11979.99
226,31,2,14,2,25,5720.5,47.61,5672.89
474,14,2,1,17,70,32276.3,12.18,32264.12
475,5,1,24,4,44,29042.2,119.16,28923.04
53,43,1,11,15,77,20682.97,46.39,20636.58
339,31,1,9,16,28,6406.96,51.2,6355.76
476,28,1,17,2,28,1294.4399999999998,6.84,1287.6
370,4,2,5,2,100,36401.0,67.17,36333.83
154,1,3,4,16,49,31965.15,12.21,31952.94
477,21,2,3,15,4,184.92,9.11,175.81
257,31,3,3,2,56,12813.92,25.91,12788.01
409,3,3,8,8,72,27833.04,32.9,27800.14
730,22,2,14,8,62,54116.7,124.23,53992.47
242,23,2,15,2,80,79610.4,117.84,79492.56
361,36,3,10,2,97,92298.41,194.53,92103.88
37,31,2,5,2,15,3432.3,16.6,3415.7
169,21,2,21,4,80,76122.4,53.88,76068.51999999999
478,36,1,11,17,65,61849.45,29.39,61820.06
14,31,2,3,8,11,2517.02,58.2,2458.82
76,36,1,21,2,12,11418.36,51.02,11367.34
730,11,2,4,17,31,28839.3,11.43,28827.87
122,22,1,1,4,22,19202.7,233.31,18969.39
218,13,1,7,8,34,28812.62,95.3,28717.32
320,13,3,12,2,92,77963.56,52.87,77910.69
479,36,3,17,4,80,76122.4,80.16,76042.23999999999
320,36,2,15,17,28,26642.84,187.45,26455.39
480,14,1,5,16,80,36887.2,25.8,36861.4
257,36,2,10,4,76,72316.28,33.1,72283.18
481,22,2,19,4,79,68955.15000000001,188.34,68766.81000000001
482,30,3,14,17,46,19863.72,20.61,19843.11
124,14,2,8,4,40,18443.6,89.01,18354.59
51,28,1,12,4,90,4160.7,9.99,4150.71
730,15,3,25,17,17,11787.63,73.21,11714.42
377,22,3,17,17,21,18329.85,89.62,18240.230000000003
730,9,1,7,4,26,11260.6,122.37,11138.23
240,9,2,23,8,61,26419.1,78.55,26340.550000000003
74,13,1,7,15,81,68641.83,139.56,68502.27
483,36,1,8,4,66,62800.98,138.97,62662.01
484,28,1,14,15,84,3883.32,7.62,3875.7
485,1,2,24,17,46,30008.1,6.55,30001.550000000003
730,3,2,14,4,12,4638.84,9.92,4628.92
178,7,1,14,4,43,2924.4300000000003,11.04,2913.3900000000003
452,14,2,9,4,40,18443.6,12.62,18430.98
486,21,1,5,16,73,19608.53,26.24,19582.29
138,36,3,4,16,60,57091.8,62.75,57029.05
487,13,1,19,2,46,38981.78,36.12,38945.66
488,30,1,1,15,25,10795.5,35.29,10760.21
291,9,1,3,8,71,30750.1,9.87,30740.230000000003
489,17,2,9,4,56,47050.64,111.14,46939.5
730,36,2,10,4,31,29497.43,248.11,29249.32
490,16,2,1,17,40,26044.4,182.44,25861.960000000003
225,5,1,6,15,26,17161.3,61.06,17100.239999999998
365,43,3,6,17,13,3491.9300000000003,37.3,3454.63
65,21,3,1,16,46,38981.78,18.29,38963.49
247,22,3,21,16,38,33168.3,182.22,32986.08
491,28,2,1,4,42,1941.66,10.81,1930.85
35,15,1,14,2,31,21495.09,27.09,21468.0
492,3,3,17,8,79,30539.03,17.99,30521.04
449,24,3,15,8,1,642.11,129.27,512.84
493,11,1,15,8,16,14884.8,13.49,14871.31
103,1,1,17,4,2,1304.7,7.61,1297.09
494,5,2,21,8,58,38282.9,63.53,38219.37
200,14,3,6,4,98,45186.82,82.46,45104.36
495,22,3,21,16,79,68955.15000000001,201.75,68753.40000000001
411,11,2,10,16,48,44654.4,96.71,44557.69
375,3,2,17,16,70,27059.9,54.04,27005.86
154,14,1,12,2,48,22132.32,64.88,22067.44
496,15,3,18,17,73,50617.47,173.01,50444.46
497,17,1,3,4,24,20164.56,152.78,20011.78
456,17,2,23,16,11,9242.09,165.96,9076.13
399,21,1,3,17,96,62625.600000000006,181.54,62444.060000000005
498,31,1,1,2,57,13042.74,20.96,13021.78
41,9,3,6,8,80,34648.0,112.94,34535.06
53,21,1,5,2,57,48303.51,245.74,48057.77
181,36,3,3,2,56,53285.68,23.03,53262.65
100,9,2,1,17,51,22088.1,121.79,21966.31
285,23,1,15,16,4,3980.52,213.05,3767.47
424,36,2,9,8,91,86589.23,137.86,86451.37
184,43,1,10,2,63,16922.43,18.25,16904.18
171,3,2,19,16,17,6571.69,50.88,6520.81
499,15,2,15,4,46,31895.94,181.64,31714.3
490,15,1,21,2,50,34669.5,187.71,34481.79
125,23,2,24,4,55,54732.15,265.75,54466.4
500,36,2,15,2,20,19030.6,89.67,18940.93
501,43,2,25,16,3,805.83,52.84,752.99
60,23,1,10,8,50,49756.5,46.19,49710.31
133,11,2,8,4,93,86517.9,251.05,86266.84999999999
502,15,2,3,16,88,61018.32,77.02,60941.3
503,43,3,24,16,29,7789.69,40.28,7749.410000000001
504,3,2,10,15,38,14689.66,55.43,14634.23
424,24,3,10,2,43,27610.73,6.86,27603.87
730,5,1,18,17,92,60724.6,190.45,60534.15
318,23,1,10,8,18,17912.34,202.81,17709.53
730,22,2,15,17,1,872.85,239.19,633.6600000000001
730,3,2,6,4,58,22421.06,70.62,22350.44
483,17,1,19,2,22,18484.18,64.08,18420.1
261,21,2,9,4,21,17643.99,208.29,17435.7
505,31,1,21,4,4,915.28,39.63,875.65
506,23,2,23,8,87,86576.31,261.28,86315.03
507,14,3,1,4,90,41498.1,55.61,41442.49
730,1,2,1,2,79,51535.65,120.53,51415.12
508,7,2,7,4,80,5440.8,1.97,5438.83
509,3,3,10,4,47,18168.79,34.23,18134.56
422,7,3,15,17,11,748.11,13.55,734.5600000000001
119,21,2,5,2,28,24439.8,61.34,24378.46
510,14,1,1,15,33,15215.97,87.59,15128.38
511,30,3,11,4,22,9500.04,6.57,9493.47
512,22,2,3,4,58,50625.3,217.26,50408.04
513,36,2,3,2,85,80880.05,119.02,80761.03
514,3,2,14,4,28,10823.96,53.04,10770.919999999998
515,28,3,25,2,1,46.23,12.63,33.599999999999994
172,9,3,4,4,67,29017.7,77.53,28940.17
43,31,1,1,4,8,1830.56,30.66,1799.9
48,11,3,10,4,82,76284.59999999999,274.52,76010.07999999999
309,15,3,1,17,16,11094.24,52.99,11041.25
305,21,3,18,4,19,8228.9,71.3,8157.599999999999
516,16,3,11,15,95,61855.45,4.39,61851.060000000005
187,4,3,12,4,11,4004.11,92.17,3911.94
517,11,2,21,2,25,23257.5,167.83,23089.67
465,24,3,9,17,46,29537.06,161.75,29375.31
104,30,3,21,15,38,16409.16,99.4,16309.76
239,43,1,25,8,87,23369.07,67.6,23301.47
89,3,2,15,16,44,17009.079999999998,108.73,16900.35
518,7,1,17,15,59,4012.59,11.5,4001.09
66,11,1,7,16,87,80936.09999999999,172.86,80763.23999999999
422,43,1,3,4,86,23100.460000000003,5.27,23095.19
730,3,2,9,15,15,5798.55,81.03,5717.52
730,13,1,17,2,90,76268.7,2.25,76266.45
102,3,1,21,4,50,19328.5,43.15,19285.35
71,21,2,23,17,14,647.2199999999999,5.69,641.5299999999999
330,21,2,23,2,66,55930.38,214.52,55715.86
519,21,2,1,16,9,3886.38,74.09,3812.29
520,15,3,8,16,15,10400.85,180.23,10220.62
131,43,3,10,17,21,5640.81,31.39,5609.42
730,21,3,7,4,62,4216.62,19.87,4196.75
517,4,1,11,8,86,31304.86,58.0,31246.86
144,15,2,5,2,27,18721.53,91.84,18629.69
105,5,2,11,8,85,56104.24999999999,61.09,56043.16
232,23,3,6,4,58,57717.54,0.37,57717.17
730,11,3,18,2,13,12093.9,184.42,11909.48
521,22,1,21,4,53,46261.05,192.14,46068.91
346,22,1,23,4,74,64590.9,231.21,64359.69
252,31,3,10,15,28,6406.96,22.28,6384.68
169,28,1,25,15,8,369.84,2.04,367.8
522,9,2,1,15,56,24253.6,103.77,24149.83
523,4,2,24,17,48,17472.48,33.94,17438.54
730,31,3,6,16,41,9381.62,11.76,9369.86
524,4,1,9,16,76,27664.76,83.62,27581.14
730,43,1,14,8,14,3760.54,64.17,3696.37
88,22,1,3,4,53,46261.05,38.82,46222.23
525,43,1,14,17,15,4029.15,32.48,3996.67
730,22,3,17,15,74,64590.9,84.19,64506.71
418,15,2,4,17,77,53391.03,86.91,53304.12
17,15,1,3,8,89,61711.71,29.66,61682.05
128,24,1,3,16,96,61642.56,97.43,61545.13
423,43,1,11,17,27,7252.47,24.96,7227.51
386,24,1,1,8,7,4494.77,93.87,4400.900000000001
526,36,3,25,2,75,71364.75,75.01,71289.74
381,7,1,25,8,21,1428.21,18.17,1410.04
35,31,2,17,8,6,1372.92,26.61,1346.3100000000002
489,3,2,24,17,65,25127.05,71.98,25055.07
73,3,3,6,4,43,16622.51,88.78,16533.73
54,22,1,7,8,47,41023.95,95.31,40928.64000000001
47,28,1,12,2,56,2588.88,6.22,2582.66
177,31,2,21,16,61,13958.02,0.13,13957.89
331,28,3,12,4,14,647.2199999999999,12.05,635.17
730,24,2,14,15,9,5778.99,10.61,5768.38
197,16,1,14,16,58,37764.38,68.03,37696.35
134,14,1,5,15,84,38731.56,101.67,38629.89
304,13,1,6,15,57,48303.51,78.16,48225.34999999999
527,23,2,25,2,36,35824.68,152.23,35672.45
47,16,2,8,2,67,43624.37,185.04,43439.33
730,15,1,15,2,79,54777.81,151.05,54626.76
528,31,2,11,17,100,22882.0,23.18,22858.82
529,13,2,21,2,75,63557.24999999999,74.12,63483.12999999999
101,7,1,17,2,44,2992.44,19.77,2972.67
81,11,3,1,8,14,13024.2,185.97,12838.23
530,22,2,23,16,74,64590.9,152.02,64438.880000000005
114,5,1,18,15,10,6600.5,158.96,6441.54
141,36,2,24,17,14,13321.42,122.06,13199.36
252,23,2,15,15,79,78615.27,249.62,78365.65000000001
21,23,1,5,17,9,8956.17,105.4,8850.77
531,31,2,5,4,76,17390.32,54.97,17335.35
532,36,2,15,2,64,60897.92,107.83,60790.09
220,13,2,6,15,51,43218.93,240.45,42978.48
63,17,1,4,8,87,73096.53,31.67,73064.86
533,28,2,11,4,15,693.4499999999999,6.4,687.05
326,1,2,1,16,31,20222.85,107.47,20115.38
101,4,3,9,8,5,1820.05,26.37,1793.68
312,16,1,17,4,24,15626.64,1.18,15625.46
234,30,2,11,4,82,35409.24,69.23,35340.009999999995
534,13,1,5,8,40,33897.2,81.01,33816.189999999995
280,11,1,23,17,22,20466.6,9.06,20457.54
730,7,3,9,4,39,2652.3900000000003,17.51,2634.88
418,11,3,4,16,70,65121.0,112.63,65008.37
504,15,3,21,2,90,62405.1,6.26,62398.84
730,3,1,18,16,81,31312.17,108.04,31204.13
507,4,1,1,16,53,19292.53,69.79,19222.74
730,43,3,14,8,24,6446.64,23.79,6422.85
248,9,3,4,8,33,14292.3,59.99,14232.31
337,5,1,6,2,26,17161.3,77.87,17083.43
15,28,2,3,17,73,3374.79,6.27,3368.52
351,4,2,8,15,13,4732.13,78.94,4653.1900000000005
535,31,1,14,4,92,21051.44,23.37,21028.07
378,21,3,3,8,45,20749.05,78.97,20670.08
75,30,1,6,4,81,34977.42,88.56,34888.86
536,3,1,3,15,14,5411.98,27.45,5384.53
535,16,1,11,2,4,2604.44,145.42,2459.02
364,3,2,14,17,61,23580.77,54.48,23526.29
505,43,1,9,16,56,15042.16,65.94,14976.22
537,31,2,4,15,73,16703.86,47.08,16656.78
538,31,1,18,4,3,686.46,68.37,618.09
400,21,2,10,4,95,79818.05,149.13,79668.92
160,15,1,25,8,74,51310.86,193.07,51117.79
539,21,2,19,17,43,28382.15,17.09,28365.06
399,1,1,10,17,97,63277.95,189.6,63088.350000000006
133,13,3,24,15,65,55082.95,85.97,54996.98
540,7,3,15,15,84,5712.84,7.85,5704.99
133,31,3,10,15,68,15559.76,45.22,15514.54
342,17,2,8,4,50,42009.5,199.78,41809.72
541,31,1,15,15,30,6864.599999999999,7.29,6857.31
123,31,1,18,2,93,21280.26,26.36,21253.9
388,9,1,9,2,81,35081.1,114.87,34966.23
296,15,1,5,17,57,39523.23,132.72,39390.51
542,36,2,15,2,93,88492.29,225.04,88267.25
543,31,1,7,17,63,14415.66,33.86,14381.8
418,9,2,1,16,80,34648.0,67.46,34580.54
261,31,2,19,16,96,21966.72,64.54,21902.18
544,21,1,5,15,67,30893.03,0.45,30892.58
545,13,3,17,16,95,80505.84999999999,92.77,80413.07999999999
121,17,3,19,16,7,5881.33,165.93,5715.4
30,13,3,17,17,73,61862.39,119.88,61742.51
730,1,1,17,17,18,11742.3,95.17,11647.13
250,4,2,7,8,71,25844.71,17.72,25826.99
226,31,2,1,4,44,10068.08,34.97,10033.11
29,17,3,3,15,49,41169.310000000005,121.3,41048.01
546,21,1,11,16,22,18643.46,178.41,18465.05
534,13,2,8,4,95,80505.84999999999,232.42,80273.43
423,1,1,7,2,68,44359.8,19.11,44340.69
273,30,2,1,8,51,22022.82,54.56,21968.26
380,22,1,9,16,83,72446.55,76.71,72369.84
197,28,3,5,2,82,3790.86,0.49,3790.37
287,28,1,24,16,19,878.3699999999999,7.78,870.5899999999999
547,14,1,5,15,28,12910.52,54.87,12855.649999999998
548,17,1,15,15,84,70575.96,116.05,70459.91
305,4,2,21,4,84,30576.84,24.05,30552.79
549,13,1,14,17,15,12711.45,172.45,12538.999999999998
99,3,2,3,17,90,34791.3,38.62,34752.68
262,5,2,23,15,91,60064.55,127.09,59937.46
730,13,2,7,17,46,38981.78,151.3,38830.48
131,9,2,11,2,33,14292.3,62.57,14229.73
310,3,1,21,16,3,1159.71,102.49,1057.22
168,31,2,5,4,94,21509.08,17.61,21491.47
220,14,2,1,4,11,5071.99,13.81,5058.179999999999
148,43,3,24,17,67,17996.870000000003,68.93,17927.940000000002
550,11,1,24,17,93,86517.9,123.43,86394.47
142,43,3,11,16,99,26592.390000000003,29.13,26563.26
226,13,1,18,15,65,55082.95,167.54,54915.41
78,30,2,12,8,73,31522.86,16.22,31506.64
71,3,2,19,4,30,11597.1,6.16,11590.94
551,17,1,1,2,63,52931.97,143.03,52788.94
6,16,1,1,16,61,39717.71,156.42,39561.29
552,24,2,9,4,85,54579.35,71.83,54507.52
289,31,1,6,16,71,16246.22,29.88,16216.34
527,17,1,21,15,91,76457.29000000001,29.29,76428.00000000001
553,16,2,23,16,13,8464.43,76.46,8387.970000000001
554,7,3,3,16,64,4352.64,8.31,4344.33
730,22,3,25,8,65,56735.25,190.84,56544.41
352,24,3,10,2,75,48158.25,119.05,48039.2
555,22,3,18,2,38,33168.3,103.2,33065.100000000006
338,31,3,17,16,27,6178.139999999999,34.15,6143.99
106,17,2,10,15,13,10922.47,81.89,10840.580000000002
232,7,1,15,15,86,5848.860000000001,6.69,5842.170000000001
394,28,3,15,17,52,2403.96,9.83,2394.13
448,43,2,1,2,88,23637.68,43.47,23594.21
147,13,3,19,8,1,847.43,204.61,642.8199999999999
99,17,2,7,17,61,51251.59,190.25,51061.34
447,15,1,10,2,51,35362.89,30.12,35332.77
556,17,2,25,8,22,18484.18,102.23,18381.95
147,4,3,1,16,10,3640.1,20.43,3619.67
730,14,3,15,17,78,35965.02,123.05,35841.969999999994
102,43,2,10,16,85,22831.85,11.48,22820.370000000003
155,21,3,12,2,68,44359.8,31.92,44327.880000000005
730,9,3,25,17,59,25552.9,124.82,25428.08
471,30,2,4,4,7,3022.74,97.09,2925.65
393,14,1,19,8,66,30431.94,64.88,30367.06
301,22,3,3,15,92,80302.2,146.3,80155.9
557,14,3,10,17,100,46109.0,7.96,46101.04
558,28,2,23,17,72,3328.56,2.11,3326.45
199,23,1,4,15,30,29853.9,88.89,29765.01
26,43,1,23,17,99,26592.390000000003,24.45,26567.94
559,30,2,8,15,80,34545.6,50.98,34494.619999999995
517,36,2,18,4,75,71364.75,42.28,71322.47
216,28,3,24,8,27,1248.2099999999998,13.0,1235.2099999999998
730,36,2,19,4,86,81831.58,214.85,81616.73
402,11,1,15,2,39,36281.7,89.63,36192.07
409,1,1,14,15,81,52840.35,120.5,52719.85
452,17,2,12,8,43,36128.170000000006,69.36,36058.810000000005
560,1,1,10,17,37,24136.95,123.23,24013.72
561,9,1,24,17,86,37246.6,83.95,37162.65
562,5,3,19,16,84,55444.2,152.86,55291.34
514,4,3,4,8,31,11284.31,71.23,11213.08
294,1,3,14,17,21,13699.35,0.98,13698.37
563,1,3,4,4,47,30660.45,35.74,30624.71
564,3,3,15,2,20,7731.4,114.91,7616.49
730,31,3,18,2,51,11669.82,0.8,11669.02
546,9,1,12,16,67,29017.7,81.19,28936.51
565,5,3,7,4,54,35642.7,53.74,35588.96
566,23,3,25,8,84,83590.92,188.27,83402.65
410,22,3,6,2,91,79429.35,20.32,79409.03
567,9,2,17,4,10,4331.0,20.07,4310.93
459,24,1,17,2,68,43663.48,88.75,43574.73
118,36,1,18,8,97,92298.41,245.81,92052.6
162,23,3,15,17,7,6965.91,206.73,6759.18
386,7,3,10,17,76,5168.76,7.33,5161.43
568,21,1,6,2,100,95153.0,164.88,94988.12
280,43,2,24,17,39,10475.79,19.54,10456.25
539,21,3,17,4,87,73096.53,113.99,72982.54
404,4,3,7,17,52,18928.52,2.8,18925.72
171,30,1,25,8,10,4318.2,1.11,4317.09
82,13,3,3,16,89,75421.26999999999,68.9,75352.37
148,24,2,8,16,57,36600.27,58.52,36541.75000000001
142,36,1,10,4,31,29497.43,226.69,29270.74
208,23,1,19,15,15,14926.95,91.9,14835.05
343,43,1,15,2,15,4029.15,22.5,4006.65
101,11,1,9,16,65,60469.5,272.94,60196.56
154,36,3,21,15,76,72316.28,182.66,72133.62
170,5,1,5,8,20,13201.0,10.25,13190.75
246,14,1,19,2,2,922.18,110.87,811.31
569,9,2,21,16,3,1299.3000000000002,127.13,1172.17
341,3,2,10,8,32,12370.24,92.56,12277.68
351,21,2,11,16,89,32396.89,75.24,32321.65
349,22,2,19,4,13,11347.05,209.4,11137.65
245,7,1,14,4,49,3332.49,1.45,3331.0400000000004
570,21,1,5,2,80,51368.8,153.97,51214.83
730,15,1,21,15,14,9707.46,130.12,9577.339999999998
730,3,3,12,2,34,13143.38,79.82,13063.56
550,36,1,4,17,78,74219.34,142.88,74076.45999999999
415,16,1,23,4,84,54693.24,172.66,54520.58
125,5,3,10,8,99,65344.95,111.25,65233.7
730,4,1,4,15,19,6916.19,62.03,6854.16
255,13,3,18,2,59,49998.37,148.9,49849.47
571,4,1,18,8,37,13468.37,75.75,13392.62
392,43,2,14,17,18,4834.9800000000005,32.29,4802.6900000000005
228,3,2,6,15,51,19715.07,102.33,19612.74
259,7,2,3,4,77,5236.77,14.23,5222.540000000001
530,4,2,24,2,21,7644.21,34.37,7609.84
730,3,3,25,2,36,13916.52,34.24,13882.28
274,1,3,14,4,81,52840.35,134.75,52705.6
292,22,2,1,4,81,70700.85,88.83,70612.02
136,11,3,7,17,1,930.3,150.67,779.63
572,7,2,1,16,69,4692.6900000000005,5.26,4687.43
360,23,2,21,2,7,6965.91,242.81,6723.099999999999
115,28,2,24,8,52,2403.96,12.63,2391.33
452,3,3,15,2,60,23194.2,67.15,23127.05
527,3,2,21,8,65,25127.05,60.39,25066.66
173,15,2,17,8,71,49230.69,61.68,49169.01
95,21,3,9,16,38,14689.66,69.29,14620.37
140,16,2,3,8,89,57948.79,169.4,57779.39
444,31,2,12,15,2,457.64,14.86,442.78
730,16,1,24,2,18,11719.98,112.55,11607.43
573,36,3,15,4,65,61849.45,218.4,61631.05
93,15,3,6,2,53,36749.67,51.48,36698.19
730,16,2,15,16,29,18882.19,105.28,18776.91
574,23,3,19,4,71,70654.23,127.29,70526.94
211,14,2,24,17,4,1844.36,122.37,1721.9899999999998
730,9,1,11,15,46,19922.6,0.67,19921.930000000004
242,22,1,17,17,86,75065.1,219.63,74845.47
258,16,2,8,17,47,30602.17,11.95,30590.22
575,28,1,10,16,20,924.6,4.61,919.99
222,28,1,6,2,69,3189.87,11.46,3178.41
506,7,1,23,17,56,3808.56,13.88,3794.68
179,9,3,18,4,57,24686.7,12.79,24673.91
576,3,2,6,15,46,17782.22,2.68,17779.54
235,22,3,10,16,48,41896.8,141.16,41755.64
324,14,1,8,15,19,8760.71,71.9,8688.81
305,4,3,17,2,15,5460.15,93.3,5366.849999999999
577,16,1,6,2,18,11719.98,48.4,11671.58
578,28,1,19,2,78,3605.94,4.69,3601.2499999999995
140,9,3,21,17,78,33781.8,124.07,33657.73
540,28,2,24,2,76,3513.48,12.5,3500.98
730,3,1,5,4,74,28606.18,83.21,28522.97
317,7,3,5,16,71,4828.71,12.35,4816.36
58,4,2,12,4,91,33124.91,74.96,33049.95
232,24,1,1,4,65,41737.15,82.84,41654.310000000005
415,5,2,24,15,7,4620.349999999999,120.01,4500.339999999999
302,43,2,17,2,34,9132.74,41.7,9091.04
296,36,2,4,2,16,15224.48,160.21,15064.27
548,14,3,24,16,32,14754.88,32.33,14722.55
730,7,2,11,15,95,6460.950000000001,13.98,6446.970000000001
56,30,3,1,2,22,9500.04,106.85,9393.19
281,13,1,17,4,96,81353.28,122.64,81230.64
6,17,3,7,17,58,48731.02,30.63,48700.39000000001
30,13,3,3,17,100,84743.0,76.37,84666.63
33,1,3,9,4,87,56754.45,20.38,56734.07000000001
185,21,3,23,15,69,29795.58,17.02,29778.56
242,43,3,12,17,83,22294.63,14.56,22280.07
730,31,2,25,16,20,4576.4,55.22,4521.179999999999
247,7,2,24,16,78,5304.780000000001,8.68,5296.1
535,21,3,6,8,73,31522.86,102.24,31420.62
579,14,3,1,15,92,42420.28,60.93,42359.35
386,22,3,4,17,15,13092.75,40.66,13052.09
212,17,1,4,17,66,55452.54,62.02,55390.52
502,22,1,12,15,39,34041.15,31.89,34009.26
580,36,1,17,8,80,76122.4,24.48,76097.92
581,17,3,5,15,24,20164.56,171.24,19993.32
237,1,2,19,17,62,40445.7,155.66,40290.04
502,21,1,12,2,73,31522.86,80.99,31441.87
582,43,1,17,4,61,16385.21,59.85,16325.36
583,4,3,24,16,48,17472.48,93.07,17379.41
584,21,2,3,15,13,12093.9,263.17,11830.73
497,31,1,6,8,100,22882.0,19.21,22862.79
98,3,3,14,16,31,11983.67,101.61,11882.06
585,31,1,24,15,2,457.64,5.31,452.33
586,31,2,5,16,37,8466.34,64.31,8402.03
507,24,2,24,8,44,28252.84,24.78,28228.06
191,1,2,3,17,84,54797.4,17.93,54779.47
730,13,1,17,16,20,16948.6,186.17,16762.43
587,21,3,10,8,34,7779.88,28.67,7751.21
76,43,3,15,8,49,13161.89,71.27,13090.62
334,21,3,1,4,58,37242.38,178.61,37063.77
90,14,1,12,16,73,33659.57,50.66,33608.91
588,43,3,19,8,88,23637.68,0.98,23636.7
197,36,3,9,15,61,58043.33,226.46,57816.87
562,15,2,5,15,98,67952.22,95.76,67856.46
113,4,2,7,2,48,17472.48,109.13,17363.35
260,22,1,4,8,61,53243.85,159.37,53084.48
589,11,1,11,4,58,53957.4,32.91,53924.48999999999
83,4,1,12,2,9,3276.09,56.05,3220.04
95,4,2,25,4,45,16380.45,58.74,16321.71
301,13,1,5,17,51,43218.93,171.86,43047.07
563,22,3,6,2,74,64590.9,72.85,64518.05
237,43,1,17,15,26,6983.860000000001,63.45,6920.410000000001
219,21,3,18,17,89,58744.45,92.25,58652.2
542,15,1,6,16,16,11094.24,20.54,11073.7
590,17,1,12,17,59,49571.21000000001,140.57,49430.64000000001
316,3,2,6,16,36,13916.52,91.34,13825.18
112,5,1,9,15,31,20461.55,95.05,20366.5
387,31,1,25,8,59,13500.38,64.12,13436.259999999998
730,28,2,9,17,3,138.69,8.89,129.8
730,22,3,18,8,38,33168.3,168.62,32999.68
591,28,2,6,8,100,4623.0,4.94,4618.06
592,30,3,12,17,20,8636.4,46.64,8589.76
209,7,2,17,16,21,1428.21,17.68,1410.53
82,22,3,25,2,41,35786.85,123.16,35663.689999999995
78,13,2,21,2,20,16948.6,231.12,16717.48
593,24,1,18,15,100,64211.0,58.1,64152.9
730,9,3,12,17,65,28151.5,72.58,28078.92
522,24,2,18,17,98,62926.78,43.58,62883.2
138,24,2,23,2,39,25042.29,180.91,24861.38
399,23,2,7,16,63,62693.19,287.49,62405.7
39,21,1,1,4,55,54732.15,54.35,54677.8
476,28,1,5,8,42,1941.66,10.78,1930.88
125,17,3,3,16,76,63854.44,214.19,63640.25
207,14,1,3,15,8,3688.72,92.11,3596.61
554,36,3,8,8,100,95153.0,230.86,94922.14
434,22,2,14,8,16,13965.6,34.82,13930.78
34,16,2,4,16,73,47531.03,103.92,47427.11
594,1,1,7,8,73,47621.55,181.23,47440.32
330,13,3,25,2,61,51693.23,181.74,51511.49
21,3,2,24,8,45,17395.65,28.96,17366.690000000002
75,14,1,14,15,39,17982.51,54.65,17927.859999999997
551,31,3,8,4,79,18076.78,20.8,18055.98
381,15,3,15,15,53,36749.67,136.08,36613.59
58,30,1,7,16,77,33250.14,21.51,33228.63
156,9,1,24,17,55,23820.5,96.94,23723.56
64,9,3,6,8,66,28584.6,78.34,28506.26
111,43,1,9,17,88,23637.68,71.61,23566.07
460,14,2,3,4,87,40114.83,125.44,39989.38999999999
730,30,1,25,4,88,38000.16,11.29,37988.87
412,30,1,8,17,23,9931.86,92.97,9838.89
173,4,2,15,15,84,30576.84,86.57,30490.27
595,1,2,4,2,64,41750.4,143.29,41607.11
42,7,3,14,17,78,5304.780000000001,4.18,5300.6
395,7,3,25,8,39,2652.3900000000003,19.1,2633.2900000000004
596,23,1,25,2,5,4975.65,272.04,4703.61
730,7,1,18,15,38,2584.38,20.29,2564.09
502,21,1,8,4,32,20875.2,50.29,20824.91
730,5,1,5,8,38,25081.9,84.09,24997.81
730,31,3,5,17,31,7093.42,1.25,7092.17
138,11,2,23,4,52,48375.6,263.19,48112.41
252,21,2,5,2,15,14926.95,58.56,14868.39
370,13,2,8,2,72,61014.96,116.76,60898.2
597,16,1,19,4,89,57948.79,76.17,57872.62
730,31,3,24,15,82,18763.24,18.54,18744.7
496,23,3,18,15,22,21892.86,283.19,21609.67
27,36,3,10,8,16,15224.48,181.8,15042.68
450,30,3,5,8,58,25045.56,108.7,24936.86
497,21,2,10,16,99,63568.89,154.12,63414.77
233,1,1,3,17,25,16308.75,107.11,16201.64
598,15,1,10,2,30,20801.7,119.44,20682.26
730,21,1,6,8,29,27594.37,282.49,27311.88
730,30,2,7,2,20,8636.4,12.71,8623.69
288,3,3,19,2,4,1546.28,78.24,1468.04
599,36,3,15,2,61,58043.33,38.31,58005.02
47,28,3,1,15,16,739.68,5.39,734.29
730,11,3,24,17,19,17675.7,159.02,17516.68
202,1,3,9,17,66,43055.1,194.13,42860.97
730,36,1,8,8,80,76122.4,145.41,75976.98999999999
600,28,3,10,16,8,369.84,8.47,361.37
122,24,2,3,8,91,58432.01,35.37,58396.64
99,11,2,14,8,73,67911.9,176.14,67735.76
241,1,3,4,2,72,46969.2,55.58,46913.62
352,21,1,18,15,41,15849.37,80.59,15768.78
418,16,1,3,8,69,44926.59,170.16,44756.43
580,13,2,21,15,26,22033.18,67.18,21966.0
10,3,3,24,16,94,36337.58,48.23,36289.35
438,14,3,11,15,28,12910.52,121.46,12789.06
254,24,2,6,15,76,48800.36,9.64,48790.72
437,43,1,14,4,7,1880.27,9.11,1871.16
173,11,1,19,16,65,60469.5,33.52,60435.98
74,23,2,4,15,78,77620.14,249.85,77370.29
180,9,3,3,8,29,12559.9,47.94,12511.96
730,21,2,24,8,31,29497.43,270.26,29227.17
46,23,3,17,16,44,43785.72,69.43,43716.29
154,14,2,23,17,37,17060.329999999998,49.51,17010.82
730,9,3,1,8,37,16024.7,71.17,15953.53
164,17,2,5,16,72,60493.68000000001,200.27,60293.41000000001
81,15,3,18,4,76,52697.64,168.61,52529.03
113,9,3,1,15,68,29450.800000000003,98.99,29351.81
451,11,2,25,17,66,61399.8,33.97,61365.83
465,9,2,7,16,54,23387.4,61.18,23326.22
592,43,3,23,15,33,8864.130000000001,45.73,8818.400000000001
601,11,3,6,17,83,77214.9,244.9,76970.0
4,1,1,24,2,54,35226.9,118.04,35108.86
214,43,2,7,2,49,13161.89,1.87,13160.02
564,28,1,17,2,83,3837.09,1.71,3835.38
431,17,2,8,15,50,42009.5,236.49,41773.01
219,21,3,24,4,71,46863.55,16.99,46846.56
312,15,2,19,2,12,8320.68,89.29,8231.39
602,24,3,9,8,94,60358.34,102.88,60255.46000000001
464,14,1,5,16,78,35965.02,72.96,35892.06
210,31,1,12,8,70,16017.4,55.7,15961.7
1,22,2,4,4,27,23566.95,237.47,23329.48
430,28,2,25,4,80,3698.4,0.46,3697.94
112,3,1,18,17,12,4638.84,63.3,4575.54
570,17,2,1,4,37,31087.03,250.83,30836.2
469,36,1,9,17,80,76122.4,143.18,75979.22
603,36,1,21,17,91,86589.23,253.89,86335.34
730,17,2,5,2,88,73936.72,112.37,73824.35
299,14,3,1,8,68,31354.12,102.13,31251.99
513,1,1,7,15,31,20222.85,87.57,20135.28
80,23,2,5,8,20,19902.6,41.24,19861.36
151,13,2,18,8,79,66946.97,18.9,66928.07
348,9,3,3,16,23,9961.3,57.95,9903.35
730,4,3,8,17,50,18200.5,24.29,18176.21
604,5,1,4,8,25,16501.25,73.59,16427.66
605,43,1,5,15,21,5640.81,43.7,5597.110000000001
178,28,2,12,15,36,1664.28,7.23,1657.05
224,7,2,21,8,22,1496.22,16.24,1479.98
606,43,3,23,16,15,4029.15,52.63,3976.52
526,5,3,15,16,41,27062.05,76.16,26985.89
412,21,2,9,17,3,2790.9,183.47,2607.43
730,13,2,18,15,90,76268.7,242.44,76026.26
146,28,2,25,8,7,323.61,9.74,313.86999999999995
225,22,1,19,16,39,34041.15,202.74,33838.41
32,1,1,8,2,37,24136.95,192.81,23944.14
201,23,3,18,2,94,93542.22,273.36,93268.86
341,30,3,19,15,51,22022.82,36.29,21986.53
18,23,3,18,2,19,18907.47,40.99,18866.48
254,4,2,6,8,23,8372.23,54.29,8317.939999999999
229,11,2,17,4,59,54887.7,10.27,54877.43
384,17,2,14,2,1,840.19,89.04,751.1500000000001
427,23,3,23,8,56,55727.28,23.3,55703.98
520,24,1,4,4,81,52010.91,144.4,51866.51
58,21,2,18,17,20,13867.8,57.92,13809.88
304,4,2,18,2,58,21112.58,32.19,21080.39
333,22,3,14,15,83,72446.55,238.38,72208.17
48,43,3,11,17,64,17191.04,20.42,17170.620000000003
66,17,1,12,4,68,57132.920000000006,10.18,57122.740000000005
549,4,1,5,16,88,32032.88,22.64,32010.24
730,13,3,11,17,78,66099.54,245.01,65854.53
98,24,1,18,17,93,59716.23,76.6,59639.630000000005
83,17,2,8,16,8,6721.52,134.29,6587.2300000000005
730,24,2,6,16,55,35316.05,55.36,35260.69
539,15,1,10,16,93,64485.27,120.07,64365.2
98,13,3,24,8,45,38134.35,82.1,38052.25
457,23,2,17,8,6,5970.78,133.99,5836.79
428,21,2,15,15,58,53957.4,270.11,53687.28999999999
455,4,2,23,17,24,8736.24,63.92,8672.32
129,21,2,24,2,22,18484.18,30.72,18453.46
568,9,1,23,15,9,3897.9,68.98,3828.92
377,21,3,24,17,73,19608.53,23.93,19584.6
296,9,3,6,2,18,7795.8,75.23,7720.570000000001
17,31,1,23,4,39,8923.98,43.94,8880.039999999999
730,21,2,1,4,24,5491.68,7.96,5483.72
607,21,1,6,16,60,57091.8,245.37,56846.42999999999
341,4,3,19,8,53,19292.53,22.2,19270.33
325,14,1,12,8,33,15215.97,115.87,15100.1
118,13,1,1,8,78,66099.54,150.3,65949.23999999999
730,11,1,7,4,76,70702.8,15.33,70687.47
608,21,1,17,15,94,4345.62,11.07,4334.55
120,21,2,9,17,45,39278.25,4.11,39274.14
730,36,3,9,4,83,78976.98999999999,226.57,78750.41999999998
609,36,2,23,17,30,28545.9,32.88,28513.02
175,9,3,8,16,53,22954.300000000003,115.91,22838.390000000003
414,14,3,1,4,31,14293.79,108.99,14184.8
185,43,2,15,2,62,16653.82,50.79,16603.03
195,9,3,14,16,37,16024.7,42.01,15982.69
382,21,3,18,16,15,4029.15,38.84,3990.31
610,43,1,21,4,42,11281.62,58.54,11223.08
730,36,3,11,8,44,41867.32,94.88,41772.44
34,28,2,18,16,58,2681.34,2.17,2679.17
549,13,1,18,4,64,54235.52,125.72,54109.8
39,4,1,23,17,15,5460.15,55.19,5404.96
578,21,2,6,4,45,19431.9,55.63,19376.27
611,13,3,18,16,14,11864.02,72.5,11791.52
336,23,3,17,15,75,74634.75,147.9,74486.85
557,9,1,11,8,41,17757.100000000002,18.2,17738.9
29,5,1,8,8,100,66005.0,15.0,65990.0
555,11,1,3,8,34,31630.2,238.83,31391.369999999995
730,4,1,4,4,38,13832.38,67.93,13764.45
470,16,2,7,16,100,65111.0,180.25,64930.75
349,21,3,4,16,96,4438.08,0.51,4437.57
517,21,3,23,15,42,35592.06,167.89,35424.17
532,4,1,10,16,47,17108.47,50.59,17057.88
189,30,3,23,8,40,17272.8,43.07,17229.73
612,15,1,6,2,32,22188.48,114.76,22073.72
371,31,3,9,16,62,14186.84,25.99,14160.85
334,21,3,21,16,63,40452.93,45.54,40407.39
514,36,1,19,17,59,56140.27,123.9,56016.37
14,14,3,4,8,18,8299.619999999999,126.41,8173.209999999999
261,21,1,18,8,70,3236.1,11.58,3224.52
47,24,1,3,2,79,50726.69,68.7,50657.990000000005
401,22,3,9,16,9,7855.650000000001,250.5,7605.150000000001
28,5,1,6,17,93,61384.65,129.02,61255.63
730,13,2,18,2,24,20338.32,158.01,20180.31
158,22,3,25,8,19,16584.15,173.87,16410.280000000002
307,7,3,18,4,13,884.1300000000001,13.89,870.2400000000001
730,17,2,1,17,23,19324.370000000003,96.9,19227.47
552,17,1,8,15,93,78137.67,73.52,78064.15
509,16,1,5,15,97,63157.67,106.84,63050.83
450,16,3,21,17,33,21486.63,25.96,21460.67
11,28,2,15,4,34,1571.82,5.33,1566.49
488,36,3,4,17,15,14272.95,228.41,14044.54
62,4,2,12,2,38,13832.38,55.3,13777.08
613,31,2,12,2,91,20822.62,42.74,20779.88
57,9,3,5,2,28,12126.8,57.55,12069.250000000002
380,36,1,6,16,16,15224.48,142.32,15082.16
34,9,1,12,17,39,16890.9,55.64,16835.260000000002
420,17,1,25,2,94,78977.86,190.57,78787.29
126,43,2,10,15,53,14236.33,30.63,14205.7
614,17,2,18,4,97,81498.43000000001,91.37,81407.06000000001
417,5,1,8,16,11,7260.549999999999,186.07,7074.48
57,1,3,7,4,57,37183.95,151.89,37032.060000000005
194,21,3,3,16,9,2417.49,68.95,2348.5400000000004
243,15,3,1,8,33,22881.87,165.09,22716.78
730,23,2,25,15,38,37814.94,249.12,37565.82
58,11,1,17,2,21,19536.3,106.35,19429.95
109,23,2,15,16,41,40800.33,102.75,40697.58
615,3,2,6,15,43,16622.51,49.95,16572.559999999998
335,30,1,14,15,77,33250.14,18.64,33231.5
434,5,2,1,4,97,64024.85,120.08,63904.77
616,1,3,1,16,74,48273.9,176.55,48097.35
188,17,2,23,8,47,39488.93,49.12,39439.81
553,7,2,14,15,57,3876.57,7.54,3869.03
84,24,1,12,17,72,46231.92,89.48,46142.44
273,31,2,5,17,41,9381.62,7.47,9374.15
80,15,1,8,2,62,42990.18,196.28,42793.9
15,3,2,5,17,94,36337.58,107.07,36230.51
506,14,1,25,16,90,41498.1,34.09,41464.01
258,17,1,1,16,1,840.19,33.24,806.95
569,7,1,15,15,77,5236.77,7.04,5229.7300000000005
109,3,2,1,8,55,21261.35,107.84,21153.51
211,21,2,19,4,13,3491.9300000000003,21.75,3470.1800000000003
259,3,3,9,16,44,17009.079999999998,78.22,16930.859999999997
63,16,1,18,15,3,1953.33,35.04,1918.29
617,21,2,5,2,65,42322.15,147.24,42174.91
107,7,3,25,2,5,340.05,11.1,328.95
568,23,3,12,17,82,81600.66,168.0,81432.66
53,23,1,17,8,81,80605.53,126.84,80478.69
461,3,3,17,15,28,10823.96,38.76,10785.2
140,7,3,15,17,97,6596.97,19.34,6577.63
730,30,2,24,15,69,29795.58,39.09,29756.49
618,1,2,24,15,97,63277.95,175.98,63101.97
619,24,2,3,17,61,39168.71,185.56,38983.15
356,17,3,12,2,50,42009.5,249.91,41759.59
730,23,1,14,17,61,60702.93,72.22,60630.71
109,22,2,11,15,22,19202.7,105.59,19097.11
730,17,2,24,17,44,36968.36,21.9,36946.46
730,36,3,24,15,87,82783.11,206.17,82576.94
51,1,3,8,16,11,7175.85,115.54,7060.31
293,1,1,15,15,99,64582.65,45.44,64537.21
536,14,1,8,2,61,28126.49,71.84,28054.65
227,7,3,14,15,90,6120.900000000001,13.63,6107.27
63,23,2,8,2,27,26868.51,67.83,26800.68
118,9,3,25,4,17,7362.700000000001,42.12,7320.580000000001
43,1,2,1,2,7,4566.45,103.26,4463.19
262,1,2,8,8,91,59363.85,106.13,59257.72
730,7,3,24,15,42,2856.42,6.51,2849.91
730,31,1,4,15,10,2288.2,15.0,2273.2
620,13,2,10,17,38,32202.34,144.87,32057.47
730,5,2,7,17,31,20461.55,95.25,20366.3
621,21,3,4,8,18,8299.619999999999,113.16,8186.459999999999
78,21,3,25,4,21,13484.31,128.91,13355.4
66,4,3,11,4,71,25844.71,109.13,25735.58
269,5,2,4,16,11,7260.549999999999,116.9,7143.65
242,5,2,19,17,28,18481.4,34.87,18446.53
382,13,2,11,4,79,66946.97,110.57,66836.4
226,9,1,19,4,68,29450.800000000003,9.46,29441.340000000004
575,24,2,1,2,78,50084.58,52.44,50032.14
125,1,3,14,16,67,43707.45,147.38,43560.07000000001
184,13,1,14,4,47,39829.21,190.39,39638.82
730,14,2,19,2,53,24437.77,73.99,24363.78
178,21,2,17,2,65,3004.95,2.69,3002.26
622,3,3,10,16,73,28219.61,21.89,28197.72
612,24,2,4,15,2,1284.22,82.08,1202.14
623,4,2,17,2,2,728.02,58.37,669.65
430,14,3,1,8,77,35503.93,123.26,35380.67
612,43,2,5,2,24,6446.64,20.27,6426.37
624,16,2,7,15,15,9766.65,139.75,9626.9
122,43,2,23,2,1,268.61,35.77,232.84
289,13,1,8,8,91,77116.12999999999,143.46,76972.66999999998
369,22,2,17,2,94,82047.90000000001,43.51,82004.39000000001
730,30,3,18,15,92,39727.44,115.25,39612.19
28,14,1,4,2,66,30431.94,12.62,30419.32
259,7,2,17,8,71,4828.71,18.96,4809.75
282,9,2,24,8,54,23387.4,81.65,23305.75
83,28,1,8,16,68,3143.64,3.45,3140.19
13,3,1,14,17,12,4638.84,36.78,4602.06
537,15,3,5,15,52,36056.28,198.75,35857.53
730,5,3,4,17,13,8580.65,65.17,8515.48
213,4,3,19,15,64,23296.64,64.84,23231.8
625,28,1,11,4,64,2958.72,12.95,2945.77
626,23,2,6,4,30,29853.9,236.36,29617.54
489,7,3,3,4,6,408.06000000000006,16.73,391.33
286,15,2,15,16,50,34669.5,169.91,34499.59
429,21,3,12,8,6,277.38,7.18,270.2
627,21,1,18,4,36,1664.28,6.55,1657.73
491,14,1,21,16,6,2766.54,42.97,2723.57
730,28,1,5,17,45,2080.35,6.21,2074.14
628,1,2,18,4,47,30660.45,140.14,30520.31
236,22,3,3,15,24,20948.4,41.68,20906.72
574,11,1,21,8,55,51166.5,92.83,51073.67
629,1,2,4,15,98,63930.3,121.98,63808.32
160,9,3,18,2,39,16890.9,37.34,16853.56
407,36,1,6,2,81,77073.93,145.45,76928.48
131,17,3,1,15,45,37808.55,207.76,37600.79
524,31,3,24,2,5,1144.1,32.92,1111.1799999999998
566,7,1,19,2,78,5304.780000000001,1.56,5303.22
560,11,1,17,8,80,74424.0,93.83,74330.17
217,24,1,3,17,93,59716.23,139.65,59576.58
51,11,2,4,15,27,25118.1,248.05,24870.05
472,24,1,24,2,60,38526.6,152.47,38374.13
16,14,2,21,8,91,41959.19,25.45,41933.74
302,22,2,15,2,44,38405.4,196.51,38208.89
333,23,2,12,17,49,48761.37,122.16,48639.21
536,21,3,25,2,67,4556.67,11.0,4545.67
730,28,2,18,17,34,1571.82,4.09,1567.73
304,28,2,4,16,64,2958.72,6.88,2951.84
91,22,2,10,17,40,34914.0,105.4,34808.6
405,1,1,1,8,15,9785.25,25.43,9759.82
467,30,2,4,16,1,431.82,6.04,425.78
157,4,2,17,8,47,17108.47,37.08,17071.39
49,23,3,4,2,87,86576.31,102.31,86474.0
282,5,3,15,15,48,31682.4,23.24,31659.16
444,36,2,24,8,43,40915.79,124.27,40791.52
149,36,2,10,4,52,49479.56,250.46,49229.1
630,23,2,11,15,81,80605.53,215.93,80389.6
94,21,1,25,4,25,21185.75,250.39,20935.36
512,14,2,21,15,92,42420.28,73.28,42347.0
730,16,3,17,17,97,63157.67,145.28,63012.39
291,30,1,18,8,71,30659.22,123.57,30535.65
730,16,3,19,17,28,18231.08,73.73,18157.35
489,14,1,17,15,52,23976.68,135.83,23840.85
413,14,1,23,8,54,24898.86,20.11,24878.75
581,3,2,12,17,81,31312.17,3.57,31308.6
346,3,2,10,4,67,25900.19,35.13,25865.06
242,16,3,21,16,99,64459.89,27.2,64432.69
157,23,3,7,15,29,28858.77,169.19,28689.58
343,14,3,25,15,74,34120.66,18.13,34102.53
543,30,1,24,15,27,11659.14,121.61,11537.53
588,22,1,7,2,21,18329.85,100.68,18229.17
14,13,3,1,8,10,8474.3,17.8,8456.5
200,13,2,19,2,88,74573.84,126.36,74447.48
475,24,3,15,8,90,57789.9,83.3,57706.6
553,16,3,4,16,99,64459.89,44.51,64415.38
224,13,3,12,16,7,5932.009999999999,22.25,5909.759999999999
441,13,2,1,16,67,56777.81,34.01,56743.8
176,3,1,11,4,99,38270.43,108.09,38162.34
51,13,3,25,15,46,38981.78,44.37,38937.41
631,28,3,6,15,41,1895.43,5.39,1890.04
174,36,1,4,4,90,85637.7,198.94,85438.76
520,16,1,5,16,45,29299.95,4.99,29294.96
125,1,1,10,16,8,5218.8,187.04,5031.76
632,17,3,7,4,99,83178.81000000001,75.34,83103.47000000002
268,43,2,25,16,85,22831.85,30.83,22801.02
38,14,2,17,15,7,3227.63,131.68,3095.95
301,7,1,5,2,49,3332.49,3.39,3329.1000000000004
255,15,3,19,2,32,22188.48,86.37,22102.11
200,4,1,19,15,84,30576.84,47.28,30529.56
547,9,2,9,8,34,14725.4,82.25,14643.15
471,16,1,21,4,83,54042.130000000005,153.63,53888.50000000001
370,11,2,8,15,38,35351.4,26.92,35324.48
730,21,2,14,4,70,45664.5,144.81,45519.69
66,28,1,14,2,85,3929.55,13.3,3916.25
633,14,3,11,4,89,41037.01,120.16,40916.84999999999
206,4,2,25,17,18,6552.18,90.35,6461.83
337,21,2,19,16,35,1618.05,4.16,1613.89
560,4,2,7,8,5,1820.05,101.3,1718.75
550,43,2,15,4,24,6446.64,57.42,6389.22
189,3,3,18,2,74,28606.18,33.73,28572.45
259,11,2,25,4,69,64190.7,249.33,63941.37
421,14,3,8,4,92,42420.28,77.71,42342.57
467,31,2,1,16,42,9610.44,43.94,9566.5
634,30,2,11,4,11,4750.02,121.01,4629.009999999999
364,24,3,7,4,61,39168.71,44.56,39124.15
635,11,3,12,17,65,60469.5,216.76,60252.74
730,9,2,19,16,98,42443.8,65.15,42378.65
501,36,3,14,4,60,57091.8,16.96,57074.84
20,31,2,12,2,89,20364.98,49.64,20315.34
512,14,3,17,16,9,4149.81,33.49,4116.32
331,7,2,19,8,35,2380.3500000000004,2.32,2378.03
375,43,3,11,15,84,22563.24,62.25,22500.99
143,43,3,17,2,23,6178.030000000001,52.39,6125.64
67,23,2,24,2,30,29853.9,201.75,29652.15
533,16,1,9,15,26,16928.86,163.93,16764.93
325,14,1,14,2,86,39653.74,19.73,39634.01
285,13,3,6,16,51,43218.93,15.9,43203.03
569,17,1,6,17,84,70575.96,26.04,70549.92000000001
730,5,2,7,4,88,58084.4,39.96,58044.44
500,23,2,17,15,83,82595.79,251.7,82344.09
348,1,1,6,15,49,31965.15,16.39,31948.76
636,28,1,9,17,94,4345.62,11.82,4333.8
190,22,2,1,17,64,55862.4,178.13,55684.27
637,15,1,17,17,68,47150.52,185.82,46964.7
14,11,1,5,8,79,73493.7,58.42,73435.28
564,15,3,4,17,34,23575.26,149.07,23426.19
147,7,2,11,8,23,1564.23,4.02,1560.21
638,36,3,15,15,53,50431.09,138.36,50292.73
520,7,2,7,15,18,1224.18,1.15,1223.03
277,23,1,5,15,48,47766.24,174.07,47592.17
730,15,1,17,2,42,29122.38,72.93,29049.45
289,13,1,7,15,11,9321.73,49.2,9272.53
473,4,1,23,4,45,16380.45,85.16,16295.29
730,3,1,6,2,40,15462.8,20.68,15442.12
147,22,3,17,16,95,82920.75,192.46,82728.29
219,14,3,1,8,94,43342.46,72.45,43270.01
602,23,2,19,16,8,7961.04,202.31,7758.73
308,17,1,17,4,66,55452.54,148.61,55303.93
639,16,3,12,15,82,53391.02,70.2,53320.82000000001
531,28,1,7,8,47,2172.81,8.31,2164.5
323,24,3,23,2,31,19905.41,190.74,19714.67
554,11,2,17,17,66,61399.8,22.81,61376.99
151,7,1,15,8,49,3332.49,10.81,3321.6800000000003
374,21,2,10,8,21,13699.35,58.19,13641.16
617,7,1,18,4,99,6732.990000000001,15.55,6717.4400000000005
529,1,3,15,2,4,2609.4,170.62,2438.78
208,21,2,9,2,52,45388.2,43.46,45344.740000000005
370,21,3,8,4,18,15711.3,57.25,15654.05
730,21,2,1,2,3,805.83,43.51,762.32
730,31,2,17,8,87,19907.34,0.67,19906.67
540,3,3,10,4,17,6571.69,32.38,6539.31
593,21,1,18,16,3,2520.57,159.18,2361.3900000000003
523,22,2,15,15,26,22694.1,93.36,22600.74
640,3,2,12,4,95,36724.15,109.21,36614.94
20,31,3,5,4,26,5949.32,58.66,5890.66
299,15,1,23,15,19,13174.41,48.04,13126.37
104,5,2,18,16,71,46863.55,74.47,46789.08
318,14,2,24,8,67,30893.03,49.69,30843.34
217,22,1,21,4,22,19202.7,138.92,19063.78
273,31,1,11,8,59,13500.38,19.0,13481.38
315,43,3,17,17,85,22831.85,23.66,22808.19
485,13,2,10,17,50,42371.5,217.61,42153.89
472,28,2,9,16,96,4438.08,1.51,4436.57
641,24,2,11,8,75,48158.25,167.43,47990.82
730,1,2,25,8,42,27398.7,129.86,27268.84
372,30,3,4,16,7,3022.74,16.47,3006.27
118,11,1,25,2,53,49305.9,204.66,49101.23999999999
415,28,2,25,16,18,832.14,0.37,831.77
173,43,1,24,8,82,22026.02,63.87,21962.15
563,21,1,19,8,38,16457.8,18.87,16438.93
730,9,3,23,16,44,19056.4,54.13,19002.27
35,21,2,7,2,1,268.61,65.79,202.82
58,23,2,6,2,44,43785.72,199.21,43586.51
332,43,2,6,16,13,3491.9300000000003,64.44,3427.49
408,43,1,21,17,36,9669.96,8.35,9661.61
542,9,2,4,4,100,43310.0,100.95,43209.05
410,5,2,19,4,47,31022.35,163.29,30859.06
201,3,1,9,8,20,7731.4,40.18,7691.219999999999
642,22,3,1,8,67,58480.95,54.58,58426.37
286,31,3,18,4,68,15559.76,11.47,15548.29
189,11,2,6,8,58,53957.4,117.96,53839.44
359,9,2,14,4,45,19489.5,44.04,19445.46
730,16,3,11,17,75,48833.25,135.01,48698.24
278,21,3,19,17,46,19863.72,28.54,19835.18
117,5,1,14,16,90,59404.49999999999,193.16,59211.33999999999
481,21,1,14,15,54,53737.02,195.96,53541.06
730,16,1,5,4,30,19533.3,4.48,19528.82
730,36,1,8,15,30,28545.9,25.43,28520.47
312,11,3,11,4,48,44654.4,64.93,44589.47
391,21,2,5,8,58,13271.56,40.92,13230.64
14,16,3,12,15,28,18231.08,133.74,18097.34
730,36,1,1,4,44,41867.32,22.05,41845.27
617,7,2,24,15,52,3536.5200000000004,6.5,3530.0200000000004
506,13,3,8,15,73,61862.39,252.98,61609.41
321,3,1,4,15,82,31698.74,56.5,31642.24
595,30,1,19,16,93,40159.26,77.19,40082.07
168,36,3,9,17,83,78976.98999999999,152.14,78824.84999999999
23,11,2,15,16,37,34421.1,217.4,34203.7
470,21,3,5,15,66,55452.54,45.22,55407.32
360,11,1,14,16,35,32560.5,175.93,32384.57
370,7,1,11,8,85,5780.85,14.3,5766.55
643,36,2,8,4,99,94201.47,57.56,94143.91
467,13,3,8,17,85,72031.55,194.48,71837.07
605,23,1,25,2,79,78615.27,235.81,78379.46
644,13,3,19,2,10,8474.3,37.45,8436.849999999999
730,23,2,10,2,38,37814.94,85.89,37729.05
298,21,3,9,16,14,13024.2,110.6,12913.6
219,43,1,21,4,66,17728.260000000002,73.61,17654.65
386,17,3,24,15,35,29406.65,35.54,29371.11
466,13,3,14,4,80,67794.4,208.25,67586.15
506,3,1,14,17,40,15462.8,101.2,15361.6
571,7,1,14,16,50,3400.5000000000005,10.77,3389.7300000000005
228,28,1,21,4,17,785.91,12.69,773.2199999999999
228,17,3,23,16,67,56292.73,180.43,56112.3
223,28,3,15,4,59,2727.57,1.18,2726.39
251,30,1,7,16,15,6477.3,12.46,6464.84
730,36,1,11,17,34,32352.02,43.79,32308.23
645,3,3,23,2,91,35177.87,32.57,35145.3
231,4,3,4,15,81,29484.81,39.94,29444.87
3,22,1,15,15,13,11347.05,66.06,11280.990000000002
134,1,1,7,15,65,42402.75,59.24,42343.51
128,16,3,25,4,14,9115.54,66.83,9048.71
116,11,3,3,2,7,6512.099999999999,14.42,6497.679999999999
560,16,1,3,4,1,651.11,174.25,476.86
343,23,1,23,15,47,46771.11,53.69,46717.42
264,7,1,10,17,18,1224.18,3.7,1220.48
213,23,2,8,17,17,16917.21,53.84,16863.37
300,11,2,17,4,62,57678.6,165.36,57513.24
69,5,1,21,17,34,22441.7,42.63,22399.07
345,9,2,23,8,15,6496.5,79.58,6416.92
24,13,2,25,2,20,16948.6,133.88,16814.719999999998
478,22,3,19,2,45,39278.25,33.79,39244.46
418,14,1,14,16,100,46109.0,39.54,46069.46
292,23,1,23,2,75,74634.75,61.9,74572.85
457,43,3,17,8,25,6715.25,25.53,6689.72
144,15,2,19,15,11,7627.29,165.26,7462.03
234,1,3,9,16,3,1957.05,48.95,1908.1
126,30,3,12,16,19,8204.58,9.05,8195.53
730,28,3,14,4,31,1433.13,11.74,1421.39
434,9,3,3,8,35,15158.5,78.14,15080.36
646,22,3,6,4,2,1745.7,201.58,1544.12
730,1,2,17,16,27,17613.45,6.82,17606.63
627,30,2,15,4,42,18136.44,17.94,18118.5
476,24,3,15,17,71,45589.81,8.79,45581.02
647,5,1,15,16,24,15841.2,79.11,15762.089999999998
97,15,2,11,15,55,38136.45,172.15,37964.3
456,21,3,15,4,22,5034.04,36.12,4997.92
76,30,1,24,2,46,19863.72,16.66,19847.06
67,22,3,7,15,38,33168.3,43.22,33125.08
187,11,3,24,2,27,25118.1,185.91,24932.19
84,4,1,11,8,62,22568.62,45.56,22523.06
374,1,3,12,4,2,1304.7,193.04,1111.66
528,24,1,3,4,83,53295.130000000005,148.08,53147.05
404,21,1,1,16,96,62506.56,41.45,62465.11
162,9,1,18,16,29,12559.9,118.64,12441.260000000002
561,36,1,7,17,37,35206.61,119.23,35087.38
155,15,2,15,16,82,56857.98,197.71,56660.27
503,15,2,21,4,47,32589.33,7.87,32581.46
520,21,2,19,17,82,69489.26,23.26,69466.0
594,4,3,1,15,70,25480.7,17.68,25463.02
403,22,1,1,17,23,20075.55,258.51,19817.04
415,3,3,21,4,96,37110.72,2.19,37108.53
294,24,1,24,15,95,61000.45,98.95,60901.50000000001
161,15,1,6,15,53,36749.67,33.74,36715.93
75,24,2,12,4,40,25684.4,176.4,25508.0
406,4,1,8,15,81,29484.81,107.05,29377.76
9,7,3,3,16,6,408.06000000000006,3.32,404.74000000000007
168,16,1,19,17,88,57297.68,92.3,57205.38
730,22,3,11,2,31,27058.35,164.42,26893.930000000004
406,14,2,10,2,18,8299.619999999999,22.35,8277.269999999999
648,15,2,15,17,99,68645.61,8.29,68637.32
598,22,3,3,2,32,27931.2,220.85,27710.35
255,17,3,21,4,87,73096.53,45.39,73051.14
163,21,2,6,16,5,3466.95,45.92,3421.03
341,21,3,3,15,17,15815.1,171.75,15643.35
187,31,2,11,8,58,13271.56,48.33,13223.23
538,4,1,10,4,19,6916.19,14.93,6901.259999999999
394,5,1,6,2,78,51483.9,184.73,51299.16999999999
56,16,3,21,4,36,23439.96,183.3,23256.66
357,4,3,9,17,33,12012.33,4.46,12007.87
649,17,3,12,2,43,36128.170000000006,26.49,36101.68000000001
38,23,2,24,8,26,25873.38,158.17,25715.210000000003
272,14,2,5,15,28,12910.52,38.52,12871.999999999998
500,14,3,4,16,23,10605.07,95.65,10509.42
375,28,2,11,8,48,2219.04,5.14,2213.9
58,24,3,1,2,2,1284.22,43.05,1241.17
318,43,2,24,16,18,4834.9800000000005,52.38,4782.6
6,16,3,6,2,87,56646.57,119.87,56526.7
495,4,1,19,2,40,14560.4,22.97,14537.43
650,21,1,25,17,59,38415.49,38.72,38376.77
651,23,3,23,4,89,88566.56999999999,25.52,88541.04999999999
274,30,2,8,8,8,3454.56,13.01,3441.55
730,9,1,23,8,50,21655.0,51.26,21603.74
10,5,3,12,2,77,50823.85,192.71,50631.14
303,3,3,19,17,58,22421.06,2.8,22418.26
628,31,2,18,2,40,9152.8,65.47,9087.33
401,36,1,19,2,99,94201.47,229.94,93971.53
612,4,1,7,16,90,32760.9,62.31,32698.59
635,23,1,15,2,18,17912.34,94.84,17817.5
570,17,1,4,8,67,56292.73,248.87,56043.86
730,3,1,5,4,20,7731.4,64.22,7667.179999999999
255,43,3,6,2,59,15847.990000000002,10.75,15837.240000000002
730,43,3,18,8,14,3760.54,78.48,3682.06
730,22,1,7,16,89,77683.65000000001,48.27,77635.38
305,1,3,10,16,70,45664.5,80.87,45583.63
94,21,2,19,17,85,39192.65,55.95,39136.7
364,4,3,3,16,44,16016.44,45.45,15970.989999999998
510,23,3,1,8,40,39805.2,209.93,39595.27
566,30,2,8,17,14,6045.48,79.44,5966.04
335,23,1,5,15,44,43785.72,78.07,43707.65
353,7,1,23,8,56,3808.56,17.56,3791.000000000001
367,36,2,24,16,97,92298.41,13.04,92285.37
652,43,2,8,2,76,20414.36,63.51,20350.85
653,4,3,1,8,8,2912.08,85.07,2827.01
121,3,1,19,4,43,16622.51,101.27,16521.239999999998
654,7,2,21,2,71,4828.71,9.9,4818.81
206,21,1,7,2,67,66673.71,34.67,66639.04000000001
14,30,1,11,15,75,32386.5,82.9,32303.6
655,31,3,6,4,75,17161.5,11.65,17149.85
531,15,1,23,17,39,27042.21,11.1,27031.11
546,31,1,1,2,33,7551.059999999999,31.96,7519.099999999999
730,28,1,10,2,87,4022.01,8.05,4013.96
162,28,1,6,2,58,2681.34,7.25,2674.09
433,5,3,15,4,72,47523.6,179.24,47344.36
730,21,3,7,15,49,11212.18,35.52,11176.66
472,7,3,21,4,10,680.1,15.44,664.66
39,23,2,24,2,37,36819.81,133.85,36685.96
656,28,3,5,2,38,1756.7399999999998,11.72,1745.0199999999998
529,21,1,15,15,81,68641.83,137.12,68504.71
657,16,2,10,17,82,53391.02,113.53,53277.490000000005
439,14,3,5,4,99,45647.91,108.8,45539.10999999999
95,9,1,18,16,6,2598.6000000000004,74.72,2523.880000000001
656,21,1,10,17,84,71184.12,176.66,71007.45999999999
290,11,1,18,15,62,57678.6,160.08,57518.52
46,17,3,4,17,41,34447.79,28.73,34419.06
348,21,2,19,16,19,8760.71,32.66,8728.05
324,16,1,23,4,81,52739.91,34.13,52705.780000000006
141,17,1,25,2,73,61333.87,166.67,61167.2
408,17,1,3,4,73,61333.87,232.7,61101.170000000006
138,17,2,3,16,20,16803.800000000003,224.93,16578.870000000003
385,36,1,7,17,25,23788.25,74.77,23713.48
523,4,2,24,17,57,20748.57,15.65,20732.92
564,3,1,8,17,47,18168.79,91.62,18077.17
496,28,1,8,15,45,2080.35,3.74,2076.61
647,4,3,25,4,86,31304.86,40.47,31264.39
457,5,1,12,15,77,50823.85,83.48,50740.37
368,13,1,4,4,80,67794.4,252.47,67541.93
608,17,1,12,2,6,5041.14,51.84,4989.3
64,1,1,3,8,26,16961.100000000002,105.36,16855.74
730,31,3,1,2,12,2745.84,67.04,2678.8
132,1,2,7,15,7,4566.45,139.63,4426.82
555,31,2,5,8,73,16703.86,44.26,16659.600000000002
272,3,2,6,16,94,36337.58,78.01,36259.57
614,4,3,4,16,3,1092.03,40.97,1051.06
57,17,2,18,16,90,75617.1,55.59,75561.51000000001
243,22,2,9,17,52,45388.2,70.31,45317.89000000001
109,22,2,14,17,51,44515.35,257.32,44258.03
482,11,2,10,16,78,72563.4,86.59,72476.81
38,17,3,7,8,56,47050.64,238.48,46812.16
344,36,2,18,16,74,70413.22,157.96,70255.26
611,31,1,3,2,51,11669.82,63.28,11606.54
388,24,2,18,8,60,38526.6,73.05,38453.55
414,21,1,24,4,13,11347.05,240.56,11106.490000000002
730,22,2,5,16,95,82920.75,8.64,82912.11
610,9,3,21,2,86,37246.6,113.36,37133.24
279,43,3,19,8,28,7521.08,48.24,7472.84
100,13,1,1,8,58,49150.94,132.2,49018.74
526,21,2,10,16,68,24752.68,89.99,24662.69
571,11,1,25,17,85,79075.5,124.66,78950.84
214,11,3,12,4,47,43724.1,61.93,43662.17
17,36,2,21,17,12,11418.36,261.6,11156.76
730,36,1,23,4,37,35206.61,23.91,35182.7
632,15,1,12,4,55,38136.45,108.31,38028.14
262,7,3,24,17,73,4964.7300000000005,12.98,4951.750000000001
325,1,2,10,8,19,12394.65,114.74,12279.91
408,36,2,1,2,6,5709.18,230.88,5478.3
610,9,3,7,4,19,8228.9,101.47,8127.429999999999
319,11,1,19,16,23,21396.9,234.65,21162.25
658,43,3,4,16,36,9669.96,6.02,9663.94
124,9,2,14,17,12,5197.200000000001,83.82,5113.380000000001
352,5,3,15,2,50,33002.5,116.49,32886.01
227,22,1,18,4,72,62845.2,169.0,62676.2
242,11,2,5,16,80,74424.0,89.98,74334.02
232,11,3,25,15,76,70702.8,145.74,70557.06
509,11,1,25,16,83,77214.9,266.91,76947.98999999999
630,30,1,18,15,38,16409.16,69.5,16339.66
635,4,1,3,17,61,22204.61,22.51,22182.1
172,4,3,8,4,87,31668.87,86.99,31581.88
730,1,1,11,17,63,41098.05,30.52,41067.530000000006
436,15,2,17,8,81,56164.59,34.98,56129.60999999999
240,21,1,23,8,75,3467.2499999999995,1.65,3465.5999999999995
170,3,1,9,4,13,5025.41,23.37,5002.04
236,13,2,21,16,26,22033.18,79.46,21953.72
300,14,1,24,17,93,42881.37,105.43,42775.94
401,16,2,9,16,46,29951.06,65.52,29885.54
362,36,3,24,2,34,32352.02,198.84,32153.18
586,43,3,24,16,35,9401.35,77.11,9324.24
317,13,2,21,2,47,39829.21,100.73,39728.48
217,21,3,14,4,25,21821.25,73.57,21747.68
377,9,1,17,8,81,35081.1,50.94,35030.16
730,24,2,1,15,23,14768.53,115.81,14652.72
730,5,2,17,17,91,60064.55,31.74,60032.81
561,7,3,1,15,55,3740.55,19.27,3721.28
113,17,1,24,8,82,68895.58,48.51,68847.07
630,16,3,4,4,62,40368.82,123.19,40245.63
600,15,2,24,16,26,18028.14,20.06,18008.079999999998
16,22,3,15,15,57,49752.45,2.34,49750.11000000001
106,43,1,11,4,81,21757.41,45.48,21711.93
104,24,2,17,2,57,36600.27,130.19,36470.08
405,9,2,4,4,89,38545.9,33.58,38512.32
659,30,3,21,16,78,33681.96,49.08,33632.88
397,24,3,24,2,21,13484.31,110.88,13373.43
125,21,3,10,4,70,69659.1,291.22,69367.88
171,21,3,17,16,4,2773.56,96.75,2676.81
239,36,2,12,15,58,55188.74,273.27,54915.47
172,17,2,21,15,55,46210.45,249.08,45961.37
730,28,3,9,8,78,3605.94,3.05,3602.89
256,16,2,6,8,71,46228.81,59.57,46169.24
644,14,3,5,4,37,17060.329999999998,62.67,16997.66
478,31,1,7,8,7,1601.74,35.83,1565.91
600,23,3,18,2,14,13931.82,222.23,13709.59
422,36,2,8,16,51,48528.03,189.42,48338.61
730,22,2,25,2,8,6982.8,121.48,6861.320000000001
611,7,1,1,15,20,1360.2,7.62,1352.5800000000002
236,13,1,21,8,96,81353.28,47.53,81305.75
430,4,3,19,15,36,13104.36,11.72,13092.64
46,11,1,18,8,48,44654.4,144.54,44509.85999999999
730,15,2,5,4,73,50617.47,87.44,50530.03
352,28,3,9,4,25,1155.75,8.71,1147.04
396,28,2,3,17,12,554.76,1.65,553.11
7,31,1,4,4,67,15330.94,41.97,15288.97
214,1,2,15,8,5,3261.75,34.74,3227.01
267,5,2,10,16,25,16501.25,56.14,16445.11
660,24,1,6,15,40,25684.4,26.87,25657.53
251,23,2,11,4,18,17912.34,231.98,17680.36
594,36,2,5,17,11,10466.83,248.02,10218.81
304,9,3,5,8,53,22954.300000000003,21.45,22932.85
730,14,3,12,16,5,2305.45,109.08,2196.37
77,21,2,9,15,77,35503.93,69.17,35434.76
661,16,3,12,15,45,29299.95,143.67,29156.28
441,23,2,24,2,30,29853.9,55.67,29798.230000000003
482,17,1,11,8,31,26045.890000000003,202.99,25842.9
330,5,3,4,2,87,57424.35,168.99,57255.36
635,15,2,11,17,17,11787.63,181.67,11605.96
380,1,2,5,16,17,11089.95,13.58,11076.37
314,7,1,10,2,88,5984.88,19.5,5965.38
90,1,1,23,4,68,44359.8,21.21,44338.59
479,21,1,3,8,65,29970.85,135.32,29835.53
282,30,2,12,16,52,22454.64,79.54,22375.1
484,21,3,1,16,59,40910.01,120.49,40789.52
96,36,2,9,2,63,59946.39,167.82,59778.57
405,13,1,4,8,61,51693.23,174.04,51519.19
730,15,1,15,15,92,63791.88,173.66,63618.22
192,31,3,9,16,29,6635.78,55.46,6580.32
730,1,3,18,8,3,1957.05,153.08,1803.9700000000005
662,17,1,25,8,9,7561.710000000001,80.52,7481.19
498,11,1,8,2,83,77214.9,236.95,76977.95
59,22,3,9,4,72,62845.2,74.49,62770.71000000001
644,30,1,21,4,45,19431.9,24.11,19407.79
183,14,2,18,15,92,42420.28,57.74,42362.54
66,13,1,19,16,80,67794.4,247.06,67547.34
663,22,1,24,15,80,69828.0,100.82,69727.18
193,16,2,6,8,18,11719.98,52.18,11667.8
230,16,1,9,17,54,35159.94,177.95,34981.990000000005
221,9,2,19,4,37,16024.7,31.37,15993.33
112,17,3,19,17,90,75617.1,197.19,75419.91
730,43,3,19,4,45,12087.45,67.31,12020.14
135,11,2,3,4,99,92099.7,173.61,91926.09
617,22,3,5,8,2,1745.7,244.91,1500.79
563,21,2,7,2,63,58608.9,32.83,58576.06999999999
306,21,1,19,8,35,2380.3500000000004,0.13,2380.2200000000003
388,28,1,10,8,89,4114.469999999999,2.18,4112.289999999999
472,21,3,1,8,21,14561.19,31.65,14529.54
730,21,1,8,15,64,41671.04,177.36,41493.68
534,7,2,24,2,34,2312.34,8.53,2303.81
664,24,1,23,15,57,36600.27,75.0,36525.27
730,30,1,5,4,73,31522.86,38.45,31484.41
230,16,2,24,2,64,41671.04,148.91,41522.13
665,15,3,24,17,12,8320.68,99.14,8221.54
489,22,1,11,16,9,7855.650000000001,156.1,7699.55
71,5,3,7,15,20,13201.0,24.69,13176.31
534,14,1,25,4,80,36887.2,40.12,36847.08
730,13,3,23,4,80,67794.4,23.66,67770.73999999999
658,21,2,19,17,62,26772.84,125.14,26647.7
463,28,1,9,8,77,3559.71,2.65,3557.0599999999995
644,21,2,1,8,48,44654.4,25.22,44629.17999999999
350,28,1,12,2,59,2727.57,11.51,2716.0599999999995
730,43,1,15,16,50,13430.5,45.09,13385.41
666,17,3,1,2,8,6721.52,179.66,6541.860000000001
730,21,3,11,2,81,52010.91,56.15,51954.76
667,31,2,25,4,29,6635.78,41.61,6594.17
53,36,3,17,15,25,23788.25,99.5,23688.75
160,14,1,5,4,92,42420.28,68.91,42351.37
600,5,1,8,16,23,15181.15,169.1,15012.05
212,23,1,9,4,31,30849.03,15.25,30833.78
668,13,2,7,16,8,6779.44,109.16,6670.28
451,36,2,8,17,17,16176.01,224.72,15951.29
92,21,3,9,2,41,18904.69,135.59,18769.1
730,7,2,9,16,46,3128.46,4.25,3124.21
730,3,2,11,4,90,34791.3,100.43,34690.87
160,4,2,21,4,18,6552.18,92.33,6459.85
607,4,3,9,15,11,4004.11,41.89,3962.22
1,4,2,10,17,62,22568.62,63.2,22505.42
294,16,1,23,15,70,45577.7,125.2,45452.50000000001
669,24,1,7,15,69,44305.59,120.57,44185.02
473,7,2,12,17,100,6801.000000000001,10.7,6790.300000000001
730,4,1,23,8,98,35672.98,37.87,35635.10999999999
285,17,2,25,16,59,49571.21000000001,76.67,49494.54000000001
59,22,2,10,15,22,19202.7,135.89,19066.81
207,31,3,4,17,7,1601.74,20.9,1580.84
651,14,2,14,4,17,7838.53,84.48,7754.05
463,17,3,23,2,24,20164.56,151.03,20013.53
320,13,1,12,4,12,10169.16,139.24,10029.92
326,14,2,23,16,35,16138.15,42.25,16095.9
238,13,1,17,15,19,16101.169999999998,191.14,15910.03
670,16,1,23,17,59,38415.49,15.44,38400.05
93,14,2,15,15,51,23515.59,11.64,23503.95
555,11,1,23,2,40,37212.0,177.21,37034.79
546,3,1,21,2,64,24740.48,59.1,24681.38
266,31,3,3,4,84,19220.88,32.14,19188.74
632,21,3,6,4,51,33662.55,141.92,33520.63
462,5,3,15,2,40,26402.0,123.77,26278.23
608,16,1,14,17,36,23439.96,111.26,23328.7
730,3,3,5,8,15,5798.55,49.17,5749.38
438,5,3,17,2,13,8580.65,119.23,8461.42
529,14,1,24,8,63,29048.67,114.83,28933.84
355,4,3,7,17,68,24752.68,56.97,24695.71
251,23,2,6,16,29,28858.77,262.39,28596.38
351,23,3,1,16,39,38810.07,15.9,38794.17
730,23,3,12,4,81,80605.53,115.14,80490.39
295,23,3,5,17,27,26868.51,132.59,26735.92
216,17,2,5,4,71,59653.490000000005,228.6,59424.89000000001
259,43,3,8,2,67,17996.870000000003,25.92,17970.950000000004
443,43,3,5,15,65,17459.65,60.75,17398.9
475,11,3,7,8,85,79075.5,89.1,78986.4
186,4,3,4,16,26,9464.26,59.1,9405.16
47,21,2,9,4,39,32767.410000000003,147.37,32620.040000000005
163,31,3,23,2,85,19449.7,3.08,19446.62
331,43,3,23,17,42,11281.62,64.93,11216.69
442,3,3,5,17,26,10050.82,31.75,10019.07
382,14,3,25,15,39,17982.51,106.07,17876.44
360,7,3,8,16,65,4420.650000000001,15.78,4404.870000000001
78,15,1,1,17,52,36056.28,144.61,35911.67
671,30,2,11,16,79,34113.78,1.2,34112.58
149,43,2,5,17,91,24443.51,39.0,24404.51
414,14,2,9,2,74,34120.66,102.07,34018.59
595,5,3,5,4,11,7260.549999999999,182.5,7078.049999999999
588,23,1,18,4,2,1990.26,189.2,1801.06
612,36,2,11,15,36,34255.08,97.98,34157.1
495,16,2,23,15,94,61204.34,169.33,61035.01
193,36,3,7,15,63,59946.39,240.9,59705.49
434,14,2,6,16,60,27665.4,110.2,27555.2
468,21,1,18,2,33,28804.05,193.27,28610.78
171,4,3,18,2,17,6188.17,27.2,6160.97
438,5,3,23,2,85,56104.24999999999,101.54,56002.70999999999
454,21,2,12,17,95,82920.75,145.67,82775.08
628,4,2,12,17,53,19292.53,60.72,19231.81
435,1,2,14,17,69,45012.15,57.06,44955.09
421,31,1,18,15,48,10983.36,31.92,10951.44
278,13,3,1,8,6,5084.58,76.37,5008.21
730,13,2,7,17,36,30507.48,87.18,30420.3
63,17,2,17,4,72,60493.68000000001,69.33,60424.350000000006
541,24,3,25,8,66,42379.26,62.9,42316.36
485,4,2,19,8,63,22932.63,16.77,22915.86
105,17,2,18,17,19,15963.61,109.72,15853.89
303,14,2,23,4,12,5533.08,116.86,5416.22
260,28,1,25,8,40,1849.2,8.87,1840.33
318,14,1,25,16,33,15215.97,130.12,15085.85
500,1,3,4,4,12,7828.200000000001,114.1,7714.1
481,21,1,1,8,68,44275.48,28.06,44247.420000000006
232,3,1,6,2,56,21647.92,16.76,21631.16
730,5,3,3,2,10,6600.5,114.65,6485.85
462,28,1,19,8,23,1063.29,3.29,1060.0
558,22,1,1,8,72,62845.2,252.71,62592.490000000005
549,14,3,19,4,91,41959.19,50.86,41908.33
121,22,1,24,15,70,61099.5,113.42,60986.08
391,17,1,3,8,6,5041.14,9.22,5031.92
502,7,2,7,2,92,6256.92,0.22,6256.7
660,13,1,10,4,47,39829.21,196.84,39632.37
432,5,2,23,15,74,48843.7,121.6,48722.1
730,13,3,8,2,71,60167.53,247.33,59920.2
62,28,1,7,16,50,2311.5,7.99,2303.51
672,43,1,17,15,38,10207.18,40.12,10167.06
251,21,1,10,15,36,16599.239999999998,6.39,16592.85
263,4,1,19,2,7,2548.07,37.62,2510.45
673,14,2,7,8,67,30893.03,103.12,30789.91
592,4,3,12,16,55,20020.55,45.24,19975.31
730,36,1,21,4,40,38061.2,211.74,37849.46
674,21,1,24,8,83,69735.77,71.05,69664.72
635,31,3,6,17,96,21966.72,43.03,21923.69
52,3,2,18,4,79,30539.03,60.33,30478.7
604,5,1,10,8,42,27722.1,178.96,27543.14
675,17,1,25,15,64,53772.16,251.93,53520.23
145,43,2,8,4,95,25517.95,14.48,25503.47
411,24,1,4,16,63,40452.93,51.93,40401.0
676,13,3,4,4,39,33049.77,4.85,33044.92
283,13,2,21,2,25,21185.75,230.26,20955.49
529,23,1,5,16,65,64683.45,0.59,64682.86
68,22,1,25,8,86,75065.1,9.77,75055.33
599,30,1,10,16,65,28068.3,86.67,27981.63
677,31,1,7,8,1,228.82,35.29,193.53
501,3,2,18,16,55,21261.35,104.17,21157.18
676,5,3,23,17,10,6600.5,30.95,6569.55
730,31,1,3,15,53,12127.46,41.48,12085.98
40,21,1,5,16,5,2165.5,83.44,2082.06
283,30,1,9,4,59,25477.38,30.66,25446.72
109,1,2,25,17,68,44359.8,130.4,44229.4
407,23,3,25,15,18,17912.34,126.54,17785.8
130,43,1,24,16,16,4297.76,72.83,4224.93
122,14,1,15,4,18,8299.619999999999,97.13,8202.49
302,30,2,18,16,64,27636.48,118.37,27518.11
263,28,2,7,16,72,3328.56,8.98,3319.58
730,5,2,14,17,22,14521.1,122.4,14398.7
403,36,3,3,2,2,1903.06,214.3,1688.76
81,11,1,1,17,39,36281.7,112.21,36169.49
273,21,3,24,15,15,693.4499999999999,11.34,682.1099999999999
376,9,1,9,16,75,32482.5,84.87,32397.63
372,28,2,18,17,5,231.15,12.88,218.27
19,36,1,25,8,50,47576.5,132.89,47443.61
108,31,1,8,15,11,2517.02,14.8,2502.22
288,30,1,1,4,69,29795.58,7.85,29787.73
184,24,3,18,17,15,9631.65,81.51,9550.14
30,22,3,3,8,74,64590.9,134.4,64456.5
63,22,1,8,8,78,68082.3,131.93,67950.37000000001
678,15,3,4,15,24,16641.36,181.18,16460.18
730,16,1,3,16,65,42322.15,28.55,42293.6
594,23,3,9,2,49,48761.37,105.63,48655.740000000005
679,9,2,5,16,51,22088.1,76.55,22011.550000000003
208,23,3,3,16,90,89561.7,222.06,89339.64
678,5,1,11,15,77,50823.85,64.09,50759.76
730,15,3,17,4,53,36749.67,80.17,36669.5
80,23,2,7,16,9,8956.17,188.67,8767.5
240,28,3,15,16,17,785.91,0.01,785.9
680,21,2,21,4,67,30893.03,3.4,30889.63
99,30,2,1,15,88,38000.16,45.25,37954.91
473,31,2,23,17,4,915.28,45.7,869.5799999999999
101,28,2,18,16,67,3097.41,0.73,3096.68
137,21,2,25,4,86,3975.78,9.14,3966.64
100,21,2,17,4,12,10474.2,16.73,10457.47
343,23,3,23,4,8,7961.04,60.34,7900.7
730,1,3,25,4,19,12394.65,191.44,12203.21
73,4,2,10,2,69,25116.69,65.16,25051.53
482,1,1,12,16,94,61320.9,103.71,61217.19
681,11,2,7,2,89,82796.7,116.95,82679.75
730,11,2,17,4,49,45584.7,83.16,45501.53999999999
730,11,1,25,15,96,89308.79999999999,128.03,89180.76999999999
545,13,2,12,15,84,71184.12,22.29,71161.83
104,30,1,25,17,96,41454.72,26.11,41428.61
274,16,3,8,4,46,29951.06,154.61,29796.45
618,9,1,6,4,64,27718.4,15.54,27702.86
354,5,1,5,17,48,31682.4,117.05,31565.35
82,11,1,21,17,6,5581.799999999999,173.23,5408.57
478,4,2,21,15,19,6916.19,2.19,6914.0
594,4,3,19,15,26,9464.26,66.17,9398.09
530,23,2,8,8,85,84586.05,114.8,84471.25
81,28,1,4,16,32,1479.36,11.29,1468.07
85,22,2,14,8,5,4364.25,208.43,4155.82
154,5,3,7,2,22,14521.1,42.91,14478.19
8,14,1,25,8,88,40575.92,106.75,40469.17
325,17,2,6,15,69,57973.11,25.25,57947.86
730,30,1,15,8,29,12522.78,43.33,12479.45
93,24,1,15,15,53,34031.83,184.3,33847.53
504,43,2,3,17,25,6715.25,2.1,6713.15
232,15,2,9,16,35,24268.65,98.15,24170.5
667,43,1,3,8,33,8864.130000000001,16.97,8847.160000000002
67,31,2,25,8,16,3661.12,44.93,3616.19
496,36,3,11,4,43,40915.79,205.66,40710.13
359,4,3,9,17,4,1456.04,1.26,1454.78
502,24,2,4,17,60,38526.6,174.05,38352.55
130,13,1,9,15,20,16948.6,122.45,16826.149999999998
423,23,1,15,17,64,63688.32,238.62,63449.7
335,28,1,6,15,81,3744.63,3.45,3741.18
69,31,1,4,17,42,9610.44,28.82,9581.62
1,21,1,14,17,63,40452.93,52.63,40400.3
75,16,1,8,15,34,22137.74,66.68,22071.06
682,31,2,18,2,59,13500.38,2.9,13497.48
97,28,1,1,16,85,3929.55,5.13,3924.42
364,16,2,25,16,51,33206.61,15.56,33191.05
45,13,3,10,4,55,46608.65,99.47,46509.17999999999
238,13,3,15,16,22,18643.46,194.87,18448.59
44,9,2,21,16,36,15591.6,65.26,15526.34
162,21,1,4,17,72,19339.92,26.23,19313.69
299,9,2,3,15,28,12126.8,11.95,12114.85
168,4,2,11,8,36,13104.36,11.67,13092.69
534,15,1,14,15,39,27042.21,74.79,26967.42
633,16,3,15,2,3,1953.33,138.69,1814.64
330,1,3,3,15,15,9785.25,122.48,9662.77
1,1,2,11,2,7,4566.45,50.43,4516.02
405,5,1,18,4,45,29702.25,66.36,29635.89
69,11,2,25,16,94,87448.2,84.68,87363.52
478,15,3,6,4,33,22881.87,91.81,22790.06
603,21,2,17,8,27,11693.7,15.25,11678.45
291,23,2,6,15,76,75629.88,171.51,75458.37000000001
121,43,1,17,2,8,2148.88,25.98,2122.9
730,22,2,15,17,51,44515.35,20.66,44494.69
4,21,2,23,2,4,1546.28,52.55,1493.73
730,17,3,8,17,36,30246.840000000004,208.68,30038.160000000003
250,15,3,12,4,16,11094.24,61.84,11032.4
454,17,2,1,4,89,74776.91,204.43,74572.48000000001
552,43,3,17,8,9,2417.49,10.68,2406.8100000000004
228,17,2,3,15,67,56292.73,61.98,56230.75
340,22,2,6,15,76,66336.6,105.77,66230.83
543,13,2,7,8,34,28812.62,167.88,28644.74
730,22,3,18,15,45,39278.25,246.0,39032.25
730,21,3,4,8,4,1074.44,44.04,1030.4
221,28,3,12,15,3,138.69,13.58,125.11
390,11,2,21,15,57,53027.1,41.78,52985.32
730,21,1,9,16,76,75629.88,103.44,75526.44
376,15,3,8,15,84,58244.76,103.67,58141.09
589,21,3,9,15,26,1768.2600000000002,3.1,1765.1600000000003
127,31,3,10,16,34,7779.88,19.11,7760.77
325,5,3,19,2,33,21781.65,11.1,21770.55
463,1,2,25,17,17,11089.95,81.11,11008.84
642,14,2,7,17,99,45647.91,125.52,45522.39
174,36,1,12,15,74,70413.22,16.56,70396.66
267,5,2,11,2,45,29702.25,106.72,29595.529999999995
412,9,3,5,17,20,8662.0,88.78,8573.22
135,28,1,14,8,95,4391.849999999999,12.37,4379.48
291,17,1,1,15,67,56292.73,226.75,56065.98
79,36,3,18,2,38,36158.14,238.55,35919.59
517,24,1,24,17,37,23758.07,42.27,23715.8
730,14,1,24,15,45,20749.05,26.21,20722.84
233,16,3,11,15,16,10417.76,9.24,10408.52
529,5,2,11,16,58,38282.9,104.9,38177.99999999999
415,3,1,5,16,62,23967.34,104.21,23863.13
280,43,3,17,17,5,1343.0500000000002,55.01,1288.0400000000002
490,24,3,10,2,52,33389.72,157.85,33231.87
394,28,2,24,15,52,2403.96,2.09,2401.87
236,30,2,5,4,17,7340.94,48.85,7292.089999999999
320,31,2,23,17,80,18305.6,33.23,18272.37
683,14,1,5,2,53,24437.77,44.77,24393.0
288,7,2,15,16,77,5236.77,5.63,5231.14
3,22,1,17,15,25,21821.25,140.13,21681.12
730,28,3,5,17,30,1386.9,12.63,1374.2699999999998
541,23,2,21,16,57,56722.41,240.63,56481.78
451,14,2,23,16,91,41959.19,38.88,41920.31
63,28,3,6,15,79,3652.17,0.14,3652.03
417,3,3,1,17,39,15076.23,52.55,15023.68
317,31,2,11,4,6,1372.92,34.69,1338.23
152,23,3,24,2,81,80605.53,0.41,80605.12
403,30,3,14,17,52,22454.64,70.43,22384.21
255,21,3,12,15,73,47621.55,30.67,47590.880000000005
461,15,2,24,16,68,47150.52,25.48,47125.03999999999
226,31,1,24,16,9,2059.38,44.99,2014.39
213,28,3,4,8,45,2080.35,7.19,2073.16
133,22,1,15,8,66,57608.1,28.44,57579.66
207,43,1,25,2,97,26055.17,20.29,26034.88
94,3,1,11,17,99,38270.43,83.6,38186.83
269,13,3,5,16,73,61862.39,111.82,61750.57
730,15,3,1,17,30,20801.7,124.41,20677.29
553,21,1,7,17,3,1980.15,105.85,1874.3
651,28,3,4,16,100,4623.0,7.01,4615.99
145,16,2,25,16,49,31904.39,58.77,31845.62
479,14,2,12,4,25,11527.25,46.84,11480.41
679,13,3,12,15,10,8474.3,35.56,8438.74
675,3,2,19,15,47,18168.79,53.81,18114.98
273,15,3,6,15,77,53391.03,165.3,53225.73
307,11,1,14,15,13,12093.9,158.3,11935.6
437,13,2,19,4,19,16101.169999999998,90.33,16010.839999999998
23,21,1,19,17,31,19905.41,65.48,19839.93
730,3,3,23,8,32,12370.24,20.7,12349.54
512,31,1,3,17,93,21280.26,6.46,21273.8
505,22,1,14,15,31,27058.35,92.12,26966.230000000003
97,1,2,8,17,18,11742.3,99.74,11642.56
730,43,2,1,17,3,805.83,15.07,790.76
234,28,1,14,15,91,4206.929999999999,3.19,4203.74
56,11,2,15,4,84,78145.2,189.54,77955.66
460,9,2,19,8,71,30750.1,29.68,30720.42
40,13,3,17,16,59,49998.37,241.41,49756.95999999999
604,1,2,8,16,57,37183.95,161.94,37022.01
64,30,2,7,17,99,42750.18,100.77,42649.41
414,13,3,5,16,72,61014.96,50.84,60964.12
186,24,3,14,8,46,29537.06,181.34,29355.72
572,15,1,25,15,95,65872.05,170.62,65701.43000000001
344,21,3,5,8,86,37246.6,51.79,37194.81
354,16,1,18,17,92,59902.12,115.31,59786.810000000005
19,15,1,1,15,78,54084.42,21.18,54063.24
499,5,1,25,16,57,37622.85,125.92,37496.93
684,28,3,9,2,54,2496.42,13.21,2483.21
730,15,3,19,2,26,18028.14,99.19,17928.95
341,5,2,6,15,93,61384.65,15.73,61368.91999999999
685,36,3,9,15,10,9515.3,106.91,9408.39
423,9,3,7,17,82,35514.200000000004,126.62,35387.58
436,5,2,11,8,77,50823.85,196.39,50627.46
659,21,1,9,15,63,16922.43,6.85,16915.58
498,36,2,18,15,77,73267.81,5.04,73262.77
730,23,2,24,15,56,55727.28,223.35,55503.93
90,15,3,11,15,61,42296.79,87.63,42209.16
331,7,1,10,4,93,6324.93,14.43,6310.5
579,31,2,6,2,29,6635.78,22.94,6612.84
227,30,2,17,15,44,19000.08,14.37,18985.71
517,23,1,3,16,12,11941.56,271.72,11669.84
142,21,1,14,15,20,13047.0,86.76,12960.24
495,17,3,1,8,10,8401.900000000001,157.89,8244.010000000002
404,21,1,24,2,75,32386.5,32.38,32354.12
686,36,2,5,8,46,43770.38,250.76,43519.62
536,23,2,17,4,49,48761.37,8.93,48752.44
370,9,2,3,2,12,5197.200000000001,47.67,5149.530000000001
551,15,1,17,15,49,33976.11,169.97,33806.14
51,22,1,21,16,59,51498.15,103.09,51395.060000000005
165,36,1,24,2,49,46624.97,52.18,46572.79
146,43,1,9,4,60,16116.6,10.2,16106.4
268,3,2,21,4,8,3092.56,114.25,2978.31
730,21,1,18,2,30,19801.5,184.38,19617.12
406,21,1,3,2,45,29355.75,9.34,29346.41
403,15,3,8,16,9,6240.51,55.26,6185.25
730,21,3,3,2,4,915.28,10.62,904.66
4,24,3,1,4,35,22473.85,93.39,22380.460000000003
507,24,1,7,15,60,38526.6,21.76,38504.84
164,9,2,11,4,27,11693.7,64.18,11629.52
532,28,2,3,16,18,832.14,6.18,825.96
20,22,1,5,4,94,82047.90000000001,243.71,81804.19
619,21,2,12,4,5,4975.65,295.18,4680.469999999999
129,31,1,1,16,35,8008.7,46.39,7962.309999999999
356,22,2,18,15,74,64590.9,211.5,64379.4
591,28,2,1,2,92,4253.16,8.94,4244.22
222,5,3,5,2,83,54784.15,70.66,54713.48999999999
190,9,1,12,4,22,9528.2,17.21,9510.990000000002
730,3,2,9,2,14,5411.98,53.0,5358.98
203,24,3,19,2,80,51368.8,39.55,51329.25
624,23,2,4,8,57,56722.41,275.07,56447.34
185,24,2,18,8,77,49442.47,187.38,49255.09
543,14,3,7,16,35,16138.15,26.61,16111.54
452,3,2,19,15,64,24740.48,38.36,24702.12
217,15,1,15,8,41,28428.99,68.84,28360.15
352,15,1,3,17,84,58244.76,32.33,58212.43
687,36,1,24,16,39,37109.67,98.86,37010.81
84,13,1,25,16,98,83048.14,106.31,82941.83
330,11,2,14,8,40,37212.0,42.16,37169.84
730,13,2,1,4,28,23728.04,112.02,23616.02
452,28,1,9,17,21,970.83,12.39,958.44
146,7,3,3,2,57,3876.57,4.16,3872.41
89,36,1,7,15,95,90395.35,251.62,90143.73
278,5,3,21,2,24,15841.2,109.52,15731.679999999998
304,9,1,23,17,6,2598.6000000000004,92.8,2505.8
169,24,3,9,17,24,15410.64,28.03,15382.61
218,16,3,17,2,48,31253.28,154.73,31098.55
644,7,3,25,16,39,2652.3900000000003,14.29,2638.1000000000004
664,1,3,17,8,68,44359.8,18.56,44341.240000000005
543,3,3,24,2,67,25900.19,14.57,25885.62
453,15,3,19,8,55,38136.45,157.97,37978.48
120,17,1,10,15,35,29406.65,176.43,29230.22
688,3,1,10,15,31,11983.67,39.53,11944.14
376,43,2,19,2,96,25786.56,23.82,25762.74
730,21,3,5,4,39,10475.79,48.9,10426.89
446,21,3,25,16,13,3491.9300000000003,5.84,3486.09
532,1,1,8,17,73,47621.55,93.37,47528.18
26,13,3,17,16,39,33049.77,248.03,32801.74
265,36,2,12,17,85,80880.05,99.5,80780.55
730,7,2,7,4,81,5508.81,15.44,5493.370000000001
547,4,1,9,15,85,30940.85,24.39,30916.46
236,3,2,19,8,88,34018.16,90.66,33927.49999999999
665,14,2,3,16,10,4610.9,127.2,4483.7
557,36,3,1,15,62,58994.86,217.12,58777.74
662,4,2,5,2,24,8736.24,10.49,8725.75
3,23,3,19,15,77,76625.01,298.11,76326.9
669,15,3,5,8,94,65178.66,199.29,64979.37
28,13,3,9,15,16,13558.88,221.77,13337.11
150,15,3,10,15,12,8320.68,109.15,8211.53
730,16,2,18,15,63,41019.93,95.55,40924.38
153,14,3,10,16,42,19365.78,129.22,19236.56
472,21,3,24,17,41,14924.41,88.09,14836.32
689,13,1,3,17,54,45761.22,201.13,45560.09
730,23,2,15,17,10,9951.3,128.28,9823.02
524,15,2,5,2,78,54084.42,105.6,53978.82
296,1,2,23,2,6,3914.1,157.53,3756.57
250,23,1,14,8,76,75629.88,22.69,75607.19
50,36,1,14,4,30,28545.9,46.7,28499.2
690,31,1,4,2,49,11212.18,52.35,11159.83
28,23,1,11,15,92,91551.96,35.4,91516.56
224,3,2,21,16,14,5411.98,59.41,5352.57
398,43,2,12,8,95,25517.95,23.61,25494.34
238,23,2,14,16,31,30849.03,140.52,30708.51
495,24,1,14,16,38,24400.18,53.77,24346.41
292,9,2,6,8,87,37679.7,1.21,37678.490000000005
641,36,2,6,16,75,71364.75,72.69,71292.06
223,15,2,6,8,13,9014.07,96.24,8917.83
459,14,1,8,15,42,19365.78,54.77,19311.01
691,4,2,8,8,78,28392.78,105.68,28287.1
730,5,3,18,2,45,29702.25,99.33,29602.919999999995
730,21,1,10,2,86,55995.46,37.74,55957.72
103,36,2,12,17,36,34255.08,209.13,34045.950000000004
346,36,1,4,17,10,9515.3,8.79,9506.509999999998
310,21,1,5,8,97,22195.54,65.5,22130.04
632,31,2,18,15,43,9839.26,5.49,9833.77
355,15,1,18,4,47,32589.33,3.04,32586.29
343,16,1,21,4,28,18231.08,95.94,18135.140000000003
42,17,1,25,8,62,52091.780000000006,133.42,51958.36000000001
247,5,1,6,2,9,5940.45,22.46,5917.99
218,14,1,11,4,80,36887.2,129.82,36757.38
675,36,3,4,4,12,11418.36,26.05,11392.31
324,21,1,18,8,47,39829.21,39.61,39789.6
227,14,1,18,8,58,26743.22,68.29,26674.93
420,31,3,4,17,3,686.46,34.87,651.59
596,21,3,6,16,78,50786.58,130.48,50656.1
299,14,2,3,15,55,25359.95,103.56,25256.39
259,17,2,19,2,30,25205.7,229.12,24976.58
460,28,1,6,17,11,508.53,13.3,495.23
730,16,2,12,8,16,10417.76,155.82,10261.94
730,11,2,11,2,58,53957.4,235.46,53721.94
730,31,1,9,2,73,16703.86,49.99,16653.87
307,22,3,23,4,84,73319.40000000001,77.65,73241.75000000001
114,31,2,1,8,77,17619.14,7.18,17611.96
128,30,3,10,16,84,36272.88,97.36,36175.52
137,24,1,3,16,94,60358.34,148.3,60210.04
340,28,2,10,4,66,3051.18,4.56,3046.62
451,36,3,24,8,65,61849.45,279.55,61569.9
692,15,3,9,17,64,44376.96,133.26,44243.7
693,36,2,14,4,28,26642.84,177.82,26465.02
454,7,1,9,4,93,6324.93,13.57,6311.360000000001
80,11,2,14,8,45,41863.5,27.12,41836.38
687,1,2,14,15,97,63277.95,88.08,63189.87
730,24,1,21,8,24,15410.64,182.65,15227.99
326,14,1,10,17,43,19826.87,101.78,19725.09
730,31,3,19,16,97,22195.54,51.0,22144.54
115,21,3,24,4,34,14725.4,77.01,14648.39
546,36,1,24,2,97,92298.41,78.13,92220.28
31,3,3,12,2,4,1546.28,60.0,1486.28
114,36,2,7,15,79,75170.87,268.51,74902.36
317,28,2,21,17,97,4484.31,3.55,4480.759999999999
72,21,1,11,4,99,92099.7,141.32,91958.38
181,13,1,15,2,26,22033.18,182.18,21851.0
315,28,2,8,15,35,1618.05,9.77,1608.28
526,5,3,5,17,77,50823.85,143.43,50680.42
654,28,2,23,15,9,416.07,5.55,410.52
694,15,3,6,15,68,47150.52,10.64,47139.88
262,7,3,10,8,50,3400.5000000000005,12.86,3387.6400000000003
303,13,3,17,15,29,24575.47,113.43,24462.04
647,14,3,4,16,2,922.18,62.13,860.05
686,14,1,15,16,67,30893.03,83.77,30809.26
228,16,2,6,15,32,20835.52,122.64,20712.88
143,31,2,23,15,34,7779.88,34.11,7745.77
667,11,1,10,16,15,13954.5,47.43,13907.07
557,21,2,19,16,12,5533.08,75.07,5458.01
579,14,1,25,17,73,33659.57,61.12,33598.45
695,1,2,1,17,1,652.35,33.24,619.11
341,5,2,18,15,5,3300.25,121.56,3178.69
730,14,1,21,15,90,41498.1,121.71,41376.39
730,5,2,18,8,89,58744.45,181.47,58562.98
730,4,1,10,2,6,2184.06,11.91,2172.15
730,7,1,18,4,13,884.1300000000001,13.07,871.0600000000001
301,30,2,7,16,72,31091.04,126.34,30964.7
531,7,3,11,4,3,204.03000000000003,16.53,187.50000000000003
436,36,1,15,2,39,37109.67,223.7,36885.97
551,22,3,6,8,50,43642.5,161.03,43481.47
585,22,2,10,4,12,10474.2,163.17,10311.03
347,9,3,9,2,92,39845.2,121.6,39723.600000000006
730,16,2,18,4,41,26695.51,57.13,26638.38
539,14,3,15,15,20,9221.8,33.06,9188.74
219,11,2,24,17,64,59539.2,218.41,59320.78999999999
548,43,2,25,2,2,537.22,14.59,522.63
336,17,3,7,17,54,45370.26,125.28,45244.98
241,7,1,19,17,14,952.14,6.4,945.74
380,14,2,19,17,74,34120.66,1.79,34118.869999999995
15,5,3,3,17,40,26402.0,168.85,26233.15
138,16,2,12,15,53,34508.83,54.69,34454.14
111,11,1,12,2,44,40933.2,35.39,40897.81
148,7,3,15,8,44,2992.44,16.34,2976.1
730,1,1,5,2,55,35879.25,27.2,35852.05
391,13,3,8,17,73,61862.39,27.51,61834.88
730,13,1,4,17,72,61014.96,119.2,60895.76
306,14,3,10,16,23,10605.07,40.92,10564.15
643,21,3,18,16,52,36056.28,163.47,35892.81
263,30,2,10,2,64,27636.48,51.59,27584.89
95,43,3,18,15,52,13967.72,19.05,13948.670000000002
217,11,2,17,2,93,86517.9,67.97,86449.93
237,43,1,19,8,68,18265.48,62.45,18203.03
590,7,1,8,4,28,1904.28,12.58,1891.7000000000005
476,22,1,17,17,37,32295.45,117.01,32178.44
632,17,2,10,4,72,60493.68000000001,32.13,60461.55000000001
72,4,3,4,15,12,4368.12,78.44,4289.68
730,9,1,21,16,54,23387.4,88.82,23298.58
45,7,1,21,17,62,4216.62,8.43,4208.19
730,5,3,19,17,39,25741.95,134.21,25607.74
9,11,3,11,15,44,40933.2,97.33,40835.87
675,5,3,12,15,40,26402.0,160.55,26241.45
696,14,2,19,16,39,17982.51,128.5,17854.01
48,24,1,21,15,33,21189.63,80.98,21108.65
426,36,2,14,2,95,90395.35,49.43,90345.92
434,23,3,24,17,84,83590.92,188.69,83402.23
245,22,1,23,16,9,7855.650000000001,238.04,7617.610000000001
650,7,2,5,17,89,6052.89,11.76,6041.13
596,24,1,4,15,48,30821.28,137.2,30684.08
730,11,1,5,17,16,14884.8,122.55,14762.25
186,43,3,15,17,6,1611.66,34.72,1576.94
730,31,1,7,16,30,6864.599999999999,22.4,6842.2
143,21,3,21,15,58,49150.94,249.52,48901.42
139,21,2,7,15,15,5798.55,84.03,5714.52
26,21,2,3,4,30,12954.6,24.66,12929.94
226,4,3,21,2,28,10192.28,65.11,10127.169999999998
343,13,2,12,4,77,65252.10999999999,94.23,65157.87999999999
211,16,2,1,15,86,55995.46,153.61,55841.85
462,17,2,1,16,24,20164.56,2.64,20161.92
196,31,3,21,16,54,12356.28,60.46,12295.82
255,36,2,3,4,54,51382.62,18.05,51364.56999999999
730,1,2,14,8,55,35879.25,7.01,35872.24
243,24,1,19,17,57,36600.27,42.44,36557.83
465,36,2,17,4,26,24739.78,58.97,24680.81
115,1,1,11,15,76,49578.6,42.23,49536.37
39,5,3,24,16,29,19141.45,190.12,18951.33
541,14,3,25,15,83,38270.47,67.77,38202.7
730,28,2,7,17,33,1525.59,8.21,1517.38
408,4,1,4,17,19,6916.19,70.21,6845.98
29,36,3,6,15,25,23788.25,188.97,23599.28
151,4,2,1,2,32,11648.32,42.0,11606.32
617,9,2,21,15,27,11693.7,27.04,11666.66
372,9,3,19,8,19,8228.9,81.93,8146.969999999999
315,15,3,4,4,98,67952.22,162.12,67790.1
585,13,3,10,16,20,16948.6,34.76,16913.84
671,24,3,5,8,4,2568.44,123.65,2444.79
697,21,1,23,4,52,49479.56,57.85,49421.71
694,24,1,21,8,38,24400.18,109.9,24290.28
111,13,1,10,16,58,49150.94,154.4,48996.53999999999
345,5,1,11,15,75,49503.75,30.18,49473.57
542,5,2,4,17,27,17821.35,155.08,17666.269999999997
543,9,1,23,16,72,31183.2,76.67,31106.53
575,21,3,18,15,34,32352.02,196.87,32155.15
601,17,3,3,15,65,54612.350000000006,109.41,54502.94
264,22,3,17,2,36,31422.6,245.61,31176.99
258,22,3,24,8,94,82047.90000000001,23.52,82024.38
148,7,3,21,4,72,4896.72,2.3,4894.42
507,23,2,6,16,46,45775.98,138.26,45637.72
321,1,1,11,2,92,60016.2,138.38,59877.82000000001
730,13,3,25,4,37,31354.91,128.39,31226.52
183,15,2,5,4,43,29815.77,31.26,29784.51
38,4,2,12,2,43,15652.43,72.88,15579.55
730,22,3,19,15,41,35786.85,67.44,35719.41
579,24,1,25,15,44,28252.84,107.79,28145.05
508,21,2,5,16,99,42876.9,77.98,42798.92
114,7,1,19,16,51,3468.51,5.95,3462.5600000000004
601,5,1,3,16,56,36962.8,8.89,36953.91
391,31,2,7,4,2,457.64,56.61,401.03
293,21,1,25,4,21,9095.1,8.39,9086.71
634,28,3,18,17,18,832.14,7.61,824.53
350,4,1,1,4,28,10192.28,41.26,10151.02
575,5,2,1,8,46,30362.3,3.87,30358.43
674,3,2,3,15,94,36337.58,74.38,36263.2
587,22,1,8,15,44,38405.4,30.12,38375.28
253,43,3,25,15,51,13699.11,32.15,13666.96
640,4,3,17,17,52,18928.52,95.46,18833.06
590,23,3,12,8,100,99513.0,236.05,99276.95
730,9,1,9,2,8,3464.8,63.42,3401.38
171,28,3,7,8,77,3559.71,7.39,3552.32
340,22,2,18,8,70,61099.5,4.64,61094.86
437,43,3,21,16,32,8595.52,68.46,8527.060000000001
375,7,2,12,2,94,6392.9400000000005,11.98,6380.960000000001
114,11,3,18,2,58,53957.4,174.12,53783.27999999999
192,30,2,17,16,27,11659.14,113.46,11545.68
146,23,3,11,17,74,73639.62,101.98,73537.64
272,1,2,4,4,90,58711.5,40.84,58670.66
351,21,3,17,8,32,31844.16,221.49,31622.67
7,22,3,15,4,63,54989.55,155.78,54833.77
399,30,3,8,17,17,7340.94,46.24,7294.7
698,7,3,6,8,10,680.1,17.83,662.27
326,7,1,1,2,23,1564.23,14.28,1549.95
550,9,1,23,17,43,18623.3,54.08,18569.22
504,23,3,4,2,56,55727.28,240.43,55486.85
532,17,1,18,2,60,50411.4,203.45,50207.95
699,17,2,14,16,9,7561.710000000001,178.68,7383.030000000001
229,17,1,24,8,82,68895.58,232.36,68663.22
10,13,1,11,2,33,27965.19,58.85,27906.34
240,3,2,15,2,1,386.57,87.65,298.92
155,15,1,5,4,31,21495.09,3.12,21491.97
6,43,1,24,2,49,13161.89,27.12,13134.77
281,7,3,12,4,27,1836.27,8.53,1827.74
16,13,1,14,15,47,39829.21,93.23,39735.98
515,28,3,25,4,64,2958.72,11.3,2947.42
101,13,2,23,16,91,77116.12999999999,136.99,76979.13999999998
365,22,3,24,15,38,33168.3,90.58,33077.72
730,21,3,24,8,57,2635.11,3.26,2631.8499999999995
192,23,1,12,15,14,13931.82,214.62,13717.2
584,30,3,18,16,37,15977.34,71.1,15906.24
320,17,3,25,8,48,40329.12,78.01,40251.11
387,13,3,24,17,26,22033.18,113.2,21919.98
36,43,3,9,16,84,22563.24,22.7,22540.54
119,28,3,19,15,92,4253.16,0.37,4252.79
415,3,2,5,4,88,34018.16,21.61,33996.55
111,21,2,14,8,49,41524.07,250.34,41273.73
349,14,3,12,2,22,10143.98,131.01,10012.97
192,31,1,23,15,30,6864.599999999999,22.08,6842.52
198,21,1,23,2,80,76122.4,94.41,76027.98999999999
730,4,3,5,16,93,33852.93,107.61,33745.32
432,16,1,12,4,66,42973.26,3.3,42969.96
242,5,3,4,4,58,38282.9,144.32,38138.58
448,24,1,11,4,27,17336.97,138.5,17198.47
549,14,1,19,8,3,1383.27,72.58,1310.69
561,15,1,21,16,4,2773.56,54.95,2718.61
80,13,3,14,2,96,81353.28,34.04,81319.24
730,15,1,7,2,84,58244.76,29.27,58215.490000000005
730,4,2,3,8,14,5096.139999999999,9.45,5086.69
61,1,3,10,16,43,28051.05,2.49,28048.56
193,7,1,8,16,1,68.01,10.2,57.81
372,28,2,7,16,53,2450.19,9.52,2440.67
548,28,1,23,4,38,1756.7399999999998,7.45,1749.2899999999995
508,17,2,6,15,67,56292.73,188.25,56104.48
431,14,2,9,16,86,39653.74,80.21,39573.53
26,36,3,21,4,10,9515.3,177.7,9337.6
11,1,1,8,17,76,49578.6,97.23,49481.37
359,7,3,18,4,31,2108.31,6.46,2101.85
422,9,2,19,16,19,8228.9,19.74,8209.16
568,13,3,19,2,75,63557.24999999999,44.7,63512.55
372,21,1,11,16,34,21831.74,151.45,21680.29
564,1,2,17,8,66,43055.1,44.38,43010.72
602,30,2,1,2,37,15977.34,122.65,15854.69
433,30,3,24,17,89,38431.98,57.44,38374.53999999999
195,36,2,8,16,84,79928.52,184.06,79744.46
464,28,1,4,16,69,3189.87,6.31,3183.56
3,14,3,21,4,19,8760.71,78.7,8682.009999999998
300,31,3,1,2,37,8466.34,12.36,8453.98
251,21,2,4,4,20,19902.6,114.14,19788.46
695,14,2,6,4,72,33198.48,128.76,33069.719999999994
479,28,2,23,2,14,647.2199999999999,2.36,644.8599999999999
588,21,1,14,17,18,832.14,0.83,831.31
334,22,3,9,16,54,47133.9,225.22,46908.68
23,9,1,21,2,62,26852.2,124.96,26727.24
553,21,2,8,4,97,4484.31,7.32,4476.99
220,28,1,5,8,45,2080.35,10.45,2069.9
601,21,3,7,8,72,49924.08,201.42,49722.66
48,31,3,1,16,59,13500.38,51.25,13449.13
468,21,1,11,16,40,17272.8,123.75,17149.05
586,13,3,18,2,84,71184.12,217.11,70967.01
517,4,1,19,15,10,3640.1,64.73,3575.37
542,28,3,24,8,20,924.6,7.99,916.61
471,28,2,6,15,17,785.91,13.84,772.0699999999999
207,13,2,6,4,43,36439.49,6.44,36433.05
393,11,2,9,8,70,65121.0,153.87,64967.13
157,43,3,19,16,57,15310.77,30.55,15280.22
730,43,1,8,4,54,14504.94,58.83,14446.11
622,7,3,11,16,12,816.1200000000001,3.9,812.2200000000001
45,24,3,9,8,97,62284.67,175.8,62108.87
73,36,2,17,8,31,29497.43,12.08,29485.35
639,15,3,11,8,91,63098.49,176.84,62921.65
187,36,3,10,2,57,54237.21,283.88,53953.33
295,21,3,8,17,13,12936.69,187.1,12749.59
149,15,1,23,4,74,51310.86,91.3,51219.56
447,1,3,4,17,17,11089.95,103.99,10985.96
476,13,1,8,2,92,77963.56,17.59,77945.97
11,21,1,25,2,25,16308.75,82.34,16226.41
566,13,2,19,17,31,26270.33,0.51,26269.82
553,17,1,6,2,41,34447.79,251.12,34196.67
521,30,1,18,16,12,5181.84,114.36,5067.4800000000005
93,23,3,18,8,69,68663.97,125.49,68538.48
224,3,3,4,2,2,773.14,12.92,760.22
99,43,2,21,8,95,25517.95,39.52,25478.43
677,30,2,18,8,19,8204.58,31.16,8173.42
69,4,3,4,8,84,30576.84,83.11,30493.73
531,23,2,17,8,33,32839.29,195.24,32644.05
658,43,2,5,2,61,16385.21,73.76,16311.45
376,23,1,7,17,98,97522.74,113.26,97409.48
489,5,1,12,4,13,8580.65,18.34,8562.31
526,9,2,25,2,7,3031.7000000000003,3.98,3027.7200000000003
730,1,1,11,8,10,6523.5,98.62,6424.88
78,22,2,5,15,77,67209.45,61.98,67147.47
271,14,2,3,4,40,18443.6,29.4,18414.2
534,13,1,18,8,24,20338.32,131.16,20207.16
491,31,2,4,17,76,17390.32,27.34,17362.98
344,23,3,24,16,96,95532.48,111.45,95421.03
650,14,3,7,2,53,24437.77,20.35,24417.42
554,21,2,3,15,95,41144.5,77.28,41067.22
504,5,3,18,8,25,16501.25,29.29,16471.96
730,21,1,25,2,61,22204.61,85.03,22119.58
660,13,2,15,16,51,43218.93,9.57,43209.36
345,4,3,9,16,75,27300.75,108.49,27192.26
548,4,3,5,15,65,23660.65,98.29,23562.36
272,5,1,10,8,42,27722.1,158.75,27563.35
431,36,1,1,15,9,8563.77,133.14,8430.630000000001
55,28,3,3,4,22,1017.06,2.61,1014.45
440,17,2,23,15,52,43689.880000000005,124.36,43565.52
730,3,2,12,2,76,29379.32,39.82,29339.5
730,21,1,15,15,100,43182.0,119.64,43062.36
568,5,2,11,2,11,7260.549999999999,134.74,7125.81
500,21,1,1,16,58,48731.02,156.8,48574.22
175,7,3,24,16,79,5372.79,17.57,5355.22
606,36,1,21,8,34,32352.02,111.41,32240.61
54,22,3,3,2,30,26185.5,53.48,26132.02
375,14,2,12,8,35,16138.15,2.32,16135.83
304,1,3,3,4,81,52840.35,146.89,52693.46
274,21,3,15,8,61,56748.3,215.01,56533.28999999999
623,30,3,7,4,32,13818.24,115.62,13702.62
194,43,2,5,16,69,18534.09,9.66,18524.43
490,16,3,12,8,69,44926.59,77.05,44849.54
255,31,1,3,17,63,14415.66,15.12,14400.54
106,36,1,5,4,87,82783.11,238.69,82544.42
117,28,1,10,15,35,1618.05,3.73,1614.32
547,9,2,8,4,30,12993.0,74.12,12918.88
26,14,3,8,4,36,16599.239999999998,67.31,16531.929999999997
570,11,2,17,15,48,44654.4,130.68,44523.72
683,21,1,4,8,20,13022.2,13.72,13008.48
650,3,3,11,4,70,27059.9,81.19,26978.71
147,15,2,1,17,26,18028.14,203.94,17824.2
669,5,1,10,17,78,51483.9,22.96,51460.94
700,13,2,5,4,32,27117.76,233.87,26883.89
627,5,3,23,2,56,36962.8,136.59,36826.21
160,11,1,25,4,27,25118.1,206.72,24911.38
357,5,1,24,8,60,39603.0,98.34,39504.66
560,3,3,8,17,69,26673.33,33.34,26639.99
521,24,1,23,2,3,1926.33,93.98,1832.35
473,24,3,17,16,33,21189.63,140.48,21049.15
291,5,1,8,17,96,63364.8,80.51,63284.28999999999
464,16,2,12,4,28,18231.08,46.77,18184.31
307,30,1,9,2,91,39295.62,54.85,39240.77
192,31,1,25,17,59,13500.38,68.38,13432.0
514,3,3,15,2,86,33245.02,114.33,33130.689999999995
280,9,1,24,8,70,30317.0,74.0,30243.0
130,23,1,10,4,31,30849.03,286.06,30562.97
222,21,3,9,15,57,3876.57,0.35,3876.22
422,3,1,11,8,27,10437.39,12.19,10425.2
586,24,2,7,8,21,13484.31,186.65,13297.66
525,16,1,8,8,33,21486.63,83.17,21403.460000000003
185,21,3,4,2,62,40923.1,6.17,40916.93
671,16,1,19,2,22,14324.42,131.06,14193.36
132,9,3,25,15,3,1299.3000000000002,75.28,1224.0200000000002
210,43,1,4,15,96,25786.56,34.57,25751.99
287,16,3,18,17,85,55344.35,189.95,55154.4
192,30,3,7,2,74,31954.68,67.58,31887.1
93,43,1,25,2,44,11818.84,15.77,11803.07
222,24,3,15,15,92,59074.12,190.57,58883.55
249,4,2,15,8,51,18564.51,82.18,18482.33
23,5,2,9,15,57,37622.85,154.28,37468.57
701,16,1,19,17,72,46879.92,174.1,46705.82
730,24,3,3,15,88,56505.68,31.75,56473.93
730,11,3,17,16,15,13954.5,200.89,13753.61
469,11,1,24,17,42,39072.6,125.07,38947.53
609,22,1,24,4,32,27931.2,187.05,27744.15
51,17,2,8,4,99,83178.81000000001,108.1,83070.71
346,7,2,10,15,99,6732.990000000001,10.39,6722.6
695,30,1,4,2,88,38000.16,91.45,37908.71
47,28,1,23,17,7,323.61,1.9,321.71
155,9,2,4,16,87,37679.7,77.47,37602.23
616,23,1,19,4,35,34829.55,244.75,34584.8
352,14,3,6,15,32,14754.88,52.25,14702.63
265,21,3,8,15,40,2720.4,17.32,2703.08
482,13,1,10,2,39,33049.77,229.96,32819.81
52,4,3,19,17,80,29120.8,34.39,29086.41
171,13,3,12,2,34,28812.62,186.75,28625.87
269,23,3,1,17,96,95532.48,272.45,95260.03
639,21,3,12,15,86,33245.02,61.65,33183.369999999995
730,24,2,5,4,28,17979.08,66.82,17912.260000000002
159,16,3,18,15,28,18231.08,129.95,18101.13
377,13,1,18,15,75,63557.24999999999,165.6,63391.65
174,15,1,10,4,59,40910.01,103.05,40806.96
323,4,3,23,16,46,16744.46,14.04,16730.42
730,11,3,17,17,61,56748.3,105.69,56642.60999999999
662,43,3,5,17,2,537.22,62.27,474.9500000000001
681,21,1,11,15,26,17161.3,42.25,17119.05
664,7,3,24,8,45,3060.4500000000003,2.83,3057.6200000000003
525,21,1,12,15,33,27965.19,221.55,27743.64
62,13,3,6,15,49,41524.07,153.19,41370.88
653,4,2,3,4,40,14560.4,44.29,14516.11
109,21,3,17,2,33,21781.65,170.42,21611.23
535,4,1,15,15,20,7280.2,77.02,7203.179999999999
521,21,2,19,16,96,41577.600000000006,33.06,41544.54000000001
442,16,3,14,17,24,15626.64,40.15,15586.49
379,16,1,14,15,94,61204.34,133.16,61071.18
39,13,1,18,17,88,74573.84,10.86,74562.98
730,1,1,6,16,26,16961.100000000002,175.89,16785.210000000003
259,22,1,25,8,54,47133.9,178.77,46955.130000000005
573,30,3,4,17,40,17272.8,111.11,17161.69
428,23,1,3,2,28,27863.64,192.09,27671.55
496,7,2,25,8,57,3876.57,7.95,3868.62
730,7,1,5,16,27,1836.27,10.08,1826.1900000000005
431,21,2,11,17,73,31616.300000000003,112.31,31503.99
609,14,1,6,15,29,13371.61,36.44,13335.169999999998
730,30,2,21,17,79,34113.78,122.38,33991.4
702,31,2,10,15,87,19907.34,50.02,19857.32
478,11,2,24,8,26,24187.8,147.59,24040.21
307,5,1,10,2,95,62704.74999999999,186.88,62517.87
509,9,3,23,15,41,17757.100000000002,79.83,17677.27
214,22,1,25,16,49,42769.65,196.72,42572.93
132,1,3,11,16,15,9785.25,65.91,9719.34
334,36,1,6,16,17,16176.01,11.87,16164.14
703,16,1,23,15,45,29299.95,23.17,29276.78
109,16,3,24,17,6,3906.66,106.56,3800.1
193,1,3,10,17,48,31312.800000000003,19.93,31292.870000000003
730,15,3,15,17,78,54084.42,123.53,53960.89
222,22,1,14,16,39,34041.15,256.22,33784.93
33,13,2,19,16,56,47456.08,166.71,47289.37
656,11,2,17,4,89,82796.7,151.59,82645.11
730,22,2,12,15,64,55862.4,108.99,55753.41
628,7,3,4,15,42,2856.42,9.69,2846.73
280,16,2,25,17,84,54693.24,14.76,54678.48
16,4,3,1,16,78,28392.78,58.13,28334.65
152,13,2,15,8,20,16948.6,220.04,16728.559999999998
209,22,2,17,17,83,72446.55,122.48,72324.07
198,16,3,5,4,22,14324.42,47.93,14276.49
730,16,2,8,4,10,6511.1,174.43,6336.67
328,1,3,17,2,32,20875.2,138.89,20736.31
730,5,2,25,15,30,19801.5,68.47,19733.03
88,5,1,24,17,29,19141.45,23.76,19117.69
555,23,2,11,17,26,25873.38,155.19,25718.19
418,28,3,6,17,26,1201.98,12.37,1189.61
652,30,2,19,16,81,34977.42,28.44,34948.98
356,21,1,10,4,72,33198.48,41.16,33157.31999999999
209,5,1,6,16,52,34322.6,29.77,34292.83
500,3,2,8,4,49,18941.93,12.75,18929.18
34,13,1,6,4,39,33049.77,146.81,32902.96
576,5,1,11,16,9,5940.45,119.84,5820.61
387,24,3,3,8,67,43021.37,127.01,42894.36
475,23,1,1,4,71,70654.23,199.44,70454.79
53,3,2,23,17,38,14689.66,5.5,14684.16
629,15,2,23,16,72,49924.08,115.87,49808.21
704,16,1,14,17,9,5859.99,94.46,5765.53
502,21,3,9,17,61,26419.1,72.39,26346.710000000003
456,23,2,19,4,67,66673.71,149.19,66524.52
730,1,3,6,17,30,19570.5,11.87,19558.63
550,30,3,12,2,12,5181.84,115.02,5066.82
705,31,1,17,8,44,10068.08,14.75,10053.33
476,43,3,15,4,66,17728.260000000002,0.36,17727.9
656,21,3,14,4,90,89561.7,139.96,89421.73999999999
31,7,1,24,4,30,2040.3,14.11,2026.1900000000005
462,21,3,10,15,23,1063.29,0.58,1062.71
184,24,1,17,17,49,31463.39,46.43,31416.96
284,23,3,24,15,93,92547.09,89.53,92457.56
366,43,3,14,4,70,18802.7,12.48,18790.22
616,36,3,12,8,82,78025.45999999999,283.06,77742.4
730,9,3,15,15,84,36380.4,22.95,36357.45
664,7,2,1,17,95,6460.950000000001,18.06,6442.89
730,15,3,4,15,53,36749.67,53.82,36695.85
169,22,1,19,15,26,22694.1,74.63,22619.47
283,13,3,6,4,46,38981.78,105.24,38876.54
95,36,2,6,17,92,87540.76,157.69,87383.06999999999
643,5,2,12,17,4,2640.2,187.92,2452.28
206,13,3,12,16,24,20338.32,186.15,20152.17
238,16,3,3,16,21,13673.31,85.97,13587.34
435,11,2,6,2,48,44654.4,78.17,44576.23
156,4,3,8,4,19,6916.19,74.97,6841.219999999999
438,21,3,12,2,78,74219.34,113.17,74106.17
27,21,2,3,8,66,15102.12,32.56,15069.56
21,43,2,3,4,8,2148.88,70.94,2077.94
217,9,1,21,2,73,31616.300000000003,71.7,31544.6
103,30,3,14,2,64,27636.48,13.06,27623.42
465,14,1,9,16,72,33198.48,51.32,33147.16
76,30,2,6,17,54,23318.28,67.26,23251.02
583,17,1,14,4,40,33607.600000000006,160.11,33447.490000000005
308,30,1,12,16,81,34977.42,92.75,34884.67
730,5,1,11,8,74,48843.7,34.16,48809.53999999999
233,30,1,17,4,58,25045.56,58.74,24986.82
7,14,2,18,16,17,7838.53,120.52,7718.009999999999
1,21,3,8,4,100,38657.0,20.29,38636.71
28,4,2,5,17,8,2912.08,67.09,2844.99
521,9,1,24,8,38,16457.8,34.41,16423.39
695,23,2,10,2,6,5970.78,47.06,5923.719999999999
469,13,3,5,15,92,77963.56,82.59,77880.97
254,9,2,7,17,99,42876.9,93.39,42783.51
642,9,3,7,8,53,22954.300000000003,27.46,22926.840000000004
10,5,1,17,16,20,13201.0,126.92,13074.08
647,22,3,18,15,42,36659.7,41.5,36618.2
384,4,2,11,16,24,8736.24,82.78,8653.46
460,3,3,21,17,46,17782.22,2.83,17779.39
388,4,3,7,4,34,12376.34,60.48,12315.86
595,22,3,24,15,90,78556.5,81.96,78474.54
176,23,1,18,2,73,72644.49,52.02,72592.47
39,36,2,25,17,93,88492.29,104.9,88387.39
699,43,2,1,17,48,12893.28,64.68,12828.6
191,9,2,10,8,54,23387.4,56.56,23330.84
541,23,3,15,17,5,4975.65,247.29,4728.36
157,15,1,15,15,27,18721.53,46.89,18674.64
439,9,1,25,17,70,30317.0,23.22,30293.78
588,14,2,14,16,84,38731.56,62.8,38668.76
730,14,1,18,17,98,45186.82,83.42,45103.4
489,1,2,1,16,100,65235.0,129.55,65105.45
192,16,2,12,2,59,38415.49,120.97,38294.52
35,13,2,15,8,92,77963.56,224.8,77738.76
374,30,1,24,2,92,39727.44,76.99,39650.45
312,23,1,11,2,38,37814.94,26.56,37788.380000000005
2,4,1,12,4,3,1092.03,1.38,1090.65
706,22,3,24,8,90,78556.5,101.49,78455.01
91,9,2,15,8,66,28584.6,71.69,28512.910000000003
434,4,2,18,15,70,25480.7,61.19,25419.51
520,11,3,4,15,23,21396.9,90.86,21306.04
487,11,2,18,2,71,66051.3,3.84,66047.46
730,9,1,7,4,32,13859.2,28.1,13831.1
653,24,2,9,15,43,27610.73,97.44,27513.29
154,9,2,15,15,98,42443.8,76.81,42366.990000000005
278,43,3,17,4,13,3491.9300000000003,70.13,3421.8
85,21,1,18,2,59,25477.38,60.22,25417.16
229,28,2,7,15,76,3513.48,11.9,3501.5799999999995
565,21,3,9,17,65,61849.45,276.23,61573.22
290,31,2,1,17,82,18763.24,35.96,18727.28
730,31,3,8,4,33,7551.059999999999,53.98,7497.08
653,1,2,11,16,29,18918.15,137.45,18780.7
90,13,3,15,2,3,2542.29,179.8,2362.49
17,15,1,1,16,32,22188.48,55.85,22132.63
98,11,1,18,16,57,53027.1,209.0,52818.1
500,17,3,19,2,29,24365.51,129.16,24236.35
328,11,2,19,16,44,40933.2,29.07,40904.13
730,30,1,6,8,54,23318.28,44.37,23273.91
487,17,3,21,2,82,68895.58,11.44,68884.14
552,9,1,17,15,49,21221.9,84.01,21137.890000000003
730,13,3,1,2,83,70336.69,135.28,70201.41
184,3,2,4,15,6,2319.42,88.26,2231.16
277,15,2,8,16,42,29122.38,67.38,29055.0
610,16,1,7,15,37,24091.07,16.41,24074.66
178,9,2,24,4,20,8662.0,83.89,8578.11
536,11,3,10,8,93,86517.9,26.82,86491.07999999999
144,13,3,25,2,92,77963.56,123.2,77840.36
614,15,1,11,8,61,42296.79,56.66,42240.13
507,36,3,11,2,71,67558.63,27.98,67530.65000000001
89,24,2,11,4,57,36600.27,110.86,36489.41
509,22,3,15,15,1,872.85,152.0,720.85
665,30,2,3,2,33,14250.06,107.76,14142.3
94,23,1,24,2,29,28858.77,55.58,28803.19
575,23,3,8,17,20,19902.6,295.08,19607.52
532,5,1,5,8,48,31682.4,7.15,31675.25
41,11,3,15,8,53,49305.9,273.45,49032.45
197,36,2,18,2,86,81831.58,184.58,81647.0
39,30,3,17,4,90,38863.8,70.59,38793.21000000001
32,43,2,11,2,63,16922.43,45.4,16877.03
526,1,2,1,17,70,45664.5,47.97,45616.53
333,9,3,10,17,14,6063.400000000001,16.33,6047.070000000001
16,17,3,6,16,33,27726.27,115.5,27610.77
625,17,3,14,15,58,48731.02,200.81,48530.21000000001
730,11,2,17,17,87,80936.09999999999,185.81,80750.29
203,5,2,18,16,29,19141.45,100.95,19040.5
308,36,3,23,16,9,8563.77,162.63,8401.140000000001
406,5,1,21,15,78,51483.9,80.94,51402.95999999999
146,22,3,7,17,24,20948.4,59.74,20888.66
730,30,3,21,15,53,22886.46,34.07,22852.39
538,30,2,14,4,62,26772.84,93.58,26679.26
448,11,2,4,8,86,80005.8,197.6,79808.2
707,9,1,6,15,95,41144.5,107.26,41037.24
1,43,3,1,2,4,1074.44,33.83,1040.61
575,16,1,15,16,31,20184.41,23.37,20161.04
340,21,1,15,16,18,12481.02,164.26,12316.76
421,13,3,12,4,74,62709.82,104.74,62605.08
708,15,1,8,17,36,24962.04,114.76,24847.28
216,15,2,11,17,91,63098.49,177.32,62921.17
556,21,1,19,15,77,33348.700000000004,89.64,33259.060000000005
4,15,3,24,4,78,54084.42,22.49,54061.93
730,24,3,7,15,19,12200.09,143.81,12056.28
706,30,3,24,16,1,431.82,20.97,410.85
647,3,1,14,16,99,38270.43,16.44,38253.99
580,17,2,21,4,93,78137.67,20.61,78117.06
14,21,1,3,2,88,81866.4,86.46,81779.93999999999
449,43,3,25,15,42,11281.62,16.82,11264.8
470,28,3,12,8,85,3929.55,13.76,3915.79
68,36,3,12,15,88,83734.64,254.11,83480.53
195,15,2,4,16,66,45763.74,161.67,45602.07
619,14,1,3,15,62,28587.58,91.41,28496.17
229,17,3,24,15,4,3360.76,201.97,3158.7900000000004
588,31,3,1,17,50,11441.0,40.64,11400.36
730,11,3,19,17,46,42793.8,128.54,42665.26
730,22,3,23,15,86,75065.1,45.91,75019.19
88,30,2,5,16,87,37568.34,118.55,37449.78999999999
335,30,3,14,17,79,34113.78,2.15,34111.63
556,7,1,19,15,30,2040.3,7.12,2033.1800000000003
646,15,3,23,2,8,5547.12,179.82,5367.3
287,24,1,10,16,92,59074.12,45.32,59028.8
214,21,1,17,8,44,41867.32,153.48,41713.84
571,17,2,12,16,45,37808.55,125.98,37682.57
128,31,3,1,4,31,7093.42,62.51,7030.91
588,22,2,18,15,84,73319.40000000001,68.08,73251.32
316,28,3,15,2,21,970.83,7.57,963.26
21,43,2,23,15,48,12893.28,48.39,12844.89
159,5,3,12,2,30,19801.5,100.62,19700.88
730,43,1,23,4,31,8326.91,46.99,8279.92
9,22,3,4,8,95,82920.75,60.86,82859.89
2,7,2,10,8,19,1292.19,18.06,1274.13
206,17,1,3,8,37,31087.03,195.48,30891.550000000003
588,31,2,14,4,30,6864.599999999999,41.84,6822.759999999999
659,16,2,14,8,96,62506.56,113.05,62393.51
730,23,3,10,15,48,47766.24,161.81,47604.43
164,23,3,5,17,62,61698.06,79.97,61618.09
140,17,1,9,17,1,840.19,16.25,823.94
142,7,1,12,16,31,2108.31,14.62,2093.69
730,9,1,25,17,80,34648.0,76.94,34571.06
359,43,3,6,16,40,10744.4,22.9,10721.500000000002
234,43,2,3,15,41,11013.01,0.86,11012.15
500,1,2,6,15,49,31965.15,100.52,31864.63
70,36,3,23,15,14,13321.42,193.71,13127.71
153,13,2,10,8,45,38134.35,73.09,38061.26
529,13,2,24,15,43,36439.49,61.04,36378.45
560,21,3,9,15,83,38270.47,103.32,38167.15
360,4,2,4,17,54,19656.54,2.83,19653.71
634,43,1,6,8,60,16116.6,31.9,16084.7
376,22,2,12,8,93,81175.05,45.96,81129.09
461,36,2,12,15,94,89443.81999999999,200.79,89243.03
39,30,2,12,15,20,8636.4,105.54,8530.859999999999
224,3,2,10,16,79,30539.03,32.67,30506.36
624,11,3,8,17,80,74424.0,28.51,74395.49
33,21,2,17,15,3,1953.33,187.01,1766.32
342,1,2,6,2,73,47621.55,159.62,47461.93
304,13,1,18,17,45,38134.35,16.18,38118.17
150,13,3,21,16,27,22880.61,3.77,22876.84
678,36,2,12,8,77,73267.81,150.36,73117.45
410,17,2,15,16,32,26886.08,211.84,26674.24
88,9,2,6,2,9,3897.9,124.6,3773.3
389,11,1,6,16,36,33490.8,80.49,33410.31
354,43,2,10,4,39,10475.79,56.79,10419.0
652,31,1,7,4,6,1372.92,55.34,1317.5800000000002
273,15,1,23,15,45,31202.55,180.07,31022.48
471,7,2,4,17,25,1700.2500000000002,17.31,1682.9400000000005
489,31,1,18,17,26,5949.32,0.63,5948.69
730,1,2,11,17,96,62625.600000000006,189.47,62436.130000000005
697,9,2,12,15,40,17324.0,36.49,17287.51
701,21,2,11,16,34,1571.82,1.69,1570.13
460,11,2,11,2,7,6512.099999999999,261.61,6250.49
550,4,3,17,15,31,11284.31,32.55,11251.76
563,5,1,14,4,17,11220.85,21.65,11199.2
592,17,3,7,2,70,58813.3,88.76,58724.54
730,21,2,23,4,77,5236.77,4.69,5232.080000000001
226,1,2,9,16,73,47621.55,178.46,47443.09
456,43,1,14,16,91,24443.51,55.15,24388.36
709,14,3,11,8,56,25821.04,61.09,25759.95
175,21,1,19,8,59,38488.65,37.51,38451.14
538,1,2,24,8,84,54797.4,75.05,54722.35
495,24,3,6,2,25,16052.75,68.8,15983.95
218,14,1,24,15,62,28587.58,103.58,28484.0
437,43,3,15,16,20,5372.200000000001,76.61,5295.590000000001
545,4,3,10,15,60,21840.6,91.21,21749.39
489,23,2,8,15,50,49756.5,109.85,49646.65
237,21,3,4,15,72,62845.2,44.61,62800.59
58,43,1,8,15,73,19608.53,78.26,19530.270000000004
63,23,2,18,2,47,46771.11,170.62,46600.49
565,7,2,14,2,31,2108.31,19.44,2088.87
710,4,3,15,2,80,29120.8,65.7,29055.1
730,28,3,15,16,20,924.6,7.78,916.82
730,21,3,11,17,11,4764.1,84.34,4679.76
390,21,2,6,8,47,2172.81,11.43,2161.38
615,24,2,11,17,14,8989.54,190.72,8798.820000000002
264,11,2,7,8,70,65121.0,268.15,64852.85
214,3,3,24,2,55,21261.35,19.87,21241.48
313,16,3,24,17,91,59251.01,104.46,59146.55
226,7,1,18,4,99,6732.990000000001,18.36,6714.630000000001
711,24,2,18,15,33,21189.63,179.93,21009.7
10,3,3,17,17,26,10050.82,52.68,9998.14
458,16,1,3,15,57,37113.27,129.89,36983.380000000005
668,43,2,4,16,54,14504.94,26.86,14478.08
559,21,3,7,16,86,59631.54,41.84,59589.7
8,24,3,4,16,24,15410.64,155.23,15255.41
467,11,1,24,15,59,54887.7,47.5,54840.2
29,5,3,10,4,49,32342.45,57.28,32285.17
641,30,1,7,16,24,10363.68,14.91,10348.77
48,3,3,7,4,85,32858.45,3.07,32855.38
315,7,3,15,17,38,2584.38,9.18,2575.2000000000003
174,28,2,3,16,38,1756.7399999999998,5.84,1750.9
712,14,2,1,4,12,5533.08,8.87,5524.21
443,31,2,10,16,2,457.64,64.67,392.97
251,15,1,14,2,20,13867.8,21.34,13846.46
730,13,2,25,2,69,58472.67,120.18,58352.49
16,11,3,11,8,28,26048.4,99.19,25949.21
19,3,1,3,17,70,27059.9,80.49,26979.41
557,14,3,9,2,19,8760.71,76.78,8683.929999999998
673,16,2,10,17,4,2604.44,102.2,2502.24
81,9,1,6,17,12,5197.200000000001,119.15,5078.050000000001
522,23,1,9,17,94,93542.22,216.29,93325.93
730,15,3,9,17,79,54777.81,37.45,54740.36
706,15,3,9,17,41,28428.99,16.05,28412.94
659,16,2,5,17,10,6511.1,18.48,6492.620000000001
405,36,1,21,15,71,67558.63,227.79,67330.84000000001
730,13,1,3,17,99,83895.56999999999,230.75,83664.81999999999
500,16,1,15,2,11,7162.21,161.94,7000.27
1,13,1,24,15,36,30507.48,1.41,30506.07
356,30,1,18,16,93,40159.26,0.65,40158.61
730,36,2,14,8,35,33303.55,163.27,33140.28
230,7,3,3,15,85,5780.85,9.73,5771.120000000001
713,3,3,10,2,76,29379.32,28.13,29351.19
365,16,2,24,16,69,44926.59,184.18,44742.41
277,15,3,18,16,68,47150.52,3.96,47146.56
635,21,3,11,2,98,63930.3,170.11,63760.19
651,28,2,14,8,29,1340.6699999999998,8.05,1332.62
485,15,2,5,2,6,4160.34,148.87,4011.47
287,31,1,23,4,38,8695.16,53.71,8641.45
645,23,2,12,4,55,54732.15,66.32,54665.83
661,24,1,9,2,58,37242.38,46.98,37195.4
281,21,1,3,4,8,3464.8,4.09,3460.71
730,43,1,8,8,23,6178.030000000001,24.83,6153.200000000001
4,23,2,10,2,11,10946.43,236.95,10709.48
436,1,1,3,4,88,57406.8,85.62,57321.18
283,16,3,8,15,56,36462.16,61.72,36400.44
677,7,2,19,8,17,1156.17,9.67,1146.5
122,7,2,1,4,52,3536.5200000000004,7.61,3528.9100000000003
714,15,1,7,4,48,33282.72,143.94,33138.78
491,23,2,23,15,63,62693.19,169.88,62523.310000000005
483,43,2,17,8,99,26592.390000000003,77.28,26515.110000000004
322,1,1,19,16,86,56102.1,105.18,55996.92
194,13,2,7,4,38,32202.34,207.8,31994.54
416,43,2,24,2,75,20145.75,61.5,20084.25
730,4,1,21,4,85,30940.85,39.54,30901.31
730,9,2,25,17,69,29883.9,120.61,29763.29
38,17,2,18,4,79,66375.01000000001,175.54,66199.47000000002
598,14,1,14,4,8,3688.72,89.48,3599.24
139,36,3,17,16,32,30448.96,261.86,30187.1
476,30,1,17,15,81,34977.42,3.15,34974.27
475,23,2,14,17,34,33834.42,255.05,33579.369999999995
270,30,3,10,15,31,13386.42,23.2,13363.22
730,21,1,14,8,80,52804.0,129.8,52674.2
520,5,3,23,15,28,18481.4,110.49,18370.91
663,16,2,1,15,16,10417.76,44.29,10373.47
730,28,3,18,15,14,647.2199999999999,5.54,641.68
730,23,3,17,16,99,98517.87,46.14,98471.73
494,13,1,9,8,38,32202.34,36.11,32166.23
730,23,1,11,4,26,25873.38,98.81,25774.57
686,3,3,9,17,54,20874.78,45.98,20828.8
392,24,3,11,4,80,51368.8,6.84,51361.96000000001
513,28,1,12,16,43,1987.89,6.03,1981.86
499,13,3,14,15,93,78810.98999999999,110.53,78700.45999999999
335,31,2,5,16,50,11441.0,64.25,11376.75
730,36,2,1,8,61,58043.33,191.51,57851.82
126,24,3,18,8,63,40452.93,31.38,40421.55
573,24,2,12,4,11,7063.21,89.57,6973.64
314,21,2,19,17,42,1941.66,4.8,1936.86
481,17,2,18,8,53,44530.07,206.86,44323.21
615,7,1,23,16,96,6528.960000000001,16.6,6512.360000000001
209,1,1,1,2,56,36531.6,163.55,36368.05
686,9,1,7,4,55,23820.5,123.52,23696.98
555,15,2,9,8,72,49924.08,10.83,49913.25
174,4,3,11,8,21,7644.21,72.62,7571.59
224,11,3,9,15,31,28839.3,180.72,28658.58
413,1,2,15,8,80,52188.0,129.8,52058.2
137,21,3,18,16,67,44223.35,123.7,44099.65
44,31,3,19,16,66,15102.12,47.68,15054.44
655,7,1,18,17,10,680.1,11.63,668.47
730,30,3,25,2,54,23318.28,112.29,23205.99
257,16,2,21,15,66,42973.26,26.36,42946.9
354,9,1,18,15,83,35947.3,94.93,35852.37
227,28,1,3,15,85,3929.55,4.86,3924.69
355,11,3,17,8,39,36281.7,15.92,36265.78
661,7,3,17,15,55,3740.55,15.21,3725.34
399,23,3,7,17,1,995.13,168.61,826.52
267,36,3,15,17,39,37109.67,226.62,36883.05
324,21,1,11,17,77,76625.01,43.69,76581.31999999999
593,21,3,12,15,22,20933.66,193.54,20740.12
533,3,3,14,17,88,34018.16,27.16,33990.99999999999
184,4,3,1,16,72,26208.72,67.86,26140.86
161,13,1,15,16,88,74573.84,129.12,74444.72
219,7,3,8,15,92,6256.92,18.52,6238.4
616,4,2,24,15,20,7280.2,82.03,7198.17
202,28,2,12,2,50,2311.5,1.44,2310.06
260,36,2,18,8,100,95153.0,29.65,95123.35
730,14,2,12,15,27,12449.429999999998,30.52,12418.909999999998
546,43,1,9,16,48,12893.28,77.86,12815.42
63,3,2,23,8,75,28992.75,113.46,28879.29
74,17,1,5,17,41,34447.79,45.39,34402.4
452,15,1,12,2,17,11787.63,200.07,11587.56
643,23,2,6,15,40,39805.2,85.27,39719.93
10,24,2,12,2,75,48158.25,69.03,48089.22
97,22,3,3,15,37,32295.45,217.52,32077.93
190,24,3,7,4,42,26968.62,10.67,26957.95
308,24,2,8,2,43,27610.73,81.65,27529.08
10,16,3,9,2,26,16928.86,136.23,16792.63
666,43,2,9,2,70,18802.7,35.57,18767.13
107,15,3,4,8,71,49230.69,119.02,49111.670000000006
655,28,2,15,17,86,3975.78,1.32,3974.46
715,15,1,18,17,2,1386.78,52.56,1334.22
53,31,3,15,8,96,21966.72,9.04,21957.68
694,14,2,21,8,93,42881.37,88.03,42793.34
700,4,1,24,15,29,10556.29,36.63,10519.66
214,15,1,18,8,63,43683.57,197.14,43486.43
694,3,1,25,17,8,3092.56,97.87,2994.69
664,17,2,18,4,36,30246.840000000004,212.97,30033.870000000003
527,5,1,18,15,43,28382.15,81.17,28300.98
193,21,2,24,8,51,13699.11,74.94,13624.17
293,21,3,8,15,91,20822.62,24.75,20797.87
56,22,2,19,15,75,65463.75,205.48,65258.27
341,24,1,23,4,82,52653.02,111.68,52541.34
730,4,2,15,15,77,28028.77,63.89,27964.88
360,9,1,14,17,94,40711.4,74.65,40636.75
84,21,2,4,4,45,12087.45,57.04,12030.41
221,43,1,11,4,89,23906.29,59.08,23847.21
629,30,1,7,15,77,33250.14,75.91,33174.23
42,28,3,19,17,3,138.69,11.86,126.83
730,1,1,23,16,12,7828.200000000001,98.38,7729.820000000001
298,1,2,21,17,89,58059.15,195.14,57864.01
210,21,3,21,17,97,62284.67,100.7,62183.97
620,14,3,23,4,62,28587.58,2.67,28584.91
716,15,2,3,8,75,52004.25,152.7,51851.55
52,7,3,21,16,5,340.05,15.64,324.41
495,7,2,15,2,67,4556.67,5.16,4551.51
222,30,2,11,15,5,2159.1,106.74,2052.36
15,24,3,21,4,72,46231.92,153.91,46078.01
397,31,3,14,16,61,13958.02,16.41,13941.61
270,14,3,8,2,75,34581.75,12.26,34569.49
698,17,1,12,16,69,57973.11,92.83,57880.28
198,1,3,7,15,21,13699.35,74.04,13625.31
707,21,1,11,2,66,28500.12,89.25,28410.87
730,4,1,15,2,86,31304.86,97.49,31207.37
532,13,1,17,4,22,18643.46,72.52,18570.94
631,5,3,7,15,2,1320.1,23.62,1296.48
652,14,2,12,8,40,18443.6,121.45,18322.15
717,43,2,25,4,96,25786.56,30.1,25756.460000000003
261,3,3,12,15,55,21261.35,27.78,21233.57
345,15,3,8,17,66,45763.74,49.58,45714.16
528,30,1,10,17,32,13818.24,57.31,13760.93
49,14,1,15,16,56,25821.04,127.34,25693.7
730,13,2,25,8,82,69489.26,166.29,69322.97
207,23,2,7,8,32,31844.16,176.69,31667.47
382,15,3,17,16,20,13867.8,79.61,13788.19
387,21,2,24,15,3,1299.3000000000002,57.5,1241.8000000000002
529,17,3,10,15,16,13443.04,242.87,13200.17
174,16,3,19,15,40,26044.4,181.32,25863.08
730,36,3,17,15,80,76122.4,262.44,75859.95999999999
377,30,3,23,16,22,9500.04,71.69,9428.35
730,7,1,18,8,91,6188.910000000001,7.24,6181.670000000001
66,7,1,6,2,79,5372.79,19.19,5353.6
730,4,1,4,2,39,14196.39,40.71,14155.68
665,24,3,19,2,40,25684.4,76.53,25607.870000000003
494,43,3,1,15,82,22026.02,2.88,22023.14
282,30,1,21,15,74,31954.68,19.33,31935.35
606,5,2,21,16,56,36962.8,140.3,36822.49999999999
112,17,2,9,15,45,37808.55,70.81,37737.740000000005
377,4,1,21,16,98,35672.98,42.43,35630.55
305,28,3,18,8,59,2727.57,5.36,2722.21
315,4,3,3,8,76,27664.76,31.09,27633.67
558,28,2,25,4,80,3698.4,8.79,3689.61
474,13,3,14,15,64,54235.52,240.44,53995.08
223,3,2,10,8,35,13529.95,92.28,13437.669999999998
705,11,2,12,16,47,43724.1,70.14,43653.96
730,1,3,5,17,34,22179.9,156.61,22023.29
636,7,2,21,17,33,2244.3300000000004,10.64,2233.6900000000005
410,3,1,14,16,75,28992.75,42.41,28950.34
602,1,2,6,15,38,24789.3,140.21,24649.09
598,30,3,7,16,83,35841.06,107.16,35733.899999999994
576,9,3,17,2,1,433.1,112.82,320.28000000000003
200,43,2,9,15,34,9132.74,10.22,9122.52
409,22,1,17,2,53,46261.05,202.07,46058.98
111,17,3,25,15,62,52091.780000000006,121.11,51970.670000000006
141,1,2,19,4,91,59363.85,129.5,59234.35
664,13,2,18,16,22,18643.46,209.65,18433.81
257,28,2,19,16,74,3421.02,4.37,3416.65
193,43,3,5,8,68,18265.48,5.16,18260.32
718,28,2,12,15,76,3513.48,2.49,3510.99
246,14,2,15,8,50,23054.5,113.45,22941.05
26,21,3,14,17,46,31895.94,116.6,31779.34
719,22,1,21,4,93,81175.05,39.67,81135.38
537,17,3,25,15,7,5881.33,222.93,5658.4
37,31,2,25,17,70,16017.4,9.12,16008.28
241,15,3,5,15,84,58244.76,187.45,58057.310000000005
569,1,1,10,17,86,56102.1,75.08,56027.02
500,21,2,24,16,76,3513.48,12.82,3500.6599999999994
51,14,3,12,16,44,20287.96,32.52,20255.44
43,22,1,24,17,9,7855.650000000001,33.63,7822.02
319,5,1,24,15,96,63364.8,105.36,63259.44
567,28,1,8,2,16,739.68,8.31,731.37
443,5,1,7,15,63,41583.15,84.21,41498.94
326,22,3,21,8,69,60226.65,207.6,60019.05
337,21,3,5,2,22,14351.7,3.78,14347.92
42,31,1,12,4,96,21966.72,0.75,21965.97
591,9,2,23,15,49,21221.9,88.39,21133.51
444,36,2,17,16,49,46624.97,266.6,46358.37
154,5,1,9,2,57,37622.85,169.73,37453.12
623,24,2,9,2,15,9631.65,41.1,9590.55
558,15,2,12,8,89,61711.71,62.93,61648.78
196,13,2,24,16,91,77116.12999999999,67.08,77049.04999999999
370,1,1,7,16,41,26746.35,94.61,26651.74
117,36,3,3,2,77,73267.81,253.52,73014.29
108,43,3,18,8,72,19339.92,28.75,19311.17
122,5,1,4,16,44,29042.2,166.29,28875.91
157,43,1,23,17,89,23906.29,49.53,23856.76
580,30,2,23,16,70,30227.4,68.13,30159.27
577,7,2,6,15,98,6664.9800000000005,14.12,6650.860000000001
587,21,1,17,15,25,21185.75,238.3,20947.45
369,31,1,12,15,2,457.64,59.97,397.67
377,14,1,4,2,94,43342.46,81.51,43260.95
83,23,1,18,17,42,41795.46,240.88,41554.58
8,1,3,6,2,12,7828.200000000001,181.01,7647.19
582,13,2,12,2,70,59320.1,225.71,59094.39
519,7,2,25,15,8,544.08,3.98,540.1
306,43,3,8,8,100,26861.0,75.91,26785.09
641,30,3,7,8,2,863.64,32.95,830.6899999999999
466,16,1,12,2,57,37113.27,147.76,36965.51
216,5,3,10,4,37,24421.85,174.4,24247.45
456,23,2,3,4,39,38810.07,114.34,38695.73
2,31,1,10,16,13,2974.66,17.18,2957.48
49,36,2,3,17,48,45673.44,101.66,45571.78
680,9,2,19,4,32,13859.2,16.64,13842.56
38,30,3,10,16,2,863.64,20.47,843.17
207,21,2,18,2,45,29355.75,40.05,29315.7
496,21,3,25,8,44,29042.2,23.19,29019.01
580,1,2,10,16,21,13699.35,102.8,13596.55
673,28,2,7,4,48,2219.04,2.05,2216.99
730,4,2,19,8,48,17472.48,45.31,17427.17
518,4,1,1,16,17,6188.17,20.74,6167.43
730,15,2,12,16,61,42296.79,205.0,42091.79
578,21,3,10,16,8,6779.44,39.1,6740.339999999999
509,15,3,10,4,58,40216.62,26.63,40189.990000000005
730,23,2,15,17,26,25873.38,205.69,25667.69
490,1,1,5,4,2,1304.7,4.01,1300.69
264,16,1,18,4,58,37764.38,56.26,37708.12
300,31,2,17,8,38,8695.16,46.17,8648.99
85,14,3,4,17,66,30431.94,97.91,30334.03
226,30,3,25,17,11,4750.02,38.32,4711.7
467,22,2,24,8,11,9601.35,150.83,9450.52
276,3,2,10,17,58,22421.06,93.19,22327.870000000003
490,16,3,6,16,75,48833.25,145.15,48688.1
277,21,1,17,17,29,12522.78,43.31,12479.47
103,3,3,6,16,91,35177.87,44.42,35133.450000000004
201,31,3,12,2,80,18305.6,21.48,18284.12
630,13,2,19,15,68,57625.24,60.07,57565.17
270,30,3,7,2,40,17272.8,49.38,17223.42
376,11,2,8,16,6,5581.799999999999,22.64,5559.159999999999
712,11,3,3,16,35,32560.5,191.09,32369.41
312,36,2,25,4,88,83734.64,79.78,83654.86
654,7,1,3,16,69,4692.6900000000005,6.36,4686.330000000001
608,14,1,6,16,67,30893.03,109.75,30783.28
618,4,2,17,2,2,728.02,95.94,632.0799999999999
617,23,1,17,17,48,47766.24,184.93,47581.31
486,3,1,11,8,55,21261.35,27.6,21233.75
286,1,3,5,8,19,12394.65,26.0,12368.65
475,23,1,11,16,15,14926.95,2.88,14924.070000000002
620,7,3,4,8,22,1496.22,12.34,1483.88
378,43,3,23,8,73,19608.53,69.74,19538.79
63,1,1,8,16,16,10437.6,49.9,10387.7
289,17,1,25,8,82,68895.58,68.58,68827.0
230,24,2,5,4,76,48800.36,99.14,48701.22
62,24,3,18,17,80,51368.8,105.43,51263.37
289,23,3,21,17,86,85581.18,58.14,85523.04
430,28,3,6,16,55,2542.65,3.4,2539.2499999999995
400,22,3,8,17,90,78556.5,197.59,78358.91
345,22,1,24,4,30,26185.5,211.31,25974.19
730,5,1,8,4,44,29042.2,122.77,28919.43
551,9,3,19,16,34,14725.4,20.39,14705.010000000002
305,36,3,18,2,6,5709.18,131.01,5578.17
730,16,3,1,16,49,31904.39,122.96,31781.43
720,43,3,4,4,69,18534.09,51.0,18483.09
618,5,2,1,16,21,13861.05,103.16,13757.89
730,24,3,15,15,82,52653.02,69.1,52583.920000000006
223,24,2,15,2,13,8347.43,109.75,8237.68
80,7,3,3,4,41,2788.4100000000003,17.36,2771.05
242,9,1,18,15,79,34214.9,59.89,34155.01
546,7,1,12,17,64,4352.64,6.68,4345.96
730,23,1,10,8,9,8956.17,121.39,8834.78
117,31,3,14,8,36,8237.52,66.52,8171.0
391,7,3,23,17,48,3264.4800000000005,11.49,3252.9900000000007
367,30,2,9,8,45,19431.9,56.45,19375.45
226,1,2,23,8,70,45664.5,155.01,45509.49
372,22,1,19,8,26,22694.1,114.5,22579.6
558,23,2,14,15,79,78615.27,114.94,78500.33
196,23,1,7,15,4,3980.52,169.94,3810.58
535,30,3,21,16,47,20295.54,45.43,20250.11
225,1,3,19,2,31,20222.85,31.2,20191.65
721,15,1,19,8,37,25655.43,98.88,25556.55
369,17,2,3,8,58,48731.02,127.95,48603.07000000001
522,31,1,5,2,66,15102.12,35.33,15066.79
730,36,1,21,2,43,40915.79,14.62,40901.17
234,23,1,24,4,43,42790.59,2.02,42788.57
66,43,3,17,4,1,268.61,1.55,267.06
284,4,2,11,17,85,30940.85,106.42,30834.43
505,15,3,12,17,3,2080.17,88.28,1991.89
24,5,3,3,17,92,60724.6,192.2,60532.4
730,23,2,15,17,70,69659.1,126.16,69532.94
408,22,1,4,16,30,26185.5,6.9,26178.6
272,5,1,25,15,82,54124.1,10.95,54113.15
70,30,1,5,2,98,42318.36,78.3,42240.06
106,4,3,7,2,27,9828.27,6.72,9821.55
261,21,2,17,4,36,13104.36,37.36,13067.0
75,36,2,18,4,43,40915.79,129.65,40786.14
426,21,3,12,4,61,16385.21,28.05,16357.16
615,23,1,23,8,49,48761.37,237.19,48524.18
612,30,3,8,8,18,7772.76,111.62,7661.14
361,7,2,18,15,96,6528.960000000001,5.34,6523.620000000001
180,16,1,4,16,72,46879.92,165.47,46714.45
97,3,2,15,2,15,5798.55,79.65,5718.900000000001
730,15,3,24,8,47,32589.33,39.79,32549.54
385,21,2,19,4,95,6460.950000000001,1.76,6459.1900000000005
73,7,1,3,15,95,6460.950000000001,15.25,6445.700000000001
713,7,3,24,17,67,4556.67,4.46,4552.21
506,21,2,24,8,38,31927.22,146.6,31780.620000000003
662,30,3,4,2,53,22886.46,67.04,22819.42
599,9,3,8,4,15,6496.5,26.88,6469.62
539,16,2,11,15,49,31904.39,9.59,31894.8
278,23,3,18,4,43,42790.59,112.04,42678.55
730,24,3,4,8,34,21831.74,149.93,21681.81
444,1,3,4,15,25,16308.75,182.77,16125.98
419,13,3,21,4,44,37286.92,191.07,37095.85
348,11,3,18,4,31,28839.3,135.92,28703.38
601,17,1,3,2,35,29406.65,1.37,29405.28
491,22,1,25,17,20,17457.0,138.02,17318.98
418,17,2,9,2,55,46210.45,190.14,46020.310000000005
193,28,1,18,2,55,2542.65,10.44,2532.21
31,4,2,3,15,6,2184.06,21.85,2162.21
301,21,2,18,2,39,1802.97,8.82,1794.15
165,1,2,24,8,77,50230.95,54.12,50176.83
411,24,2,25,17,30,19263.3,89.91,19173.39
377,23,3,4,8,100,99513.0,266.87,99246.13
457,36,2,12,15,44,41867.32,123.87,41743.45
402,4,2,17,2,36,13104.36,53.35,13051.01
714,21,2,7,4,24,22836.72,123.46,22713.26
399,13,2,15,17,51,43218.93,176.89,43042.04
572,1,2,5,4,1,652.35,114.52,537.83
387,24,1,23,16,56,35958.16,25.7,35932.46000000001
535,7,1,12,15,71,4828.71,20.31,4808.4
289,14,2,24,2,94,43342.46,90.76,43251.7
278,36,2,17,4,94,89443.81999999999,49.02,89394.79999999999
730,7,1,1,17,72,4896.72,1.26,4895.46
689,15,1,25,8,73,50617.47,101.19,50516.28
130,43,3,4,8,93,24980.73,34.64,24946.09
530,24,1,9,4,25,16052.75,38.06,16014.69
156,30,2,9,8,76,32818.32,100.64,32717.68
229,31,3,18,4,83,18992.06,61.57,18930.49
497,22,1,21,8,30,26185.5,211.8,25973.7
109,31,2,8,8,68,15559.76,64.13,15495.63
508,22,2,18,8,28,24439.8,148.63,24291.17
104,21,1,6,17,38,16409.16,15.94,16393.22
484,43,1,21,17,100,26861.0,6.42,26854.58
68,1,1,18,16,37,24136.95,85.39,24051.56
402,1,3,15,2,79,51535.65,103.24,51432.41
305,21,3,1,16,68,3143.64,7.64,3136.0
81,22,3,10,8,94,82047.90000000001,11.99,82035.91
433,36,2,8,2,45,42818.85,235.1,42583.75
398,30,2,25,2,55,23750.1,44.05,23706.05
680,31,1,1,2,66,15102.12,31.91,15070.21
634,21,2,3,16,23,15947.97,200.96,15747.01
430,28,2,17,4,17,785.91,5.53,780.38
274,31,1,7,17,59,13500.38,9.44,13490.94
116,5,1,3,4,87,57424.35,159.52,57264.83
722,9,1,11,17,24,10394.4,48.9,10345.500000000002
643,36,2,17,17,5,4757.65,219.22,4538.429999999999
636,31,1,21,2,25,5720.5,6.75,5713.75
730,21,1,17,4,75,63557.24999999999,132.8,63424.44999999999
669,22,2,14,16,52,45388.2,137.32,45250.880000000005
113,36,2,24,16,41,39012.73,165.68,38847.05
173,14,2,1,17,60,27665.4,134.04,27531.36
730,13,2,12,8,91,77116.12999999999,245.43,76870.7
102,13,2,10,8,3,2542.29,226.08,2316.21
730,23,1,25,17,34,33834.42,253.53,33580.89
109,16,2,24,2,30,19533.3,101.02,19432.28
508,43,1,10,16,57,15310.77,17.61,15293.16
107,11,3,15,17,64,59539.2,257.87,59281.33
408,3,3,15,15,48,18555.36,107.45,18447.91
150,21,3,11,16,8,2148.88,4.85,2144.03
670,36,1,3,4,87,82783.11,150.33,82632.78
592,28,3,7,2,31,1433.13,12.87,1420.26
516,23,3,4,17,70,69659.1,241.68,69417.42000000001
53,21,3,6,8,6,3960.3,190.52,3769.78
22,30,3,18,15,36,15545.52,91.64,15453.88
501,28,2,23,8,61,2820.03,1.34,2818.69
297,3,2,7,2,97,37497.29,1.37,37495.92
361,22,3,5,15,69,60226.65,198.98,60027.67
730,43,3,19,17,50,13430.5,49.71,13380.79
383,14,3,4,16,76,35042.84,61.66,34981.17999999999
446,21,2,1,8,38,8695.16,65.44,8629.72
314,28,1,24,2,79,3652.17,8.36,3643.81
85,43,2,18,17,33,8864.130000000001,63.08,8801.050000000001
677,16,2,12,4,32,20835.52,174.46,20661.06
543,9,2,10,4,54,23387.4,74.52,23312.88
730,28,1,24,16,80,3698.4,6.53,3691.87
415,16,2,23,4,97,63157.67,126.53,63031.14
684,15,2,7,4,86,59631.54,94.75,59536.79
497,13,2,4,2,89,75421.26999999999,100.67,75320.59999999999
157,21,2,10,8,50,33002.5,63.46,32939.04
548,3,2,5,15,73,28219.61,12.13,28207.48
73,16,3,6,4,12,7813.32,132.62,7680.7
102,13,2,8,8,42,35592.06,158.26,35433.8
641,14,3,6,17,78,35965.02,135.55,35829.469999999994
730,13,1,15,2,93,78810.98999999999,120.07,78690.91999999998
730,13,2,9,16,41,34744.63,26.42,34718.21
517,14,3,12,15,69,31815.21,1.24,31813.97
584,17,2,25,16,46,38648.740000000005,28.76,38619.98
372,1,1,7,2,15,9785.25,168.37,9616.88
328,36,3,21,4,9,8563.77,125.11,8438.66
120,9,2,3,8,90,38979.0,109.87,38869.13
723,43,2,21,16,45,12087.45,17.81,12069.64
666,13,2,7,2,39,33049.77,7.93,33041.84
414,13,3,18,2,68,57625.24,6.65,57618.59
539,23,3,11,2,11,10946.43,207.69,10738.74
730,28,2,23,17,13,600.99,10.49,590.5
717,22,1,11,2,32,27931.2,201.09,27730.11
359,16,3,23,2,98,63808.78,13.13,63795.65
136,4,1,1,2,36,13104.36,100.12,13004.24
366,24,2,1,4,18,11557.98,182.03,11375.95
730,43,2,18,15,2,537.22,54.97,482.25
369,17,2,12,17,51,42849.69,22.23,42827.46
521,7,2,24,8,57,3876.57,11.43,3865.14
525,43,3,18,16,79,21220.19,29.28,21190.910000000003
12,16,1,6,17,74,48182.14,103.67,48078.47
342,43,3,14,15,93,24980.73,20.62,24960.11
58,16,1,17,17,57,37113.27,153.61,36959.66
730,28,1,12,8,40,1849.2,12.1,1837.1
501,31,3,25,4,89,20364.98,67.39,20297.59
611,13,3,25,15,56,47456.08,248.13,47207.95
491,9,1,21,2,33,14292.3,8.21,14284.090000000002
730,30,2,1,16,35,15113.7,84.54,15029.159999999998
235,4,3,21,2,92,33488.92,20.01,33468.91
730,3,3,15,17,45,17395.65,100.54,17295.11
512,43,1,19,8,53,14236.33,52.51,14183.82
674,11,2,5,2,30,27909.0,145.85,27763.15
420,4,2,11,8,76,27664.76,35.12,27629.64
585,22,1,25,15,31,27058.35,5.23,27053.120000000003
41,23,2,18,15,5,4975.65,209.26,4766.389999999999
334,14,1,19,17,43,19826.87,67.23,19759.64
605,7,1,1,4,61,4148.610000000001,6.91,4141.700000000001
497,14,1,4,2,71,32737.39,46.37,32691.02
498,7,3,9,17,55,3740.55,19.51,3721.04
51,7,1,4,15,59,4012.59,11.74,4000.85
696,31,2,21,2,26,5949.32,48.4,5900.92
730,22,2,6,2,52,45388.2,207.75,45180.45
730,14,3,21,16,35,16138.15,135.93,16002.22
597,9,2,24,15,65,28151.5,13.09,28138.41
190,7,2,5,2,64,4352.64,7.44,4345.200000000001
586,7,2,1,8,22,1496.22,7.62,1488.6
82,21,2,21,4,2,92.46,9.24,83.22
63,13,3,8,4,86,72878.98,60.9,72818.08
459,7,2,23,2,98,6664.9800000000005,2.65,6662.330000000001
513,21,2,9,16,21,20897.73,193.03,20704.7
730,15,1,24,2,10,6933.9,156.63,6777.27
559,24,3,5,8,50,32105.5,52.47,32053.03
251,24,1,1,2,39,25042.29,130.68,24911.61
21,24,3,19,17,10,6421.1,126.67,6294.43
438,5,2,7,8,61,40263.05,14.61,40248.44
456,4,1,3,15,39,14196.39,58.33,14138.06
226,14,1,3,4,11,5071.99,23.95,5048.04
579,9,3,7,15,73,31616.300000000003,95.79,31520.51
215,36,1,12,8,2,1903.06,226.91,1676.15
163,30,1,19,2,73,31522.86,97.02,31425.84
724,13,2,15,15,22,18643.46,235.89,18407.57
328,15,2,6,17,52,36056.28,21.49,36034.79
730,3,1,11,2,50,19328.5,103.53,19224.97
324,11,3,18,4,9,8372.699999999999,252.38,8120.319999999999
369,7,3,9,15,39,2652.3900000000003,5.18,2647.2100000000005
65,31,3,5,4,33,7551.059999999999,41.1,7509.959999999999
673,1,2,7,2,28,18265.8,189.06,18076.74
177,17,3,19,15,80,67215.20000000001,109.48,67105.72000000002
351,30,3,9,16,99,42750.18,71.73,42678.45
567,13,1,3,4,91,77116.12999999999,2.77,77113.35999999999
301,7,2,3,16,60,4080.6,8.43,4072.170000000001
405,17,1,19,8,68,57132.920000000006,54.94,57077.98
730,13,3,25,15,64,54235.52,212.21,54023.31
173,30,1,5,8,32,13818.24,122.25,13695.99
695,1,2,1,4,96,62625.600000000006,129.87,62495.73
529,30,1,9,15,2,863.64,61.28,802.36
346,23,1,19,8,22,21892.86,63.72,21829.14
481,43,2,15,17,28,7521.08,37.06,7484.019999999999
172,24,1,25,2,12,7705.32,26.07,7679.25
130,7,2,23,2,64,4352.64,13.56,4339.08
56,17,2,6,2,26,21844.94,224.78,21620.160000000003
428,1,1,18,16,19,12394.65,16.72,12377.93
543,3,1,15,17,41,15849.37,0.54,15848.829999999998
187,30,1,21,15,1,431.82,93.44,338.38
237,17,3,14,2,2,1680.38,244.94,1435.44
10,13,1,9,4,66,55930.38,213.16,55717.22
220,24,3,5,16,61,39168.71,173.08,38995.63
108,16,3,15,8,87,56646.57,62.86,56583.71
110,43,1,6,8,13,3491.9300000000003,64.51,3427.42
177,24,3,9,16,41,26326.51,40.36,26286.15
485,43,3,21,8,39,10475.79,70.74,10405.05
723,30,3,18,2,31,13386.42,125.04,13261.38
6,21,3,12,17,9,7561.710000000001,233.99,7327.720000000001
335,28,3,17,16,93,4299.389999999999,5.45,4293.94
190,5,2,4,16,97,64024.85,27.27,63997.58
44,31,2,19,17,24,5491.68,4.64,5487.04
156,13,2,7,8,11,9321.73,233.1,9088.63
730,15,1,17,2,68,47150.52,6.67,47143.85
27,13,1,15,16,16,13558.88,226.84,13332.04
551,21,3,14,16,53,20488.21,89.63,20398.58
401,11,2,5,16,45,41863.5,57.25,41806.25
730,17,2,8,4,19,15963.61,247.58,15716.03
567,21,2,24,8,47,3196.4700000000003,16.23,3180.24
101,21,1,4,4,21,4805.22,4.14,4801.08
456,21,3,10,2,29,20108.31,38.61,20069.7
730,17,2,11,8,3,2520.57,193.45,2327.1200000000003
126,9,2,6,8,98,42443.8,52.25,42391.55
224,30,3,18,15,28,12090.96,65.61,12025.35
730,21,3,6,17,46,29537.06,123.29,29413.77
673,43,1,17,16,28,7521.08,67.96,7453.12
55,22,3,21,4,78,68082.3,140.82,67941.48
730,43,1,12,17,98,26323.78,21.18,26302.6
627,7,3,3,16,54,3672.54,0.86,3671.68
442,7,2,19,16,51,3468.51,3.58,3464.9300000000003
598,36,2,1,15,86,81831.58,214.44,81617.14
307,36,1,18,15,2,1903.06,22.79,1880.27
551,36,1,6,2,16,15224.48,10.27,15214.21
188,5,3,5,2,91,60064.55,190.88,59873.67
550,30,3,1,4,87,37568.34,106.53,37461.81
67,16,2,15,17,50,32555.5,172.78,32382.72
730,30,1,9,4,66,28500.12,34.44,28465.68
532,14,1,4,2,92,42420.28,88.41,42331.87
117,7,2,11,8,93,6324.93,15.89,6309.04
127,7,3,11,2,49,3332.49,1.83,3330.6600000000003
545,15,2,1,15,17,11787.63,75.0,11712.63
66,23,3,4,4,95,94537.35,149.26,94388.09
430,23,1,7,2,61,60702.93,67.2,60635.73
730,14,3,4,2,37,17060.329999999998,19.58,17040.749999999996
730,3,3,10,17,25,9664.25,71.1,9593.15
284,17,3,11,17,1,840.19,225.89,614.3000000000001
131,4,3,21,4,16,5824.16,107.97,5716.19
555,30,1,23,2,37,15977.34,65.45,15911.89
417,36,3,10,8,73,69461.69,124.52,69337.17
643,5,2,3,8,10,6600.5,191.6,6408.9
730,15,2,17,2,79,54777.81,129.67,54648.14
557,5,3,3,16,20,13201.0,179.1,13021.9
209,15,2,1,8,84,58244.76,191.61,58053.15
591,22,3,12,15,45,39278.25,109.23,39169.02
343,15,1,21,8,13,9014.07,49.66,8964.41
497,17,1,11,17,64,53772.16,26.7,53745.46000000001
69,14,1,8,4,32,14754.88,63.5,14691.38
501,7,1,10,8,40,2720.4,15.99,2704.4100000000003
730,30,1,15,8,12,5181.84,45.02,5136.82
472,21,2,11,8,13,5025.41,43.99,4981.42
577,7,3,7,16,55,3740.55,2.78,3737.77
339,14,2,21,4,28,12910.52,101.49,12809.03
730,3,1,11,17,37,14303.09,113.15,14189.94
197,4,1,5,8,41,14924.41,30.32,14894.09
15,28,2,10,15,32,1479.36,2.31,1477.05
599,36,2,11,17,65,61849.45,146.82,61702.63
188,3,3,4,17,38,14689.66,7.82,14681.84
483,13,3,6,4,94,79658.42,52.76,79605.66
426,15,2,12,17,35,24268.65,185.41,24083.24
121,36,2,15,17,94,89443.81999999999,217.61,89226.20999999999
148,23,1,8,17,35,34829.55,134.31,34695.240000000005
416,21,2,21,8,1,693.39,52.6,640.79
409,43,1,19,16,54,14504.94,63.98,14440.96
324,16,2,12,17,80,52088.8,177.3,51911.5
537,4,3,15,4,9,3276.09,80.74,3195.3500000000004
388,21,2,19,4,71,45589.81,17.79,45572.02
241,22,1,18,2,83,72446.55,114.11,72332.44
423,24,3,9,2,80,51368.8,49.74,51319.060000000005
730,11,3,19,16,78,72563.4,214.55,72348.84999999999
48,17,1,3,17,68,57132.920000000006,239.36,56893.560000000005
365,1,2,4,8,30,19570.5,25.35,19545.15
478,28,2,7,8,80,3698.4,7.86,3690.54
569,7,2,11,15,49,3332.49,8.32,3324.17
730,16,3,7,8,5,3255.55,194.05,3061.5
557,4,1,17,2,60,21840.6,106.86,21733.74
723,16,2,23,17,80,52088.8,114.18,51974.62
571,17,2,23,16,54,45370.26,130.53,45239.73
274,14,2,23,2,39,17982.51,3.86,17978.649999999998
365,7,1,23,8,28,1904.28,11.42,1892.86
697,22,1,19,16,10,8728.5,187.65,8540.85
148,23,1,17,16,46,45775.98,110.78,45665.2
725,30,2,4,16,94,40591.08,46.31,40544.77
420,21,3,21,2,100,95153.0,227.17,94925.83
385,24,3,14,17,3,1926.33,145.02,1781.31
85,22,2,6,16,5,4364.25,36.45,4327.8
203,21,3,11,15,93,42881.37,28.57,42852.8
694,36,2,19,8,55,52334.15,208.22,52125.93
489,21,1,4,16,79,68955.15000000001,163.95,68791.20000000001
502,16,1,25,2,58,37764.38,2.34,37762.04
270,21,3,11,16,30,29853.9,239.36,29614.54
160,21,1,19,2,100,26861.0,43.35,26817.65
107,1,1,8,15,67,43707.45,116.24,43591.21000000001
405,31,2,9,17,71,16246.22,24.14,16222.08
391,3,3,18,16,13,5025.41,107.29,4918.12
180,15,1,17,4,41,28428.99,165.27,28263.72
730,14,3,23,17,15,6916.349999999999,77.25,6839.099999999999
367,24,3,7,2,44,28252.84,118.54,28134.3
205,21,1,24,8,16,15922.08,56.01,15866.07
477,1,2,18,8,19,12394.65,113.76,12280.89
160,36,3,1,4,20,19030.6,252.87,18777.73
694,24,3,21,8,98,62926.78,115.58,62811.2
641,28,2,25,4,9,416.07,4.23,411.84
249,4,3,19,2,14,5096.139999999999,75.81,5020.329999999999
716,17,2,21,4,44,36968.36,77.98,36890.38
678,36,1,12,4,29,27594.37,184.02,27410.35
522,9,2,17,8,11,4764.1,103.51,4660.59
194,24,2,23,17,52,33389.72,154.63,33235.090000000004
730,43,2,8,8,67,17996.870000000003,4.52,17992.350000000002
67,9,1,17,15,5,2165.5,116.92,2048.58
723,43,3,7,8,26,6983.860000000001,51.71,6932.150000000001
679,23,3,12,8,48,47766.24,177.48,47588.76
373,17,1,18,4,4,3360.76,180.44,3180.32
447,22,1,17,16,74,64590.9,96.36,64494.54
89,16,1,11,4,57,37113.27,57.53,37055.740000000005
410,31,1,15,2,50,11441.0,55.16,11385.84
186,13,1,19,17,69,58472.67,4.24,58468.43
189,36,2,21,16,46,43770.38,21.83,43748.55
451,7,3,1,17,46,3128.46,17.94,3110.52
531,9,2,7,8,82,35514.200000000004,107.72,35406.48
721,36,3,1,16,54,51382.62,244.15,51138.47
596,5,2,9,15,24,15841.2,7.68,15833.52
380,4,3,1,16,95,34580.95,96.49,34484.46
578,17,2,10,8,53,44530.07,22.4,44507.67
730,14,3,18,2,5,2305.45,2.57,2302.88
697,21,3,12,17,12,10474.2,71.84,10402.36
5,36,2,3,15,65,61849.45,186.49,61662.96
730,21,1,5,2,47,44721.91,53.26,44668.65
3,36,1,3,4,42,39964.26,173.49,39790.77
372,7,3,19,4,46,3128.46,7.54,3120.92
227,22,1,1,15,40,34914.0,92.05,34821.95
542,30,2,12,15,24,10363.68,46.42,10317.26
634,21,2,11,2,50,11441.0,52.05,11388.95
107,28,2,17,15,14,647.2199999999999,0.07,647.1499999999999
730,36,2,17,4,80,76122.4,249.49,75872.90999999999
522,36,2,6,17,46,43770.38,122.1,43648.28
87,31,3,6,2,87,19907.34,50.4,19856.94
560,36,2,23,4,9,8563.77,212.2,8351.57
369,43,3,15,17,67,17996.870000000003,59.88,17936.99
194,14,2,23,2,37,17060.329999999998,83.32,16977.01
18,15,3,25,15,13,9014.07,147.39,8866.68
730,9,1,21,2,68,29450.800000000003,1.92,29448.880000000005
452,14,1,17,16,80,36887.2,95.55,36791.65
177,24,2,24,4,16,10273.76,150.55,10123.21
10,22,3,17,15,23,20075.55,4.69,20070.86
330,14,3,12,15,16,7377.44,69.75,7307.69
649,9,2,9,15,76,32915.6,109.17,32806.43
396,43,2,5,2,43,11550.23,11.6,11538.63
560,30,2,17,15,44,19000.08,106.61,18893.47
41,9,2,1,15,29,12559.9,72.96,12486.940000000002
434,31,3,3,4,97,22195.54,65.01,22130.53
317,22,3,18,8,48,41896.8,152.3,41744.5
649,9,3,3,17,14,6063.400000000001,59.72,6003.68
154,21,3,9,16,7,6965.91,18.93,6946.98
197,21,3,9,15,14,952.14,7.73,944.41
142,21,3,19,8,84,30576.84,82.43,30494.41
354,5,3,25,8,73,48183.65,39.04,48144.60999999999
677,15,1,12,17,9,6240.51,4.02,6236.49
44,4,1,25,16,61,22204.61,72.87,22131.74
328,3,1,5,16,26,10050.82,83.39,9967.43
396,30,3,1,8,66,28500.12,63.23,28436.89
730,31,3,9,15,35,8008.7,29.01,7979.69
364,31,3,23,8,42,9610.44,51.19,9559.25
312,23,3,15,15,49,48761.37,181.15,48580.22
21,36,3,9,17,7,6660.71,61.91,6598.8
616,36,1,15,2,63,59946.39,160.42,59785.97
327,16,3,5,16,62,40368.82,160.99,40207.83
26,15,3,19,4,38,26348.82,201.64,26147.18
488,23,2,9,4,84,83590.92,210.92,83380.0
730,11,3,24,17,86,80005.8,66.75,79939.05
511,31,1,24,16,45,10296.9,63.6,10233.3
118,30,2,7,17,87,37568.34,89.61,37478.73
383,4,2,9,8,19,6916.19,54.85,6861.339999999999
389,31,3,17,2,31,7093.42,48.32,7045.1
320,15,2,25,2,10,6933.9,0.94,6932.96
160,7,1,6,4,63,4284.63,3.74,4280.89
32,21,3,24,17,53,44530.07,220.63,44309.44
730,17,1,14,8,30,25205.7,208.06,24997.64
605,9,2,9,8,42,18190.2,69.56,18120.64
78,17,2,19,16,79,66375.01000000001,29.92,66345.09000000001
396,23,3,14,15,6,5970.78,174.53,5796.25
730,21,3,23,17,36,23439.96,184.36,23255.6
730,31,2,9,16,3,686.46,56.96,629.5
99,23,2,1,8,9,8956.17,94.6,8861.57
23,30,3,7,8,73,31522.86,52.27,31470.59
240,13,3,14,17,2,1694.86,25.58,1669.28
336,21,2,15,2,98,4530.54,10.08,4520.46
63,7,2,14,8,37,2516.3700000000003,19.74,2496.630000000001
373,36,3,10,16,41,39012.73,131.19,38881.53999999999
189,7,2,21,16,100,6801.000000000001,6.6,6794.400000000001
580,28,2,6,4,99,4576.77,11.26,4565.509999999999
730,43,3,10,4,52,13967.72,21.36,13946.36
218,16,3,12,4,64,41671.04,26.42,41644.62
384,13,1,23,17,38,32202.34,81.39,32120.95
605,11,1,10,2,13,12093.9,170.95,11922.95
730,31,1,6,17,63,14415.66,2.76,14412.9
38,31,1,21,4,81,18534.42,28.36,18506.06
418,21,1,8,17,21,9682.89,20.9,9661.99
593,11,1,11,17,26,24187.8,80.41,24107.39
383,1,3,24,16,47,30660.45,77.58,30582.87
71,11,2,12,8,19,17675.7,234.73,17440.97
338,22,3,3,4,98,85539.3,1.38,85537.92
271,21,3,24,4,1,872.85,174.59,698.26
416,4,3,18,8,3,1092.03,88.85,1003.18
730,11,1,9,16,67,62330.1,32.45,62297.65
571,3,1,25,4,26,10050.82,111.89,9938.93
531,22,3,25,17,69,60226.65,151.89,60074.76
264,15,1,4,4,96,66565.44,79.64,66485.8
583,17,3,23,2,68,57132.920000000006,129.68,57003.240000000005
438,15,1,19,4,66,45763.74,12.3,45751.44
112,3,2,11,4,46,17782.22,96.49,17685.73
663,15,2,1,17,80,55471.2,94.28,55376.92
35,21,2,9,4,48,31682.4,185.82,31496.58
469,1,2,7,15,64,41750.4,45.07,41705.33
233,22,3,9,2,37,32295.45,50.71,32244.74
390,11,3,21,15,88,81866.4,123.48,81742.92
244,31,2,6,16,68,15559.76,33.4,15526.36
730,31,3,4,2,32,7322.24,4.78,7317.46
335,13,3,11,4,51,43218.93,137.91,43081.02
627,30,3,23,8,9,3886.38,26.33,3860.05
641,7,3,1,4,99,6732.990000000001,10.14,6722.85
127,3,3,5,17,43,16622.51,56.92,16565.59
572,13,3,1,16,9,7626.87,127.28,7499.59
333,21,3,15,2,93,64485.27,191.04,64294.23
397,15,2,7,15,84,58244.76,128.56,58116.2
113,31,3,14,17,74,16932.68,64.24,16868.44
590,24,1,23,15,3,1926.33,181.32,1745.01
603,22,3,17,17,32,27931.2,150.34,27780.86
300,15,3,15,17,45,31202.55,24.12,31178.43
730,14,2,21,16,74,34120.66,49.8,34070.85999999999
617,3,1,5,8,7,2705.99,97.53,2608.46
713,21,2,8,4,25,16501.25,7.75,16493.5
730,43,2,11,8,84,22563.24,9.41,22553.83
720,4,1,11,17,48,17472.48,22.96,17449.52
576,14,3,1,2,6,2766.54,67.15,2699.39
588,36,3,5,4,49,46624.97,78.99,46545.98
458,14,3,1,17,19,8760.71,28.02,8732.689999999999
706,3,1,25,4,77,29765.89,70.86,29695.03
564,21,1,25,8,44,28703.4,53.36,28650.04
408,3,1,15,4,49,18941.93,21.34,18920.59
536,14,2,10,16,100,46109.0,21.53,46087.47
424,13,1,14,4,22,18643.46,167.24,18476.22
460,4,1,17,8,31,11284.31,101.99,11182.32
144,3,3,4,17,92,35564.44,96.71,35467.73
212,4,1,4,17,22,8008.219999999999,2.54,8005.679999999999
125,9,2,7,4,74,32049.4,108.59,31940.81
641,22,2,1,16,74,64590.9,69.79,64521.11
730,14,1,14,8,28,12910.52,54.67,12855.85
442,4,2,6,17,22,8008.219999999999,88.91,7919.309999999999
155,31,1,25,16,41,9381.62,39.66,9341.96
260,5,2,18,4,38,25081.9,0.81,25081.09
173,1,3,6,15,49,31965.15,79.18,31885.97
469,5,2,24,16,47,31022.35,56.63,30965.72
80,9,3,19,17,92,39845.2,116.96,39728.240000000005
382,14,1,6,15,95,43803.55,32.03,43771.52
69,23,1,24,2,41,40800.33,80.92,40719.41
94,15,1,17,17,88,61018.32,187.23,60831.09
576,4,3,23,16,49,17836.489999999998,24.67,17811.82
432,4,1,8,15,53,19292.53,84.49,19208.04
227,4,3,25,4,76,27664.76,25.66,27639.1
203,17,3,25,2,51,42849.69,70.11,42779.58
713,5,1,21,16,49,32342.45,167.2,32175.25
295,23,3,9,8,68,67668.84,48.41,67620.43
75,43,1,11,4,74,19877.14,11.55,19865.59
730,9,1,4,8,44,19056.4,61.93,18994.47
70,17,3,3,17,69,57973.11,146.92,57826.19
730,36,3,1,2,88,83734.64,76.47,83658.17
179,11,1,3,2,95,88378.5,167.85,88210.65
13,14,1,1,16,57,26282.13,16.59,26265.54
184,3,1,17,4,9,3479.13,88.03,3391.1
266,15,2,3,17,5,3466.95,125.07,3341.88
726,16,1,21,8,4,2604.44,128.49,2475.95
674,14,3,1,16,33,15215.97,73.44,15142.53
163,15,2,12,17,72,49924.08,140.57,49783.51
47,14,2,4,17,72,33198.48,134.43,33064.05
180,13,3,14,17,87,73726.40999999999,193.84,73532.56999999999
730,36,1,17,2,76,72316.28,115.5,72200.78
248,13,2,9,2,87,73726.40999999999,227.12,73499.29
730,7,1,4,17,21,1428.21,11.49,1416.72
382,28,2,11,8,87,4022.01,2.26,4019.75
383,13,2,1,17,9,7626.87,163.23,7463.64
573,43,3,15,17,45,12087.45,11.77,12075.68
140,5,3,15,4,67,44223.35,97.47,44125.88
200,31,2,23,8,65,14873.3,26.32,14846.98
306,21,1,17,15,32,20835.52,116.82,20718.7
322,5,3,5,8,90,59404.49999999999,148.49,59256.01
730,17,2,5,4,24,20164.56,160.44,20004.120000000003
466,30,1,7,4,26,11227.32,110.17,11117.15
730,16,3,5,4,20,13022.2,180.02,12842.18
144,16,3,7,17,25,16277.75,177.64,16100.11
299,11,1,15,4,40,37212.0,237.06,36974.94
426,22,2,9,15,59,51498.15,249.63,51248.52
228,5,2,5,15,2,1320.1,147.98,1172.12
496,23,2,18,16,84,83590.92,185.26,83405.66
182,15,1,17,8,69,47843.91,38.86,47805.05
578,43,1,12,8,40,10744.4,23.99,10720.410000000002
659,16,2,21,4,45,29299.95,174.02,29125.93
450,7,2,8,15,73,4964.7300000000005,14.41,4950.320000000001
365,21,3,9,16,20,13047.0,191.79,12855.21
306,24,3,10,8,6,3852.66,115.59,3737.07
720,11,3,8,2,82,76284.59999999999,241.14,76043.45999999999
110,7,3,23,2,68,4624.68,7.34,4617.34
514,31,2,18,4,92,21051.44,19.52,21031.92
135,28,2,6,4,10,462.3,5.18,457.12
379,5,3,3,15,99,65344.95,13.35,65331.6
730,4,1,9,8,55,20020.55,43.07,19977.48
280,30,1,18,17,23,9931.86,52.28,9879.58
562,16,3,9,8,50,32555.5,75.22,32480.28
730,4,1,7,2,11,4004.11,41.7,3962.41
288,15,2,14,4,93,64485.27,6.23,64479.03999999999
672,28,3,6,8,42,1941.66,10.21,1931.45
73,14,1,6,15,55,25359.95,25.18,25334.77
90,30,2,6,8,58,25045.56,128.76,24916.800000000003
156,30,2,9,15,24,10363.68,85.05,10278.63
730,15,3,21,15,38,26348.82,133.69,26215.13
54,17,3,11,17,22,18484.18,151.39,18332.79
722,14,1,14,8,24,11066.16,127.94,10938.22
543,21,3,8,16,3,138.69,10.65,128.04
493,23,3,3,2,22,21892.86,161.56,21731.3
391,3,1,23,8,79,30539.03,101.49,30437.54
312,4,2,9,17,39,14196.39,65.74,14130.65
169,31,1,17,4,53,12127.46,30.93,12096.53
425,21,2,5,17,45,42818.85,9.77,42809.08
103,16,2,1,8,41,26695.51,167.4,26528.11
730,16,1,15,2,41,26695.51,23.11,26672.4
622,21,2,11,8,79,75170.87,282.53,74888.34
254,30,3,14,17,79,34113.78,11.75,34102.03
522,4,3,17,4,2,728.02,7.47,720.55
730,24,3,5,15,30,19263.3,176.02,19087.28
712,31,3,25,15,53,12127.46,32.66,12094.8
730,17,1,24,16,83,69735.77,135.57,69600.2
730,36,2,25,8,68,64704.04,15.36,64688.68
139,17,2,3,8,19,15963.61,143.57,15820.04
233,23,1,4,2,47,46771.11,161.47,46609.64
5,7,3,9,4,32,2176.32,0.69,2175.63
578,11,1,23,2,65,60469.5,226.66,60242.84
369,30,1,24,8,23,9931.86,93.05,9838.81
374,36,2,14,16,79,75170.87,17.94,75152.93
102,28,2,12,4,89,4114.469999999999,6.8,4107.669999999999
20,1,1,3,8,73,47621.55,42.79,47578.76
426,4,1,17,16,89,32396.89,50.87,32346.02
538,31,2,11,8,7,1601.74,63.76,1537.98
3,11,2,15,16,13,12093.9,207.51,11886.39
130,28,3,19,16,99,4576.77,4.74,4572.03
424,14,2,9,2,46,21210.14,21.12,21189.02
469,3,2,7,8,24,9277.68,37.86,9239.82
350,5,1,3,8,18,11880.9,28.76,11852.14
105,30,3,17,17,47,20295.54,77.86,20217.68
607,36,2,15,16,95,90395.35,208.39,90186.96
102,13,3,17,17,36,30507.48,24.19,30483.29
325,28,1,10,17,19,878.3699999999999,11.57,866.7999999999998
560,13,3,17,16,72,61014.96,169.9,60845.06
347,36,2,9,2,95,90395.35,93.35,90302.0
643,36,1,3,15,66,62800.98,172.51,62628.47
83,1,2,14,15,89,58059.15,116.82,57942.33
668,5,1,17,16,95,62704.74999999999,37.89,62666.85999999999
373,7,3,1,2,93,6324.93,0.14,6324.79
213,24,2,3,2,81,52010.91,37.92,51972.990000000005
730,43,2,12,16,97,26055.17,48.6,26006.570000000003
730,13,2,9,16,32,27117.76,91.27,27026.49
179,23,1,23,4,21,20897.73,143.21,20754.52
500,14,1,18,15,82,37809.38,40.16,37769.22
119,23,2,21,15,1,995.13,196.12,799.01
608,7,1,18,8,19,1292.19,11.26,1280.93
253,3,2,11,8,13,5025.41,98.23,4927.18
31,23,3,12,16,47,46771.11,159.89,46611.22
76,23,1,14,15,70,69659.1,289.11,69369.99
310,31,2,21,16,73,16703.86,6.65,16697.21
730,16,3,12,16,16,10417.76,172.53,10245.23
487,4,2,4,4,39,14196.39,98.39,14098.0
142,11,2,24,2,80,74424.0,110.28,74313.72
602,3,3,12,8,93,35951.01,71.06,35879.950000000004
386,24,2,8,2,44,28252.84,0.39,28252.45
395,7,2,25,8,92,6256.92,14.34,6242.58
609,31,3,12,4,84,19220.88,68.23,19152.65
523,43,3,25,4,6,1611.66,56.99,1554.67
22,21,2,4,16,32,31844.16,241.02,31603.14
730,7,3,1,15,23,1564.23,17.2,1547.03
32,36,3,7,15,100,95153.0,242.9,94910.1
95,16,1,7,16,53,34508.83,106.08,34402.75
643,31,2,24,17,46,10525.72,68.54,10457.179999999998
666,31,1,11,17,97,22195.54,66.84,22128.7
700,15,1,21,4,13,9014.07,45.17,8968.9
410,36,1,1,17,55,52334.15,8.54,52325.61
127,28,3,19,8,79,3652.17,13.21,3638.96
523,3,2,14,17,9,3479.13,98.92,3380.21
693,4,3,3,4,21,7644.21,87.02,7557.19
584,24,3,19,17,19,12200.09,169.32,12030.77
276,7,2,12,15,50,3400.5000000000005,5.66,3394.8400000000006
58,43,2,12,15,69,18534.09,3.34,18530.75
549,15,2,3,2,50,34669.5,202.28,34467.22
730,21,3,7,17,1,431.82,18.37,413.45
730,22,2,23,16,6,5237.1,74.69,5162.410000000001
441,21,1,24,4,66,3051.18,9.2,3041.98
300,43,3,25,15,80,21488.800000000003,7.24,21481.56
550,31,2,9,15,5,1144.1,21.97,1122.13
329,28,2,19,4,83,3837.09,13.64,3823.45
730,36,1,23,2,58,55188.74,197.09,54991.65
651,15,3,15,17,95,65872.05,121.89,65750.16
507,15,3,8,17,100,69339.0,205.01,69133.99
538,36,1,6,17,20,19030.6,63.13,18967.47
334,21,2,25,2,41,11013.01,60.45,10952.56
357,15,2,24,8,63,43683.57,36.48,43647.09
730,23,1,3,17,54,53737.02,241.35,53495.67
716,22,2,18,2,48,41896.8,3.21,41893.59
104,16,1,14,17,3,1953.33,60.65,1892.68
685,4,2,11,15,15,5460.15,4.99,5455.16
480,9,1,11,2,86,37246.6,124.34,37122.26
221,15,1,15,16,82,56857.98,94.44,56763.53999999999
730,9,3,19,4,96,41577.600000000006,12.94,41564.66
82,9,3,18,17,62,26852.2,67.79,26784.41
727,15,1,24,16,47,32589.33,61.96,32527.37
241,21,1,19,8,3,2985.39,79.8,2905.59
328,16,3,11,17,34,22137.74,115.6,22022.140000000003
730,16,3,5,17,27,17579.97,46.04,17533.93
232,1,1,7,2,48,31312.800000000003,171.32,31141.480000000003
730,16,1,14,8,36,23439.96,63.24,23376.72
375,9,1,18,16,65,28151.5,68.59,28082.91
226,15,2,3,16,55,38136.45,177.94,37958.51
721,21,2,21,16,32,8595.52,29.12,8566.4
705,31,2,10,16,23,5262.86,25.18,5237.679999999999
363,36,3,21,4,95,90395.35,41.84,90353.51
445,7,1,14,17,54,3672.54,4.81,3667.730000000001
350,3,3,15,2,8,3092.56,23.94,3068.62
730,30,2,8,8,45,19431.9,83.57,19348.33
371,21,1,6,8,20,13022.2,20.38,13001.820000000002
196,43,3,9,15,48,12893.28,27.12,12866.16
383,5,2,23,16,45,29702.25,153.08,29549.169999999995
20,5,3,18,2,83,54784.15,21.04,54763.10999999999
322,21,1,25,17,38,25081.9,103.88,24978.02
244,23,2,1,4,41,40800.33,16.85,40783.48
315,23,2,15,8,27,26868.51,68.09,26800.42
545,23,3,4,17,66,65678.58,26.17,65652.41
545,1,3,6,2,27,17613.45,110.39,17503.06
345,4,3,15,17,47,17108.47,10.04,17098.43
334,21,3,19,2,8,369.84,5.2,364.64
254,11,2,4,17,67,62330.1,76.74,62253.36
730,14,3,19,17,7,3227.63,74.13,3153.4999999999995
434,15,2,23,2,86,59631.54,146.14,59485.4
468,9,3,17,15,53,22954.300000000003,14.8,22939.500000000004
647,30,2,8,4,44,19000.08,119.38,18880.7
730,22,2,1,2,74,64590.9,33.67,64557.23
33,11,1,8,15,16,14884.8,258.23,14626.57
83,21,1,6,15,30,19570.5,97.13,19473.37
322,13,1,18,8,32,27117.76,57.77,27059.99
618,4,2,10,16,23,8372.23,74.32,8297.91
166,31,2,1,16,59,13500.38,29.6,13470.78
311,15,3,11,16,44,30509.16,196.66,30312.5
427,23,3,5,17,52,51746.76,44.7,51702.060000000005
53,3,1,12,16,77,29765.89,12.11,29753.78
535,24,2,10,2,77,49442.47,90.49,49351.98
730,30,2,5,17,59,25477.38,103.18,25374.2
636,1,3,19,15,78,50883.3,193.95,50689.350000000006
716,1,3,15,15,67,43707.45,53.62,43653.83
213,14,1,6,2,68,31354.12,99.03,31255.09
328,24,3,18,8,64,41095.04,192.35,40902.69
649,21,1,25,15,32,1479.36,12.07,1467.29
72,1,1,3,17,88,57406.8,90.91,57315.89
567,14,3,12,16,19,8760.71,71.98,8688.73
287,1,2,14,2,19,12394.65,148.2,12246.45
730,4,3,5,8,92,33488.92,84.28,33404.64
695,5,2,19,2,47,31022.35,65.17,30957.18
586,30,3,5,17,54,23318.28,3.16,23315.12
637,5,3,21,8,53,34982.649999999994,154.31,34828.34
356,14,2,12,8,45,20749.05,116.9,20632.15
53,28,2,6,8,52,2403.96,1.02,2402.94
116,24,2,12,8,95,61000.45,60.58,60939.87
274,36,2,11,2,63,59946.39,134.36,59812.03
730,31,1,14,8,1,228.82,21.19,207.63
297,13,3,10,8,31,26270.33,49.18,26221.15
541,5,3,7,17,70,46203.5,40.39,46163.11
233,1,1,18,8,63,41098.05,118.07,40979.98
107,23,2,12,15,84,83590.92,136.28,83454.64
67,4,1,23,2,49,17836.489999999998,23.22,17813.269999999997
559,43,3,8,2,80,21488.800000000003,28.56,21460.24
23,1,1,17,17,17,11089.95,102.53,10987.42
540,1,3,9,17,100,65235.0,24.87,65210.13
217,36,3,17,4,18,17127.54,76.82,17050.72
267,4,1,18,8,70,25480.7,34.64,25446.06
503,15,2,6,15,36,24962.04,117.54,24844.5
730,24,1,7,17,1,642.11,148.46,493.65
730,5,1,18,2,61,40263.05,22.13,40240.92
634,14,1,12,2,87,40114.83,33.05,40081.77999999999
545,22,3,6,4,54,47133.9,185.12,46948.78
405,43,1,8,4,85,22831.85,7.55,22824.300000000003
730,15,1,14,16,39,27042.21,117.14,26925.07
191,3,1,21,15,66,25513.62,93.9,25419.72
204,15,3,10,16,38,26348.82,41.58,26307.24
119,17,2,25,4,55,46210.45,64.35,46146.100000000006
535,28,2,19,15,56,2588.88,11.44,2577.44
635,5,1,14,15,79,52143.95,192.37,51951.58
154,17,1,19,17,7,5881.33,145.28,5736.05
386,7,1,24,16,47,3196.4700000000003,0.95,3195.5200000000004
730,22,2,17,16,51,44515.35,155.48,44359.87
730,21,1,19,17,30,27909.0,26.12,27882.88
16,31,1,7,15,16,3661.12,57.54,3603.58
245,1,1,9,16,32,20875.2,48.34,20826.86
508,16,2,14,8,96,62506.56,148.32,62358.24
663,36,2,9,15,98,93249.94,88.39,93161.55
499,43,1,14,16,22,5909.42,11.08,5898.34
229,31,1,15,15,78,17847.96,47.81,17800.149999999998
119,3,1,15,4,92,35564.44,103.32,35461.12
730,15,3,3,8,13,9014.07,119.37,8894.699999999999
159,14,3,25,17,72,33198.48,29.59,33168.89
730,24,1,5,16,58,37242.38,19.38,37223.0
190,28,1,8,8,12,554.76,6.64,548.12
730,1,2,11,2,24,15656.4,67.72,15588.680000000002
249,23,2,3,16,75,74634.75,68.5,74566.25
695,28,1,17,15,75,3467.2499999999995,9.12,3458.13
399,43,2,4,15,21,5640.81,13.54,5627.27
96,28,2,9,17,42,1941.66,1.83,1939.83
97,28,2,1,16,80,3698.4,4.7,3693.7
268,43,3,6,2,22,5909.42,5.22,5904.2
642,36,2,7,8,96,91346.88,23.38,91323.5
605,43,1,24,8,45,12087.45,68.87,12018.58
698,31,2,7,17,7,1601.74,41.15,1560.59
705,15,2,21,4,54,37443.06,170.36,37272.7
116,23,3,25,8,40,39805.2,13.06,39792.14
189,5,3,18,15,52,34322.6,147.34,34175.26
430,21,2,15,15,4,3360.76,228.14,3132.6200000000003
253,31,3,8,16,5,1144.1,3.73,1140.37
674,7,2,6,4,82,5576.820000000001,14.61,5562.210000000001
498,4,3,1,17,55,20020.55,10.67,20009.88
647,23,1,5,17,36,35824.68,127.16,35697.52
404,3,2,6,8,15,5798.55,14.5,5784.05
570,9,1,6,8,1,433.1,96.65,336.45000000000005
386,36,3,18,17,80,76122.4,205.63,75916.76999999999
115,24,1,14,4,79,50726.69,130.54,50596.15
488,21,1,19,8,35,23101.75,67.38,23034.37
503,13,3,15,2,32,27117.76,48.23,27069.53
348,16,1,1,2,90,58599.9,112.69,58487.21
133,28,3,25,17,82,3790.86,11.44,3779.42
475,21,1,4,15,73,31522.86,53.04,31469.82
730,13,3,18,2,33,27965.19,238.45,27726.74
261,7,3,24,16,30,2040.3,7.48,2032.82
57,16,1,10,8,44,28648.84,139.88,28508.96
472,16,3,25,4,79,51437.69,156.58,51281.11
228,22,3,10,4,85,74192.25,178.45,74013.8
188,11,1,4,15,28,26048.4,133.38,25915.02
533,1,1,17,16,27,17613.45,139.17,17474.280000000002
639,1,3,19,17,11,7175.85,42.62,7133.2300000000005
165,17,1,19,16,92,77297.48000000001,4.75,77292.73000000001
635,9,1,5,4,47,20355.7,28.01,20327.69
522,3,3,25,17,23,8891.11,53.33,8837.78
5,22,2,12,2,35,30549.75,76.84,30472.91
418,28,2,17,8,86,3975.78,0.85,3974.93
61,16,3,5,4,60,39066.6,60.84,39005.76
712,36,2,7,4,40,38061.2,90.19,37971.01
467,17,2,1,2,72,60493.68000000001,54.52,60439.16000000001
529,21,2,21,2,36,13104.36,8.36,13096.0
159,14,3,17,17,26,11988.34,52.49,11935.85
216,16,2,19,2,55,35811.05,106.19,35704.86
118,5,3,17,16,5,3300.25,106.08,3194.17
508,24,2,21,17,84,53937.24,19.75,53917.49
523,11,2,12,16,41,38142.3,218.26,37924.03999999999
639,21,2,8,8,27,17579.97,2.53,17577.440000000002
730,28,1,11,15,6,277.38,6.87,270.51
22,15,2,14,16,25,17334.75,164.0,17170.75
472,7,2,12,2,64,4352.64,14.96,4337.68
268,21,1,19,2,13,8464.43,162.56,8301.87
96,13,3,3,15,49,41524.07,20.82,41503.25
58,24,1,14,16,70,44947.7,153.75,44793.95
252,30,2,8,15,87,37568.34,91.1,37477.24
531,11,3,12,2,69,64190.7,107.72,64082.98
62,21,1,12,4,37,16024.7,7.48,16017.22
535,17,1,24,2,52,43689.880000000005,177.73,43512.15
452,7,3,14,4,15,1020.15,15.86,1004.29
236,16,3,9,15,26,16928.86,177.22,16751.64
204,11,3,21,4,84,78145.2,11.22,78133.98
63,30,1,25,17,65,28068.3,36.98,28031.32
276,28,2,10,2,40,1849.2,11.5,1837.7
169,3,2,12,4,69,26673.33,100.9,26572.43
323,11,2,17,16,30,27909.0,120.15,27788.85
314,4,2,1,17,86,31304.86,93.21,31211.65
36,14,3,3,4,86,39653.74,110.87,39542.87
454,14,2,25,4,86,39653.74,107.16,39546.58
112,11,1,4,4,4,3721.2,179.36,3541.84
645,30,2,7,4,49,21159.18,40.76,21118.42
51,22,1,19,2,2,1745.7,193.11,1552.59
64,3,1,17,16,57,22034.49,98.21,21936.28
75,15,1,12,17,17,11787.63,140.73,11646.9
705,43,2,1,17,52,13967.72,29.87,13937.85
239,3,2,24,4,91,35177.87,48.38,35129.490000000005
616,21,2,4,17,96,37110.72,0.46,37110.26
304,30,2,4,8,55,23750.1,65.88,23684.22
29,7,3,8,4,36,2448.36,10.92,2437.44
137,43,3,7,4,3,805.83,8.99,796.84
556,11,3,19,4,64,59539.2,126.43,59412.77
441,28,1,12,4,62,2866.26,7.26,2858.9999999999995
82,14,2,4,17,34,15677.06,118.4,15558.66
721,13,2,17,17,49,41524.07,69.22,41454.85
136,43,3,24,8,79,21220.19,63.77,21156.42
279,11,1,3,8,56,52096.8,273.34,51823.46
724,30,2,4,15,5,2159.1,51.96,2107.14
313,17,1,15,16,67,56292.73,102.67,56190.060000000005
408,9,1,10,17,42,18190.2,28.79,18161.41
585,3,1,21,16,83,32085.31,7.14,32078.17
66,9,3,3,16,84,36380.4,99.93,36280.47
24,15,3,15,15,60,41603.4,60.33,41543.07
728,28,2,4,2,26,1201.98,0.05,1201.93
29,13,2,25,8,63,53388.09,203.06,53185.03
730,21,1,23,15,99,38270.43,59.58,38210.85
724,13,2,19,2,62,52540.66,178.44,52362.22
66,4,2,6,2,18,6552.18,71.01,6481.17
79,36,1,6,16,89,84686.17,281.03,84405.14
499,28,3,21,15,50,2311.5,10.59,2300.91
461,9,1,19,2,97,42010.7,18.13,41992.57000000001
433,3,1,9,8,40,15462.8,16.73,15446.07
490,15,2,8,4,7,4853.73,70.87,4782.86
505,14,2,23,16,95,43803.55,134.5,43669.05
448,28,2,5,17,90,4160.7,9.29,4151.41
593,16,1,23,4,43,27997.73,170.55,27827.18
260,17,3,7,4,26,21844.94,88.78,21756.160000000003
361,21,1,6,8,79,66375.01000000001,197.24,66177.77
553,16,3,11,2,17,11068.87,186.73,10882.14
573,24,3,5,16,23,14768.53,186.13,14582.4
138,14,2,7,16,16,7377.44,120.8,7256.639999999999
403,1,1,10,8,89,58059.15,81.18,57977.97
256,23,2,7,2,88,87571.44,293.28,87278.16
72,21,3,3,4,10,6523.5,119.49,6404.01
174,24,2,25,15,65,41737.15,17.79,41719.36
645,9,3,12,2,100,43310.0,54.9,43255.1
103,4,3,14,2,100,36401.0,29.18,36371.82
260,28,2,15,4,86,3975.78,7.32,3968.46
530,9,2,17,17,46,19922.6,70.02,19852.58
597,9,2,1,17,16,6929.6,8.21,6921.39
334,5,1,3,16,40,26402.0,48.73,26353.27
431,36,3,10,2,46,43770.38,279.6,43490.78
667,7,2,25,8,59,4012.59,13.5,3999.09
397,23,1,21,15,10,9951.3,118.21,9833.09
613,43,2,24,16,6,1611.66,3.05,1608.61
402,1,1,15,4,99,64582.65,167.66,64414.99
532,14,1,4,4,64,29509.76,122.23,29387.53
164,36,2,24,16,97,92298.41,16.86,92281.55
172,15,2,8,4,55,38136.45,135.56,38000.89
97,21,3,23,4,67,56777.81,10.92,56766.89
291,7,1,3,17,32,2176.32,14.02,2162.3
141,21,2,5,8,94,62044.7,23.92,62020.78
718,43,2,10,15,78,20951.58,60.04,20891.54
62,7,2,3,15,97,6596.97,1.39,6595.58
188,21,2,10,16,16,1088.16,7.16,1081.0
702,5,1,5,16,16,10560.8,145.89,10414.91
186,36,2,5,17,21,19982.13,276.6,19705.53
730,1,3,12,17,48,31312.800000000003,174.64,31138.160000000003
22,21,2,12,4,70,66607.09999999999,88.83,66518.26999999999
730,28,3,21,15,39,1802.97,9.56,1793.41
49,13,3,17,15,62,52540.66,215.82,52324.84
730,7,2,25,17,76,5168.76,13.65,5155.110000000001
424,24,1,4,15,12,7705.32,33.65,7671.67
189,22,3,5,17,20,17457.0,54.79,17402.21
311,14,1,17,4,97,44725.73,68.66,44657.06999999999
730,13,2,18,4,38,32202.34,172.37,32029.97
116,16,2,14,17,66,42973.26,127.34,42845.920000000006
425,31,2,15,15,17,3889.94,56.01,3833.93
257,43,1,1,4,25,6715.25,58.28,6656.97
376,23,3,10,15,40,39805.2,0.83,39804.37
365,13,2,7,15,11,9321.73,48.89,9272.84
690,7,3,4,15,22,1496.22,2.16,1494.06
434,36,1,9,15,9,8563.77,211.41,8352.36
542,30,2,1,4,41,17704.62,10.91,17693.71
537,22,2,8,4,51,44515.35,261.05,44254.3
444,28,2,23,2,11,508.53,11.19,497.34
608,5,2,9,15,65,42903.25,39.48,42863.77
287,1,1,1,16,74,48273.9,172.94,48100.96
406,31,1,24,4,16,3661.12,32.0,3629.12
220,4,3,3,17,25,9100.25,0.18,9100.07
373,28,3,17,4,41,1895.43,7.0,1888.43
164,36,2,4,15,56,53285.68,205.73,53079.95
302,43,3,1,8,98,26323.78,35.17,26288.610000000004
673,36,1,4,16,87,82783.11,249.6,82533.51
88,4,1,11,4,70,25480.7,76.82,25403.88
720,17,2,15,8,97,81498.43000000001,220.05,81278.38
362,15,3,17,8,62,42990.18,20.68,42969.5
60,9,2,6,2,77,33348.700000000004,87.95,33260.75000000001
65,21,3,7,8,75,69772.5,270.48,69502.02
730,4,1,14,16,99,36036.99,39.83,35997.16
648,13,1,21,17,27,22880.61,229.74,22650.869999999995
249,15,3,21,15,69,47843.91,111.4,47732.51
283,30,3,1,4,45,19431.9,86.78,19345.120000000003
416,4,3,10,16,62,22568.62,74.54,22494.08
122,14,1,21,8,86,39653.74,100.3,39553.44
414,24,3,15,17,86,55221.46,57.26,55164.2
456,15,2,11,4,14,9707.46,11.61,9695.85
173,31,1,5,17,43,9839.26,21.23,9818.03
304,1,3,21,2,17,11089.95,35.36,11054.59
643,24,1,12,16,48,30821.28,184.02,30637.26
716,15,2,10,2,10,6933.9,64.31,6869.589999999999
110,11,2,9,16,52,48375.6,49.76,48325.84
109,9,1,5,17,94,40711.4,63.84,40647.560000000005
64,1,3,24,8,18,11742.3,3.84,11738.46
86,5,3,7,2,32,21121.6,12.85,21108.75
554,13,3,10,17,16,13558.88,110.96,13447.92
545,21,3,8,2,52,48375.6,107.72,48267.88
730,28,1,1,17,4,184.92,6.88,178.04
269,31,2,12,15,27,6178.139999999999,11.23,6166.91
339,21,2,23,15,3,1953.33,17.75,1935.58
140,1,3,18,17,68,44359.8,179.89,44179.91
129,7,3,7,16,83,5644.830000000001,10.86,5633.970000000001
368,30,3,17,17,73,31522.86,57.96,31464.9
347,21,1,11,2,76,72316.28,36.17,72280.11
639,15,1,23,17,40,27735.6,36.65,27698.95
93,13,1,19,15,79,66946.97,101.99,66844.98
234,7,1,6,17,5,340.05,16.13,323.92
680,9,2,19,4,74,32049.4,3.65,32045.75
507,3,2,17,8,66,25513.62,104.03,25409.59
604,21,1,25,8,98,97522.74,28.13,97494.61
412,15,3,7,2,36,24962.04,39.88,24922.16
474,1,1,12,17,81,52840.35,91.7,52748.65
728,17,2,10,16,32,26886.08,237.13,26648.95
481,7,1,19,4,21,1428.21,20.3,1407.91
730,21,2,5,8,59,25477.38,117.51,25359.870000000003
69,43,2,10,17,22,5909.42,75.28,5834.14
730,43,1,9,4,12,3223.32,0.28,3223.04
673,15,2,9,17,29,20108.31,103.66,20004.65
194,17,1,25,16,56,47050.64,248.31,46802.33
194,5,2,5,4,9,5940.45,77.98,5862.47
666,14,1,8,16,77,35503.93,81.71,35422.22
430,4,2,15,8,27,9828.27,47.16,9781.11
565,21,3,19,2,88,73936.72,66.02,73870.7
72,21,3,24,2,44,38405.4,81.8,38323.6
730,1,3,8,16,70,45664.5,48.32,45616.18
167,21,3,10,17,32,29769.6,87.2,29682.4
627,21,2,12,17,41,39012.73,250.56,38762.17
35,15,2,7,16,21,14561.19,94.64,14466.55
173,4,2,17,17,48,17472.48,75.48,17397.0
481,28,1,25,8,57,2635.11,5.16,2629.95
202,5,1,10,8,27,17821.35,85.04,17736.309999999998
47,7,3,17,17,9,612.09,19.85,592.24
239,22,2,4,4,97,84666.45,55.85,84610.59999999999
408,43,2,18,16,80,21488.800000000003,16.24,21472.56
92,9,2,23,4,69,29883.9,71.44,29812.460000000003
707,16,2,7,17,11,7162.21,130.98,7031.2300000000005
142,23,2,24,2,34,33834.42,151.51,33682.91
129,4,1,25,16,56,20384.56,40.36,20344.2
288,21,3,23,17,49,48761.37,227.75,48533.62
730,5,1,6,17,68,44883.4,16.53,44866.87
315,43,3,11,16,46,12356.06,77.26,12278.8
32,13,3,10,8,18,15253.74,167.11,15086.63
377,3,2,10,16,38,14689.66,100.28,14589.38
659,16,3,4,2,18,11719.98,189.01,11530.97
456,28,3,25,8,56,2588.88,5.46,2583.42
156,11,2,24,16,26,24187.8,198.48,23989.32
120,28,1,10,16,39,1802.97,10.46,1792.5099999999998
141,24,1,1,17,34,21831.74,127.01,21704.730000000003
663,36,2,9,17,64,60897.92,22.98,60874.94
120,30,1,9,8,21,9068.22,105.87,8962.349999999999
566,13,2,23,8,80,67794.4,193.74,67600.65999999999
237,15,1,10,4,50,34669.5,149.24,34520.26
101,43,3,7,8,81,21757.41,69.76,21687.65
415,7,3,24,17,96,6528.960000000001,19.39,6509.570000000001
111,31,1,21,16,87,19907.34,58.89,19848.45
98,24,1,4,15,14,8989.54,107.82,8881.720000000001
98,11,2,14,17,64,59539.2,150.16,59389.03999999999
210,21,3,17,8,2,1745.7,56.95,1688.75
730,43,1,17,4,41,11013.01,12.53,11000.48
575,5,1,25,8,41,27062.05,188.14,26873.91
653,24,1,25,8,6,3852.66,162.52,3690.14
539,17,3,18,4,97,81498.43000000001,41.48,81456.95000000001
509,3,2,7,2,18,6958.26,14.19,6944.070000000001
202,3,2,18,8,10,3865.7,95.08,3770.62
713,31,3,6,16,84,19220.88,47.16,19173.72
681,4,1,8,2,88,32032.88,27.97,32004.91
706,13,2,4,8,92,77963.56,105.8,77857.76
730,3,1,18,17,45,17395.65,3.01,17392.640000000003
415,43,3,8,17,61,16385.21,27.63,16357.58
490,3,3,19,17,91,35177.87,115.66,35062.21
357,43,1,11,8,41,11013.01,72.16,10940.85
469,36,1,6,4,77,73267.81,72.74,73195.06999999999
473,17,1,6,16,55,46210.45,35.5,46174.95
334,4,1,24,2,37,13468.37,4.97,13463.4
612,3,3,12,8,79,30539.03,36.14,30502.89
221,7,3,24,2,12,816.1200000000001,11.4,804.7200000000001
35,7,1,3,16,86,5848.860000000001,6.39,5842.47
730,17,1,3,4,57,47890.83,145.48,47745.35
62,43,2,15,8,70,18802.7,31.2,18771.5
688,28,3,19,8,58,2681.34,5.73,2675.61
125,24,3,18,2,60,38526.6,19.33,38507.27
108,5,3,23,17,52,34322.6,188.78,34133.82
448,23,3,6,16,19,18907.47,283.18,18624.29
35,24,1,18,4,35,22473.85,182.19,22291.660000000003
730,5,3,6,4,51,33662.55,136.6,33525.95
491,21,3,18,16,87,31668.87,71.76,31597.11
159,9,3,3,8,86,37246.6,101.53,37145.07
278,4,1,10,17,23,8372.23,35.52,8336.71
189,23,2,10,16,52,51746.76,172.12,51574.64
243,23,2,19,2,15,14926.95,290.07,14636.88
679,17,2,15,2,6,5041.14,224.2,4816.9400000000005
528,17,3,15,4,28,23525.32,145.78,23379.54
73,13,2,18,16,100,84743.0,10.16,84732.84
548,9,2,18,2,48,20788.800000000003,37.58,20751.22
451,28,3,7,8,56,2588.88,9.5,2579.38
122,24,3,12,4,59,37884.49,27.29,37857.2
665,7,3,4,17,32,2176.32,18.24,2158.0800000000004
730,4,1,5,16,9,3276.09,1.2,3274.8900000000003
273,36,1,18,8,24,22836.72,34.02,22802.7
611,14,1,5,4,25,11527.25,133.68,11393.57
567,21,1,5,2,44,20287.96,87.39,20200.57
366,21,2,24,16,99,83895.56999999999,188.44,83707.12999999999
632,16,1,3,15,16,10417.76,79.79,10337.97
378,21,2,23,17,14,5096.139999999999,51.36,5044.78
321,11,3,5,2,18,16745.399999999998,257.12,16488.28
161,15,2,7,2,11,7627.29,19.49,7607.8
123,23,2,12,8,71,70654.23,286.53,70367.7
202,15,2,12,4,95,65872.05,160.25,65711.8
337,21,2,8,16,88,87571.44,289.26,87282.18000000001
363,14,3,14,2,22,10143.98,66.04,10077.94
20,36,3,10,15,81,77073.93,178.61,76895.31999999999
178,17,2,11,17,65,54612.350000000006,7.18,54605.170000000006
509,7,1,7,15,25,1700.2500000000002,18.64,1681.61
644,16,1,12,15,6,3906.66,73.31,3833.35
186,21,2,5,4,6,3960.3,186.58,3773.72
475,23,2,10,16,32,31844.16,228.19,31615.97
363,15,1,4,16,80,55471.2,24.32,55446.88
730,5,1,1,8,50,33002.5,108.69,32893.81
317,11,2,9,15,53,49305.9,10.12,49295.77999999999
450,14,1,19,15,64,29509.76,126.17,29383.59
725,17,2,1,4,93,78137.67,73.55,78064.12
106,17,2,25,15,66,55452.54,226.03,55226.51
590,9,1,9,17,94,40711.4,21.84,40689.560000000005
37,28,1,5,4,53,2450.19,10.33,2439.86
46,21,3,17,4,87,86576.31,187.45,86388.86
283,23,1,21,2,13,12936.69,287.89,12648.8
534,23,1,9,17,25,24878.25,199.66,24678.59
203,16,2,12,15,65,42322.15,126.0,42196.15
162,5,1,6,15,86,56764.3,31.98,56732.31999999999
530,16,1,15,4,69,44926.59,142.27,44784.32000000001
730,24,3,10,16,10,6421.1,50.59,6370.51
17,13,1,11,17,85,72031.55,140.58,71890.97
160,21,3,21,8,24,15656.4,123.23,15533.170000000002
244,9,1,14,4,52,22521.2,90.88,22430.32
159,36,2,10,4,58,55188.74,220.49,54968.25
481,5,2,11,17,4,2640.2,136.34,2503.86
33,1,1,9,15,34,22179.9,91.5,22088.4
260,13,1,24,2,82,69489.26,108.02,69381.23999999999
404,24,2,14,17,13,8347.43,182.55,8164.88
373,7,2,24,17,49,3332.49,7.97,3324.5200000000004
284,31,3,12,15,40,9152.8,41.25,9111.55
395,24,1,1,16,56,35958.16,111.46,35846.700000000004
32,1,3,5,16,61,39793.35,85.6,39707.75
95,9,1,10,2,97,42010.7,59.6,41951.100000000006
365,1,3,15,17,56,36531.6,142.94,36388.66
578,21,2,8,4,68,4624.68,0.09,4624.59
563,31,2,21,2,7,1601.74,47.43,1554.31
714,15,2,7,8,52,36056.28,8.51,36047.77
371,1,2,3,8,62,40445.7,85.88,40359.82000000001
1,14,3,12,4,59,27204.31,27.49,27176.82
707,14,2,17,8,72,33198.48,107.33,33091.149999999994
427,21,1,21,16,68,64704.04,241.69,64462.35
698,7,3,6,16,29,1972.29,7.18,1965.11
251,36,3,19,16,61,58043.33,249.53,57793.8
658,5,2,6,15,29,19141.45,166.92,18974.53
444,17,1,17,8,10,8401.900000000001,181.4,8220.500000000002
730,5,3,23,17,88,58084.4,183.42,57900.98
730,17,1,5,2,44,36968.36,53.03,36915.33
543,1,2,12,16,12,7828.200000000001,187.13,7641.070000000001
233,3,1,3,8,14,5411.98,67.01,5344.969999999999
638,43,3,8,17,39,10475.79,77.78,10398.01
489,16,1,9,2,26,16928.86,143.74,16785.12
206,3,1,9,16,9,3479.13,35.55,3443.58
381,31,3,25,8,11,2517.02,3.43,2513.59
336,16,1,23,2,6,3906.66,94.08,3812.58
701,21,1,17,2,70,59320.1,41.35,59278.75
593,4,1,23,15,58,21112.58,41.87,21070.71
496,11,1,11,15,73,67911.9,183.1,67728.79999999999
14,43,3,12,16,62,16653.82,8.84,16644.98
307,21,1,9,4,13,8480.550000000001,39.64,8440.910000000002
30,11,3,8,8,100,93030.0,32.34,92997.66
62,3,3,10,16,69,26673.33,73.93,26599.4
730,31,2,15,4,50,11441.0,16.92,11424.08
296,30,1,10,16,71,30659.22,34.16,30625.06
652,17,2,21,16,27,22685.13,136.29,22548.84
730,9,3,19,4,96,41577.600000000006,120.13,41457.47000000001
728,9,1,1,15,35,15158.5,50.72,15107.78
660,28,2,23,4,26,1201.98,4.6,1197.38
322,4,2,1,15,43,15652.43,66.54,15585.89
258,21,2,19,17,72,71649.36,15.19,71634.17
433,13,2,1,8,25,21185.75,191.75,20994.0
180,7,3,8,8,64,4352.64,6.4,4346.240000000001
8,7,3,12,16,64,4352.64,4.3,4348.34
479,16,2,1,17,47,30602.17,190.7,30411.47
275,14,3,1,2,84,38731.56,78.16,38653.4
555,36,2,6,8,50,47576.5,28.69,47547.81
27,17,3,10,4,75,63014.25000000001,8.53,63005.72000000001
38,30,2,8,4,93,40159.26,66.87,40092.39
334,14,3,25,2,73,33659.57,127.94,33531.63
287,22,1,11,17,39,34041.15,223.99,33817.16
196,15,2,12,15,12,8320.68,40.87,8279.81
140,11,1,9,15,39,36281.7,261.7,36020.0
45,3,1,1,4,68,26286.76,37.41,26249.35
719,15,1,25,17,19,13174.41,145.62,13028.79
639,23,3,19,8,9,8956.17,50.33,8905.84
213,4,3,23,4,5,1820.05,46.15,1773.9
667,16,2,9,17,11,7162.21,90.62,7071.59
156,24,2,3,8,91,58432.01,43.26,58388.75
14,14,3,18,17,99,45647.91,109.41,45538.49999999999
463,1,3,9,4,84,54797.4,127.27,54670.130000000005
499,17,1,24,4,10,8401.900000000001,248.41,8153.490000000002
218,1,1,23,15,70,45664.5,49.36,45615.14
730,17,1,7,8,8,6721.52,222.91,6498.610000000001
730,22,3,21,16,26,22694.1,55.51,22638.590000000004
571,15,1,8,17,57,39523.23,159.26,39363.97
235,30,1,14,4,45,19431.9,9.55,19422.35
500,1,2,14,15,26,16961.100000000002,44.08,16917.02
712,24,2,19,17,70,44947.7,132.36,44815.34
567,21,2,18,4,16,10273.76,30.49,10243.27
296,14,3,8,17,1,461.09,125.92,335.17
105,15,1,10,16,22,15254.58,133.21,15121.37
276,17,3,19,17,63,52931.97,202.76,52729.21
580,7,1,9,15,22,1496.22,8.35,1487.87
625,9,2,5,15,15,6496.5,84.65,6411.85
624,24,3,12,4,30,19263.3,90.64,19172.66
260,15,3,1,15,38,26348.82,156.23,26192.59
389,30,3,3,4,16,6909.12,105.06,6804.06
661,28,2,12,15,23,1063.29,4.33,1058.96
628,9,2,23,17,49,21221.9,125.9,21096.0
730,7,1,1,15,30,2040.3,12.13,2028.17
356,22,3,4,2,16,13965.6,92.5,13873.1
715,17,3,17,4,62,52091.780000000006,128.73,51963.05
365,28,2,18,2,99,4576.77,2.59,4574.179999999999
402,9,3,4,8,7,3031.7000000000003,42.71,2988.99
415,15,1,19,8,12,8320.68,61.95,8258.73
544,36,3,24,15,69,65655.56999999999,40.38,65615.18999999999
643,36,1,4,15,75,71364.75,14.52,71350.23
97,36,3,9,8,81,77073.93,200.54,76873.39
713,9,1,15,8,11,4764.1,11.5,4752.6
418,14,3,23,17,45,20749.05,104.45,20644.6
386,5,2,19,17,39,25741.95,68.43,25673.52
219,21,2,15,4,14,6455.259999999999,121.22,6334.039999999999
291,17,3,8,4,66,55452.54,212.38,55240.16
639,22,1,12,8,32,27931.2,214.3,27716.9
323,30,2,14,8,91,39295.62,121.66,39173.96
730,30,1,8,2,89,38431.98,33.35,38398.63
68,5,1,12,2,27,17821.35,87.79,17733.559999999998
730,22,3,6,16,78,68082.3,72.5,68009.8
643,24,1,21,8,51,32747.61,83.66,32663.95
109,7,1,3,2,20,1360.2,11.92,1348.28
15,16,1,5,2,96,62506.56,53.84,62452.72
631,28,3,8,17,49,2265.27,9.63,2255.64
90,30,1,12,15,96,41454.72,109.46,41345.26
643,11,2,17,4,78,72563.4,224.75,72338.65
115,3,2,15,8,4,1546.28,56.7,1489.58
696,15,3,8,17,5,3466.95,80.3,3386.65
70,21,2,6,2,40,14560.4,88.88,14471.52
279,22,2,5,4,17,14838.45,180.71,14657.740000000002
293,1,2,10,2,57,37183.95,173.63,37010.32000000001
475,14,1,6,8,50,23054.5,5.43,23049.07
316,23,2,23,17,75,74634.75,234.38,74400.37
299,31,1,18,8,96,21966.72,18.42,21948.300000000003
681,21,1,8,16,26,24187.8,127.18,24060.62
463,31,3,25,17,67,15330.94,58.56,15272.38
318,24,2,5,4,39,25042.29,62.15,24980.14
469,36,1,1,15,92,87540.76,170.64,87370.12
674,14,1,17,8,75,34581.75,1.82,34579.93
205,23,3,3,17,63,62693.19,96.71,62596.48
253,22,2,6,17,83,72446.55,161.89,72284.66
730,24,1,23,8,52,33389.72,99.72,33290.0
297,28,1,19,8,44,2034.12,10.3,2023.82
370,11,3,11,4,78,72563.4,45.35,72518.04999999999
522,21,3,11,17,20,9221.8,79.7,9142.1
305,22,3,17,4,5,4364.25,115.59,4248.66
730,21,1,7,15,71,61972.35,177.03,61795.32
226,11,2,7,2,61,56748.3,52.68,56695.62
323,13,1,15,2,22,18643.46,116.65,18526.81
443,43,1,9,15,12,3223.32,72.74,3150.5800000000004
142,3,1,17,16,82,31698.74,36.74,31662.0
398,1,2,5,4,80,52188.0,94.12,52093.88
270,1,3,10,8,83,54145.05,42.84,54102.21000000001
285,23,3,1,8,48,47766.24,46.45,47719.79
442,30,3,19,16,7,3022.74,58.16,2964.58
541,3,3,7,4,91,35177.87,94.56,35083.310000000005
605,23,1,3,17,30,29853.9,241.17,29612.730000000003
475,36,1,5,15,26,24739.78,170.52,24569.26
297,31,1,19,4,64,14644.48,57.15,14587.33
548,7,2,3,2,11,748.11,5.81,742.3000000000001
523,3,3,17,8,31,11983.67,37.2,11946.47
634,9,1,7,8,53,22954.300000000003,128.38,22825.92
730,43,3,7,8,96,25786.56,37.69,25748.870000000003
91,3,1,25,16,70,27059.9,84.48,26975.42
431,15,1,25,8,92,63791.88,127.41,63664.47
371,23,2,5,2,23,22887.99,160.17,22727.820000000003
420,1,1,3,4,15,9785.25,111.35,9673.9
121,3,3,12,17,52,20101.64,19.63,20082.01
443,28,1,17,15,87,4022.01,2.16,4019.85
158,11,2,3,15,79,73493.7,184.96,73308.73999999999
561,43,2,21,4,45,12087.45,77.88,12009.570000000002
197,3,3,4,17,64,24740.48,2.25,24738.23
332,17,2,10,8,93,78137.67,231.09,77906.58
118,21,2,1,15,71,19071.31,52.81,19018.5
254,30,1,1,16,73,31522.86,25.27,31497.59
132,43,3,12,17,27,7252.47,39.13,7213.34
24,15,1,11,4,92,63791.88,157.96,63633.92
698,21,3,8,8,9,5778.99,96.23,5682.76
492,24,1,19,8,83,53295.130000000005,95.15,53199.98
446,13,3,5,4,87,73726.40999999999,167.15,73559.26
626,15,3,10,17,47,32589.33,160.01,32429.32
71,17,2,12,17,62,52091.780000000006,72.1,52019.68000000001
382,15,2,23,16,91,63098.49,132.24,62966.25
410,17,2,10,2,22,18484.18,9.34,18474.84
22,5,1,24,16,16,10560.8,131.41,10429.39
632,21,1,12,17,99,42876.9,97.22,42779.68
628,16,2,15,17,90,58599.9,136.73,58463.17
730,3,1,7,8,84,32471.88,25.35,32446.53
730,22,2,3,4,45,39278.25,194.7,39083.55
81,14,2,24,15,100,46109.0,34.38,46074.62
134,13,3,25,17,67,56777.81,230.1,56547.71
730,9,2,23,4,24,10394.4,52.49,10341.910000000002
72,24,3,21,8,60,38526.6,15.48,38511.12
213,7,1,3,16,3,204.03000000000003,4.64,199.39000000000004
582,28,3,23,8,25,1155.75,4.89,1150.86
201,1,1,24,16,37,24136.95,139.8,23997.15
352,16,2,8,4,57,37113.27,165.06,36948.21000000001
730,7,2,8,17,81,5508.81,17.79,5491.02
151,1,1,4,2,7,4566.45,154.23,4412.22
530,4,2,11,8,88,32032.88,15.21,32017.67
159,21,3,12,2,8,3454.56,80.79,3373.77
439,28,1,5,8,20,924.6,7.11,917.49
730,30,3,24,17,38,16409.16,90.99,16318.17
436,31,1,6,16,24,5491.68,30.4,5461.280000000001
500,13,3,1,17,13,11016.59,207.64,10808.95
634,24,2,9,4,12,7705.32,12.15,7693.17
125,17,3,8,2,69,57973.11,16.28,57956.83
337,31,3,8,15,72,16475.04,36.83,16438.21
681,17,3,5,15,30,25205.7,233.37,24972.33
46,4,2,8,17,71,25844.71,100.15,25744.56
709,3,1,6,4,90,34791.3,31.19,34760.11
64,43,2,17,17,46,12356.06,23.39,12332.670000000002
556,36,2,4,17,24,22836.72,277.71,22559.01
730,17,2,8,8,60,50411.4,134.77,50276.630000000005
448,23,3,7,15,25,24878.25,169.52,24708.73
218,1,1,25,2,3,1957.05,44.82,1912.23
209,23,1,5,2,55,54732.15,202.73,54529.42
303,7,1,24,8,79,5372.79,2.33,5370.46
539,17,3,15,17,34,28566.460000000003,86.06,28480.4
64,1,1,19,8,93,60668.55,88.99,60579.560000000005
445,28,3,23,2,63,2912.49,13.28,2899.21
573,5,2,25,8,46,30362.3,104.3,30258.0
221,31,2,7,16,25,5720.5,41.24,5679.26
209,21,3,21,8,78,51483.9,19.3,51464.59999999999
346,21,3,24,16,39,14196.39,76.84,14119.55
618,31,1,10,2,20,4576.4,14.76,4561.639999999999
296,21,1,19,17,50,21655.0,28.9,21626.1
729,3,3,15,16,33,12756.81,61.42,12695.39
217,23,3,6,4,49,48761.37,107.06,48654.310000000005
16,15,2,9,8,70,48537.3,17.58,48519.72
565,16,3,3,15,35,22788.85,4.99,22783.86
730,11,1,17,16,56,52096.8,260.43,51836.37
102,17,1,11,4,56,47050.64,141.68,46908.96
84,16,2,5,4,84,54693.24,177.45,54515.79
75,1,1,25,4,77,50230.95,168.26,50062.69
683,21,1,15,15,46,16744.46,26.33,16718.129999999997
575,43,1,21,15,11,2954.71,37.16,2917.55
719,4,1,14,17,80,29120.8,51.13,29069.67
6,3,2,5,8,1,386.57,84.77,301.8
36,14,1,6,15,4,1844.36,110.29,1734.07
77,3,2,14,4,88,34018.16,97.62,33920.53999999999
237,30,1,3,15,64,27636.48,119.39,27517.09
24,17,3,25,2,34,28566.460000000003,189.1,28377.360000000004
317,21,3,17,16,47,20295.54,3.87,20291.67
180,21,1,21,4,18,15711.3,39.5,15671.8
353,21,1,3,4,49,48761.37,253.78,48507.59
660,11,2,11,15,59,54887.7,76.78,54810.92
75,22,2,18,4,66,57608.1,47.55,57560.55
25,11,2,1,8,57,53027.1,20.05,53007.05
528,36,2,4,2,65,61849.45,166.69,61682.76
448,23,2,17,17,23,22887.99,118.41,22769.58
47,11,1,7,15,95,88378.5,234.15,88144.35
79,3,3,4,8,86,33245.02,31.69,33213.329999999994
730,9,3,3,15,78,33781.8,98.89,33682.91
48,30,1,12,2,7,3022.74,71.68,2951.06
529,24,3,25,4,27,17336.97,175.44,17161.530000000002
590,16,3,10,8,100,65111.0,126.5,64984.5
201,14,2,15,8,75,34581.75,89.27,34492.48
148,22,3,15,15,16,13965.6,54.34,13911.26
456,3,2,7,15,68,26286.76,37.73,26249.03
428,30,3,19,17,99,42750.18,117.78,42632.4
137,21,3,1,8,42,35287.98,118.74,35169.240000000005
33,31,2,4,2,38,8695.16,47.71,8647.45
349,1,2,12,8,30,19570.5,171.18,19399.32
313,5,3,18,8,67,44223.35,26.7,44196.65
282,17,1,21,8,69,57973.11,163.17,57809.94
155,14,3,9,2,15,6916.349999999999,45.83,6870.52
30,7,2,24,17,9,612.09,5.64,606.45
567,15,2,3,2,44,30509.16,200.52,30308.64
130,43,3,5,2,33,8864.130000000001,68.89,8795.240000000002
302,23,3,24,17,70,69659.1,112.45,69546.65000000001
47,22,2,15,2,60,52371.0,156.91,52214.09
512,11,3,17,16,88,81866.4,111.14,81755.26
703,43,1,24,16,48,12893.28,31.9,12861.38
358,13,2,15,8,92,77963.56,192.85,77770.70999999999
684,9,1,24,2,97,42010.7,96.85,41913.850000000006
647,23,3,25,16,6,5970.78,125.27,5845.509999999999
267,4,2,12,17,71,25844.71,10.43,25834.28
588,43,1,25,17,87,23369.07,75.99,23293.08
420,1,2,6,16,33,21527.55,67.54,21460.01
660,9,2,5,2,45,19489.5,123.19,19366.31
542,17,1,24,16,16,13443.04,231.8,13211.240000000002
610,36,2,15,15,28,26642.84,165.74,26477.1
239,36,1,9,8,5,4757.65,223.11,4534.54
601,1,3,15,8,71,46316.85,20.25,46296.6
336,36,3,5,8,81,77073.93,124.82,76949.10999999999
705,3,1,12,15,58,22421.06,47.14,22373.92
438,22,2,8,4,92,80302.2,140.99,80161.20999999999
148,5,1,5,8,89,58744.45,125.87,58618.58
103,21,2,10,17,95,62704.74999999999,23.24,62681.51
569,9,1,18,16,47,20355.7,99.23,20256.47
554,22,3,10,8,55,48006.75,247.24,47759.51
42,3,2,24,17,65,25127.05,57.51,25069.54
493,17,2,24,2,56,47050.64,229.82,46820.82
27,1,2,5,16,11,7175.85,184.61,6991.240000000001
497,15,3,17,4,19,13174.41,149.89,13024.52
178,11,2,11,4,99,92099.7,151.38,91948.32
724,16,3,10,16,70,45577.7,127.04,45450.66
612,5,2,6,16,84,55444.2,188.43,55255.77
138,28,3,12,16,28,1294.4399999999998,1.91,1292.5299999999995
7,15,1,17,16,94,65178.66,179.94,64998.72
730,15,1,6,4,96,66565.44,94.46,66470.98
330,9,1,11,2,47,20355.7,69.02,20286.68
398,17,1,23,8,59,49571.21000000001,247.57,49323.64000000001
345,30,2,17,15,85,36704.7,53.53,36651.17
21,3,2,11,4,31,11983.67,25.99,11957.68
428,5,2,11,15,40,26402.0,89.83,26312.17
197,43,3,12,2,3,805.83,56.16,749.6700000000001
587,36,3,19,2,32,30448.96,209.49,30239.47
667,11,2,14,8,32,29769.6,249.9,29519.7
730,9,1,9,4,43,18623.3,50.91,18572.39
52,21,1,12,2,26,16961.100000000002,77.92,16883.180000000004
524,16,2,24,17,63,41019.93,16.16,41003.77
109,30,3,18,2,89,38431.98,83.01,38348.97
486,43,3,23,8,74,19877.14,2.46,19874.68
501,28,1,5,4,61,2820.03,9.58,2810.45
730,21,1,9,8,58,2681.34,2.02,2679.32
214,28,2,19,8,89,4114.469999999999,8.71,4105.759999999999
226,5,3,12,17,61,40263.05,158.07,40104.98
730,30,1,5,15,66,28500.12,47.53,28452.59
592,21,3,23,4,25,6715.25,59.38,6655.87
666,24,1,6,17,14,8989.54,159.51,8830.03
524,9,3,12,15,19,8228.9,53.2,8175.7
656,11,2,12,15,62,57678.6,26.22,57652.38
384,7,2,23,4,17,1156.17,10.11,1146.0600000000002
364,22,1,5,16,22,19202.7,103.62,19099.08
411,23,3,9,15,37,36819.81,144.17,36675.64
447,11,2,15,17,37,34421.1,134.01,34287.09
515,16,1,8,15,36,23439.96,59.23,23380.73
420,17,2,24,15,19,15963.61,75.71,15887.9
153,1,1,15,17,2,1304.7,128.58,1176.12
622,36,3,4,15,35,33303.55,37.49,33266.06
730,5,3,4,15,22,14521.1,155.32,14365.78
633,11,2,6,4,66,61399.8,88.28,61311.52
488,13,3,14,17,3,2542.29,47.42,2494.87
730,24,2,12,4,36,23115.96,30.03,23085.93
364,1,3,7,16,76,49578.6,170.11,49408.49
508,43,1,6,17,96,25786.56,39.64,25746.92
723,4,1,18,15,48,17472.48,56.19,17416.29
567,36,2,25,16,42,39964.26,170.97,39793.29
350,1,3,10,8,51,33269.85,76.69,33193.16
608,28,1,3,8,64,2958.72,12.37,2946.35
559,14,2,23,15,37,17060.329999999998,96.71,16963.62
347,43,2,7,15,75,20145.75,64.6,20081.15
635,14,3,9,4,52,23976.68,60.05,23916.63
375,23,3,11,17,90,89561.7,220.64,89341.06
594,28,1,6,17,99,4576.77,8.52,4568.249999999999
372,24,2,4,17,58,37242.38,8.45,37233.93
580,21,1,23,17,30,1386.9,9.85,1377.05
267,11,3,9,16,43,40002.9,80.46,39922.44
95,4,1,8,8,42,15288.42,73.04,15215.38
266,4,2,17,17,37,13468.37,104.8,13363.57
471,36,1,10,8,33,31400.49,219.34,31181.15
78,43,1,23,8,56,15042.16,61.08,14981.08
559,11,2,3,2,16,14884.8,144.14,14740.66
336,24,2,19,17,51,32747.61,48.24,32699.37
626,1,1,5,4,20,13047.0,130.5,12916.5
730,14,1,9,17,1,461.09,48.48,412.61
672,5,2,18,4,76,50163.8,14.73,50149.06999999999
56,31,1,25,17,77,17619.14,51.73,17567.41
459,3,3,9,16,30,11597.1,101.29,11495.81
486,30,2,6,15,81,34977.42,128.54,34848.88
330,21,1,14,2,39,1802.97,3.12,1799.85
288,43,3,12,4,15,4029.15,37.65,3991.5
238,5,2,8,17,46,30362.3,19.02,30343.28
722,24,1,19,17,4,2568.44,114.03,2454.41
730,9,1,9,15,30,12993.0,52.41,12940.59
293,16,1,11,17,36,23439.96,126.94,23313.02
337,7,2,5,4,22,1496.22,19.38,1476.84
317,11,3,15,17,32,29769.6,122.88,29646.72
374,21,2,5,4,42,39072.6,54.67,39017.93
518,22,3,7,4,99,86412.15000000001,117.31,86294.84000000001
89,5,3,25,15,93,61384.65,155.44,61229.20999999999
319,43,3,18,8,64,17191.04,8.08,17182.96
730,9,1,11,15,25,10827.5,111.91,10715.59
264,7,3,18,4,21,1428.21,9.79,1418.42
559,1,1,23,15,38,24789.3,18.28,24771.02
646,21,2,18,17,70,3236.1,4.83,3231.27
620,36,1,21,8,77,73267.81,181.98,73085.83
301,28,3,14,17,42,1941.66,8.39,1933.27
372,22,2,9,2,98,85539.3,219.77,85319.53
282,43,1,19,15,99,26592.390000000003,71.23,26521.160000000003
146,28,2,24,16,90,4160.7,13.21,4147.49
450,21,1,24,17,17,11220.85,65.14,11155.71
296,16,1,24,2,59,38415.49,113.62,38301.87
545,17,1,12,4,31,26045.890000000003,112.32,25933.570000000003
249,31,1,5,15,78,17847.96,67.01,17780.95
647,17,1,17,15,65,54612.350000000006,99.06,54513.29000000001
447,13,1,1,16,26,22033.18,203.33,21829.85
8,36,2,3,8,12,11418.36,233.96,11184.4
730,15,3,1,17,13,9014.07,75.79,8938.279999999999
223,17,3,19,17,16,13443.04,68.68,13374.36
269,30,2,5,4,27,11659.14,14.48,11644.66
495,21,2,21,2,86,23100.460000000003,40.86,23059.6
55,43,3,10,2,86,23100.460000000003,29.14,23071.320000000003
478,3,2,14,16,31,11983.67,22.81,11960.86
193,7,3,10,8,59,4012.59,6.49,4006.1
321,15,2,8,15,82,56857.98,141.92,56716.06
417,15,3,19,2,38,26348.82,201.08,26147.74
446,30,3,14,2,75,32386.5,38.39,32348.11
112,28,3,7,15,68,3143.64,13.4,3130.24
632,28,1,8,4,12,554.76,11.0,543.76
314,5,3,12,17,55,36302.75,138.67,36164.08
20,5,2,1,4,18,11880.9,87.16,11793.74
728,13,2,12,4,44,37286.92,73.67,37213.25
99,23,3,14,16,97,96527.61,202.39,96325.22
488,4,3,5,17,55,20020.55,35.46,19985.09
193,36,3,10,16,58,55188.74,221.96,54966.78
612,17,1,5,16,23,19324.370000000003,113.5,19210.870000000003
384,11,3,3,2,50,46515.0,258.64,46256.36
730,9,3,14,15,85,36813.5,71.64,36741.86
599,4,3,1,15,69,25116.69,54.42,25062.27
354,15,3,24,16,40,27735.6,195.06,27540.54
32,36,2,21,4,10,9515.3,237.04,9278.259999999998
621,14,2,3,2,96,44264.64,77.29,44187.35
183,3,2,12,8,19,7344.83,2.31,7342.519999999999
57,11,3,18,2,25,23257.5,129.64,23127.86
443,14,1,1,4,66,30431.94,110.88,30321.06
379,7,2,3,4,97,6596.97,14.95,6582.02
730,17,3,14,16,11,9242.09,82.61,9159.48
366,14,1,9,17,67,30893.03,40.48,30852.55
717,15,3,5,4,62,42990.18,76.7,42913.48
730,30,2,18,4,93,40159.26,105.05,40054.21
624,11,3,21,2,61,56748.3,26.82,56721.48
723,3,1,1,17,83,32085.31,39.13,32046.18
316,28,1,9,16,71,3282.33,11.94,3270.39
199,31,1,17,8,78,17847.96,23.93,17824.03
597,11,3,24,16,74,68842.2,241.99,68600.20999999999
547,14,2,23,4,81,37348.29,59.52,37288.77
308,15,2,9,16,12,8320.68,19.25,8301.43
503,15,2,19,17,31,21495.09,169.52,21325.57
710,30,1,7,15,99,42750.18,14.91,42735.27
730,28,1,21,15,18,832.14,13.2,818.9399999999999
37,21,3,14,16,36,31422.6,48.08,31374.52
23,28,2,14,4,74,3421.02,0.17,3420.85
7,21,1,14,16,3,2542.29,198.17,2344.12
364,23,1,19,15,50,49756.5,72.5,49684.0
203,23,2,21,15,42,41795.46,84.51,41710.95
605,22,2,12,15,52,45388.2,197.09,45191.11000000001
351,14,1,25,8,98,45186.82,9.02,45177.8
621,5,1,14,15,94,62044.7,34.32,62010.38
351,11,2,14,2,54,50236.2,265.1,49971.1
145,7,1,21,15,28,1904.28,10.64,1893.64
257,17,2,9,4,40,33607.600000000006,99.71,33507.89000000001
409,24,3,25,16,47,30179.17,19.28,30159.890000000003
427,21,1,15,4,35,29406.65,237.62,29169.03
166,5,3,10,2,82,54124.1,150.34,53973.76
176,21,3,7,17,10,2686.1000000000004,70.24,2615.8600000000006
550,24,2,18,17,47,30179.17,30.77,30148.4
507,1,1,24,17,67,43707.45,61.0,43646.45
730,4,1,17,17,79,28756.79,61.55,28695.24
699,23,2,21,17,76,75629.88,161.96,75467.92
497,36,1,4,2,73,69461.69,225.85,69235.84
730,21,1,4,8,54,20874.78,32.17,20842.61
730,31,1,23,2,63,14415.66,39.67,14375.99
730,16,1,23,16,30,19533.3,118.82,19414.48
122,16,1,19,2,93,60553.23,103.4,60449.83
194,31,1,18,17,90,20593.8,49.58,20544.22
709,4,3,4,4,13,4732.13,84.19,4647.9400000000005
726,9,2,19,17,67,29017.7,22.76,28994.94
363,9,1,5,2,86,37246.6,31.32,37215.28
616,23,1,17,15,82,81600.66,98.28,81502.38
626,23,2,5,17,73,72644.49,0.56,72643.93000000001
363,13,1,4,16,17,14406.31,143.37,14262.94
538,22,3,23,15,53,46261.05,191.89,46069.16
16,30,2,8,2,4,1727.28,103.5,1623.78
16,21,3,7,2,86,39653.74,32.4,39621.34
730,15,1,5,8,19,13174.41,183.32,12991.09
423,36,1,10,2,84,79928.52,187.07,79741.45
551,15,2,15,16,84,58244.76,198.39,58046.37
721,22,1,17,16,46,40151.1,209.22,39941.88
677,22,1,3,8,45,39278.25,147.49,39130.76
36,13,1,9,8,4,3389.72,156.98,3232.74
409,13,3,3,8,47,39829.21,138.56,39690.65
182,22,2,9,8,26,22694.1,42.44,22651.660000000003
715,31,1,4,8,48,10983.36,46.34,10937.02
625,21,3,17,16,56,35958.16,93.01,35865.15
617,16,1,12,17,9,5859.99,49.08,5810.91
533,7,1,23,16,35,2380.3500000000004,14.78,2365.57
730,28,1,19,8,47,2172.81,8.68,2164.13
57,21,1,14,2,8,5136.88,7.09,5129.79
618,7,1,6,17,38,2584.38,18.17,2566.21
369,9,2,19,16,60,25986.0,40.79,25945.21
392,5,2,19,16,39,25741.95,150.23,25591.72
228,3,1,19,8,9,3479.13,69.32,3409.81
426,3,1,19,4,85,32858.45,99.53,32758.92
90,24,2,1,16,62,39810.82,181.8,39629.02
440,23,1,15,16,54,53737.02,151.65,53585.37
371,7,3,3,4,32,2176.32,3.43,2172.8900000000003
649,16,3,23,2,89,57948.79,156.3,57792.49
614,21,3,18,8,48,31253.28,105.95,31147.33
650,3,3,3,8,96,37110.72,47.97,37062.75
659,23,1,6,16,66,65678.58,107.15,65571.43000000001
288,1,3,7,15,29,18918.15,172.46,18745.69
621,28,1,17,16,98,4530.54,6.78,4523.76
591,31,2,8,8,48,10983.36,18.19,10965.17
16,13,2,23,15,65,55082.95,5.72,55077.23
9,31,1,17,2,31,7093.42,52.45,7040.97
181,15,1,11,16,19,13174.41,129.77,13044.64
254,9,2,25,16,42,18190.2,11.5,18178.7
286,43,3,7,2,39,10475.79,68.96,10406.830000000002
284,4,3,21,16,82,29848.82,37.78,29811.04
545,17,3,23,16,68,57132.920000000006,72.87,57060.05
275,11,2,21,8,46,42793.8,79.61,42714.19
109,23,1,18,4,24,23883.12,182.87,23700.25
398,3,2,19,4,36,13916.52,44.88,13871.64
30,31,3,4,16,36,8237.52,16.88,8220.640000000001
315,17,2,5,8,18,15123.420000000002,238.06,14885.360000000002
9,16,3,18,16,35,22788.85,112.95,22675.9
157,22,1,17,4,10,8728.5,190.7,8537.8
687,21,1,9,4,3,1953.33,35.05,1918.28
617,22,1,23,15,29,25312.65,30.1,25282.550000000003
502,31,3,7,2,92,21051.44,35.63,21015.81
74,24,1,7,15,95,61000.45,129.72,60870.73
730,23,2,8,2,82,81600.66,194.63,81406.03
454,43,1,23,8,14,3760.54,73.04,3687.5
178,21,3,19,15,31,11284.31,82.33,11201.98
411,13,3,8,17,59,49998.37,109.64,49888.73
395,23,2,10,8,78,77620.14,232.76,77387.38
462,7,3,3,2,29,1972.29,13.5,1958.79
730,3,2,17,16,51,19715.07,37.05,19678.02
301,17,1,23,15,30,25205.7,193.61,25012.09
242,14,1,21,8,94,43342.46,25.87,43316.59
730,13,1,19,15,55,46608.65,251.92,46356.73
368,30,1,25,15,12,5181.84,77.83,5104.01
589,21,3,24,8,12,2745.84,60.96,2684.88
284,21,1,12,17,81,37348.29,79.53,37268.76
391,30,3,18,2,19,8204.58,55.72,8148.86
730,3,3,21,8,63,24353.91,86.64,24267.27
659,1,1,18,8,10,6523.5,191.58,6331.92
315,11,3,10,4,46,42793.8,255.73,42538.06999999999
273,5,3,24,2,35,23101.75,60.18,23041.57
343,13,1,21,8,18,15253.74,62.14,15191.6
141,43,3,1,15,19,5103.59,28.56,5075.03
307,1,2,5,15,33,21527.55,64.98,21462.57
730,15,3,10,4,93,64485.27,37.24,64448.03
291,43,2,8,2,23,6178.030000000001,11.95,6166.080000000001
198,3,3,11,16,56,21647.92,78.74,21569.18
441,3,1,9,15,57,22034.49,114.08,21920.41
613,13,2,1,15,56,47456.08,130.95,47325.13
308,21,1,24,15,36,23115.96,117.06,22998.9
72,5,3,8,2,26,17161.3,178.4,16982.899999999998
610,24,1,19,16,30,19263.3,133.14,19130.16
19,11,1,3,15,59,54887.7,217.2,54670.5
690,3,2,11,4,87,33631.59,88.77,33542.82
690,3,2,11,4,87,33631.59,88.77,33542.82
690,3,2,11,4,87,33631.59,88.77,33542.82
690,3,2,11,4,87,33631.59,88.77,33542.82
690,3,2,11,4,87,33631.59,88.77,33542.82
690,3,2,11,4,87,33631.59,88.77,33542.82
690,3,2,11,4,87,33631.59,88.77,33542.82
690,3,2,11,4,87,33631.59,88.77,33542.82
690,3,2,11,4,87,33631.59,88.77,33542.82
690,3,2,11,4,87,33631.59,88.77,33542.82
690,3,2,11,4,87,33631.59,88.77,33542.82
